0.031341437,0.008846832,0.011936603,0.013535957,0.013661879,0.013661879,0.013661879,0.013661879,0.013661879,0.013661879,0.013661879,0.013661879,0.013661879,0.013661879,0.013661879,0.013661879,0.013661879,0.013661879,0.013661879,0.013661879,0.013661879,0.013661879,0.013661879,0.013661879,0.013661879,0.013661879,0.013661879,0.013661879,0.013661879,0.013661879,0.013661879,0.013661879,0.013661879,0.013661879,0.013661879,0.013661879,0.013661879,0.013661879,0.013661879,0.013661879,0.013661879,0.013661879,0.013661879,0.013661879,0.013661879,0.013661879,0.013661879,0.013661879,0.013661879,0.013661879,0.013661879,0.013661879,0.013661879,0.013661879,0.013661879,0.013661879,0.013661879,0.013661879,0.013661879,0.013661879,0.013661879,0.013661879,0.013661879,0.013661879,0.013661879,0.013661879,0.013661879,0.013661879,0.013661879,0.013661879,0.013661879,0.013661879,0.013661879,0.013661879,0.013661879,0.013661879,0.013661879,0.013661879,0.013661879,0.013661879,0.013661879,0.013661879,0.013661879,0.013661879,0.013661879,0.013661879,0.013661879,0.013661879,0.013661879,0.013661879,0.013661879,0.013661879,0.013661879,0.013661879,0.013661879,0.013661879,0.013661879,0.013661879,0.013661879,0.013661879,0.013661879,0.013661879,0.013661879,0.013661879,0.013661879,0.013661879,0.013661879,0.013661879,0.013661879,0.013661879,0.013661879,0.013661879,0.013661879,0.013661879,0.013661879,0.013661879,0.013661879,0.013661879,0.013661879,0.013661879,0.013661879,0.013661879,0.013661879,0.013661879,0.013661879,0.013661879,0.013661879,0.013661879,0.013661879,0.013661879,0.013661879,0.013661879,0.013661879,0.013661879,0.013661879,0.013661879,0.013661879,0.013661879,0.013661879,0.013661879,0.013661879,0.013661879,0.013661879,0.013661879,0.013661879,0.013661879,0.013661879,0.013661879,0.013661879,0.013661879,0.0136618735,0.0136618735,0.013661879,0.013661879,0.013661879,0.013661879,0.013661879,0.013661885,0.013661879,0.013661879,0.013661885,0.013661892,0.013661892,0.013661892,0.013661905,0.013661911,0.01366193,0.013661956,0.013661976,0.013662008,0.013662053,0.0136621045,0.013662174,0.013662251,0.013662348,0.013662452,0.013662585,0.013662721,0.013662875,0.013663048,0.013663222,0.013663408,0.013663581,0.013663749,0.013663897,0.013664026,0.01366414,0.013664212,0.013664269,0.0136643145,0.013664328,0.013664346,0.013664379,0.013664456,0.013664584,0.013664776,0.01366506,0.013665427,0.013665863,0.013666383,0.01366695,0.013667502,0.013667901,0.013667875,0.013666918,0.013664642,0.013661294,0.013658474,0.013658519,0.013662675,0.013669181,0.013673822,0.01367289,0.013666043,0.013656187,0.013646858,0.0136400685,0.013636175,0.013634635,0.01363479,0.013635746,0.013636592,0.0136360265,0.01363404,0.013628782,0.013636573,0.013682025,0.013814255,0.014047584,0.014332045,0.014648512,0.015013774,0.015082194,0.014919273,0.01452514,0.014164087,0.013779876,0.013550347,0.01345944,0.013462492,0.013518382,0.013567376,0.0136072105,0.013632514,0.013646736,0.013654093,0.013658256,0.01366267,0.013663248,0.013666429,0.013686517,0.0137198875,0.01438857,0.0117879985,0.0100657875,0.0322419
0.012803258,0.0028878218,0.0044331485,0.005590582,0.0055646133,0.0055646133,0.0055646133,0.0055646133,0.0055646133,0.0055646133,0.0055646133,0.0055646133,0.0055646133,0.0055646133,0.0055646133,0.0055646133,0.0055646133,0.0055646133,0.0055646133,0.0055646133,0.0055646133,0.0055646133,0.0055646133,0.0055646133,0.0055646133,0.0055646133,0.0055646133,0.0055646133,0.0055646133,0.0055646133,0.0055646133,0.0055646133,0.0055646133,0.0055646133,0.0055646133,0.0055646133,0.0055646133,0.0055646133,0.0055646133,0.0055646133,0.0055646133,0.0055646133,0.0055646133,0.0055646133,0.0055646133,0.0055646133,0.0055646133,0.0055646133,0.0055646133,0.0055646133,0.0055646133,0.0055646133,0.0055646133,0.0055646133,0.0055646133,0.0055646133,0.0055646133,0.0055646133,0.0055646133,0.0055646133,0.0055646133,0.0055646133,0.0055646133,0.0055646133,0.0055646133,0.0055646133,0.0055646133,0.0055646133,0.0055646133,0.0055646133,0.0055646133,0.0055646133,0.0055646133,0.0055646133,0.0055646133,0.0055646133,0.0055646133,0.0055646133,0.0055646133,0.0055646133,0.0055646133,0.0055646133,0.0055646133,0.0055646133,0.0055646133,0.0055646133,0.0055646133,0.0055646133,0.0055646133,0.0055646133,0.0055646133,0.0055646133,0.0055646133,0.0055646133,0.0055646133,0.0055646133,0.0055646133,0.0055646133,0.0055646133,0.0055646133,0.0055646133,0.0055646133,0.0055646133,0.0055646133,0.0055646133,0.0055646133,0.0055646133,0.0055646133,0.0055646133,0.0055646133,0.0055646133,0.0055646133,0.0055646133,0.0055646133,0.0055646133,0.0055646133,0.0055646133,0.0055646133,0.0055646133,0.0055646133,0.0055646133,0.0055646133,0.0055646133,0.0055646133,0.0055646133,0.0055646133,0.0055646133,0.0055646133,0.0055646133,0.0055646133,0.0055646133,0.0055646133,0.0055646133,0.0055646133,0.0055646133,0.0055646133,0.0055646133,0.0055646133,0.0055646133,0.0055646133,0.0055646133,0.0055646133,0.0055646133,0.0055646133,0.0055646133,0.0055646133,0.0055646133,0.0055646133,0.0055646133,0.0055646133,0.0055646133,0.0055646133,0.005564616,0.005564616,0.005564616,0.005564616,0.005564616,0.005564616,0.005564616,0.005564624,0.0055646296,0.005564634,0.005564648,0.0055646584,0.005564682,0.0055647083,0.0055647483,0.0055648005,0.005564864,0.0055649457,0.0055650617,0.005565199,0.005565373,0.005565587,0.005565851,0.0055661653,0.0055665346,0.0055669653,0.005567464,0.0055680266,0.0055686547,0.0055693467,0.0055700913,0.005570889,0.005571721,0.0055725854,0.0055734655,0.005574345,0.005575215,0.0055760667,0.005576902,0.0055777295,0.00557855,0.005579404,0.0055803275,0.005581362,0.0055825845,0.005584052,0.0055858498,0.005588052,0.0055907336,0.005593921,0.0055975635,0.005601451,0.0056051733,0.0056082592,0.0056106644,0.005613259,0.005617527,0.005624235,0.005632019,0.005637654,0.0056383014,0.0056336834,0.005625966,0.0056177243,0.0056102998,0.005603829,0.0055980654,0.005592876,0.005588266,0.005584118,0.005580492,0.0055782907,0.0055810474,0.0055975905,0.0056472938,0.0057557863,0.005927365,0.0061240173,0.0063409284,0.006528259,0.00661444,0.006386472,0.0060701356,0.0057546427,0.005577719,0.0054710363,0.005443474,0.0054547843,0.0054773963,0.0055072443,0.005530799,0.005547407,0.0055573145,0.005563039,0.005567326,0.0055722864,0.0055781477,0.00559238,0.005614909,0.0056588645,0.006219197,0.004809378,0.0047310153,0.012846925
0.012643258,0.0026709079,0.004905031,0.00603846,0.0059267157,0.0059267157,0.0059267157,0.0059267157,0.0059267157,0.0059267157,0.0059267157,0.0059267157,0.0059267157,0.0059267157,0.0059267157,0.0059267157,0.0059267157,0.0059267157,0.0059267157,0.0059267157,0.0059267157,0.0059267157,0.0059267157,0.0059267157,0.0059267157,0.0059267157,0.0059267157,0.0059267157,0.0059267157,0.0059267157,0.0059267157,0.0059267157,0.0059267157,0.0059267157,0.0059267157,0.0059267157,0.0059267157,0.0059267157,0.0059267157,0.0059267157,0.0059267157,0.0059267157,0.0059267157,0.0059267157,0.0059267157,0.0059267157,0.0059267157,0.0059267157,0.0059267157,0.0059267157,0.0059267157,0.0059267157,0.0059267157,0.0059267157,0.0059267157,0.0059267157,0.0059267157,0.0059267157,0.0059267157,0.0059267157,0.0059267157,0.0059267157,0.0059267157,0.0059267157,0.0059267157,0.0059267157,0.0059267157,0.0059267157,0.0059267157,0.0059267157,0.0059267157,0.0059267157,0.0059267157,0.0059267157,0.0059267157,0.0059267157,0.0059267157,0.0059267157,0.0059267157,0.0059267157,0.0059267157,0.0059267157,0.0059267157,0.0059267157,0.0059267157,0.0059267157,0.0059267157,0.0059267157,0.0059267157,0.0059267157,0.0059267157,0.0059267157,0.0059267157,0.0059267157,0.0059267157,0.0059267157,0.0059267157,0.0059267157,0.0059267157,0.0059267157,0.0059267157,0.0059267157,0.0059267157,0.0059267157,0.0059267157,0.0059267157,0.0059267157,0.0059267157,0.0059267157,0.0059267157,0.0059267157,0.0059267157,0.0059267157,0.0059267157,0.0059267157,0.0059267157,0.0059267157,0.0059267157,0.0059267157,0.0059267157,0.0059267157,0.0059267157,0.0059267157,0.0059267157,0.0059267157,0.0059267157,0.0059267157,0.0059267157,0.0059267157,0.0059267157,0.0059267157,0.0059267157,0.0059267157,0.0059267157,0.0059267157,0.0059267157,0.0059267157,0.0059267157,0.0059267157,0.0059267157,0.0059267157,0.0059267157,0.0059267157,0.0059267157,0.0059267157,0.0059267157,0.0059267157,0.0059267157,0.0059267157,0.0059267157,0.0059267157,0.0059267157,0.0059267157,0.0059267157,0.0059267185,0.0059267185,0.0059267185,0.0059267185,0.0059267217,0.005926728,0.0059267357,0.005926747,0.005926761,0.005926783,0.005926803,0.005926848,0.0059268987,0.005926969,0.0059270645,0.0059271883,0.0059273485,0.005927548,0.0059278,0.005928115,0.0059285,0.0059289583,0.0059295064,0.0059301527,0.0059309034,0.005931755,0.0059327167,0.0059337853,0.0059349476,0.005936205,0.0059375362,0.0059389262,0.005940351,0.0059417873,0.005943213,0.00594461,0.0059459684,0.0059472844,0.0059485678,0.0059498535,0.0059512043,0.0059526945,0.0059544295,0.0059565357,0.0059591536,0.005962439,0.0059665414,0.0059715495,0.0059774164,0.00598382,0.005990026,0.0059951926,0.005999138,0.0060036466,0.0060102465,0.0060203965,0.006035925,0.0060516507,0.0060585584,0.0060545225,0.006044731,0.0060323556,0.0060200514,0.0060086916,0.005997927,0.0059877667,0.005978213,0.0059689404,0.0059593,0.005948748,0.0059385323,0.0059344745,0.0059456583,0.0059788763,0.006031378,0.0060690856,0.0061013484,0.006091932,0.006052342,0.0058775297,0.005717183,0.0056226915,0.005617514,0.005663285,0.0057306327,0.005794695,0.0058420543,0.0058750473,0.0058970028,0.00591182,0.0059201517,0.0059242896,0.0059265615,0.005928559,0.0059300913,0.005940191,0.0059660096,0.006012685,0.0065705585,0.004884038,0.0045105377,0.013431673
0.013999926,0.00317981,0.0059654894,0.0075384667,0.0071952012,0.0071952012,0.0071952012,0.0071952012,0.0071952012,0.0071952012,0.0071952012,0.0071952012,0.0071952012,0.0071952012,0.0071952012,0.0071952012,0.0071952012,0.0071952012,0.0071952012,0.0071952012,0.0071952012,0.0071952012,0.0071952012,0.0071952012,0.0071952012,0.0071952012,0.0071952012,0.0071952012,0.0071952012,0.0071952012,0.0071952012,0.0071952012,0.0071952012,0.0071952012,0.0071952012,0.0071952012,0.0071952012,0.0071952012,0.0071952012,0.0071952012,0.0071952012,0.0071952012,0.0071952012,0.0071952012,0.0071952012,0.0071952012,0.0071952012,0.0071952012,0.0071952012,0.0071952012,0.0071952012,0.0071952012,0.0071952012,0.0071952012,0.0071952012,0.0071952012,0.0071952012,0.0071952012,0.0071952012,0.0071952012,0.0071952012,0.0071952012,0.0071952012,0.0071952012,0.0071952012,0.0071952012,0.0071952012,0.0071952012,0.0071952012,0.0071952012,0.0071952012,0.0071952012,0.0071952012,0.0071952012,0.0071952012,0.0071952012,0.0071952012,0.0071952012,0.0071952012,0.0071952012,0.0071952012,0.0071952012,0.0071952012,0.0071952012,0.0071952012,0.0071952012,0.0071952012,0.0071952012,0.0071952012,0.0071952012,0.0071952012,0.0071952012,0.0071952012,0.0071952012,0.0071952012,0.0071952012,0.0071952012,0.0071952012,0.0071952012,0.0071952012,0.0071952012,0.0071952012,0.0071952012,0.0071952012,0.0071952012,0.0071952012,0.0071952012,0.0071952012,0.0071952012,0.0071952012,0.0071952012,0.0071952012,0.0071952012,0.0071952012,0.0071952012,0.0071952012,0.0071952012,0.0071952012,0.0071952012,0.0071952012,0.0071952012,0.0071952012,0.0071952012,0.0071952012,0.0071952012,0.0071952012,0.0071952012,0.0071952012,0.0071952012,0.0071952012,0.0071952012,0.0071952012,0.0071952012,0.0071952012,0.0071952012,0.0071952012,0.0071952012,0.0071952012,0.0071952012,0.0071952012,0.0071952012,0.0071952012,0.0071952012,0.0071952012,0.0071952012,0.0071952012,0.0071952012,0.0071952012,0.0071952012,0.0071952012,0.007195198,0.007195198,0.007195205,0.007195205,0.007195205,0.007195205,0.0071952012,0.007195205,0.0071952115,0.007195215,0.0071952287,0.007195239,0.0071952627,0.0071952897,0.0071953274,0.007195385,0.0071954564,0.0071955556,0.0071956916,0.0071958625,0.0071960837,0.0071963696,0.0071967207,0.007197164,0.0071977023,0.0071983594,0.0071991333,0.007200054,0.0072011203,0.007202344,0.0072037317,0.0072052665,0.0072069624,0.007208788,0.0072107306,0.007212751,0.0072148275,0.0072169076,0.0072189546,0.0072209304,0.007222814,0.0072245887,0.007226265,0.0072278865,0.007229542,0.007231343,0.007233456,0.0072360714,0.007239423,0.0072437455,0.0072492687,0.007256149,0.0072643077,0.0072732163,0.007281732,0.007288484,0.007293322,0.0072996295,0.0073138545,0.0073317583,0.007363456,0.0073921075,0.0074104983,0.0073968773,0.0073777656,0.0073549487,0.007333702,0.007313737,0.0072955983,0.007279282,0.007264693,0.007251228,0.0072377403,0.0072226874,0.0072051305,0.00718517,0.007163141,0.007136863,0.007104285,0.0070523764,0.006998027,0.006909441,0.006823697,0.0066820374,0.0066079833,0.0066039837,0.006695787,0.006803329,0.006913542,0.0070004836,0.0070652203,0.0071140593,0.007149951,0.007172979,0.0071852757,0.007190717,0.0071925344,0.007192449,0.007191098,0.0072046733,0.007244514,0.0072791814,0.0077012894,0.0058194576,0.0051600514,0.01442749
0.01278893,0.0029618305,0.005917284,0.007370907,0.007046912,0.007046912,0.007046912,0.007046912,0.007046912,0.007046912,0.007046912,0.007046912,0.007046912,0.007046912,0.007046912,0.007046912,0.007046912,0.007046912,0.007046912,0.007046912,0.007046912,0.007046912,0.007046912,0.007046912,0.007046912,0.007046912,0.007046912,0.007046912,0.007046912,0.007046912,0.007046912,0.007046912,0.007046912,0.007046912,0.007046912,0.007046912,0.007046912,0.007046912,0.007046912,0.007046912,0.007046912,0.007046912,0.007046912,0.007046912,0.007046912,0.007046912,0.007046912,0.007046912,0.007046912,0.007046912,0.007046912,0.007046912,0.007046912,0.007046912,0.007046912,0.007046912,0.007046912,0.007046912,0.007046912,0.007046912,0.007046912,0.007046912,0.007046912,0.007046912,0.007046912,0.007046912,0.007046912,0.007046912,0.007046912,0.007046912,0.007046912,0.007046912,0.007046912,0.007046912,0.007046912,0.007046912,0.007046912,0.007046912,0.007046912,0.007046912,0.007046912,0.007046912,0.007046912,0.007046912,0.007046912,0.007046912,0.007046912,0.007046912,0.007046912,0.007046912,0.007046912,0.007046912,0.007046912,0.007046912,0.007046912,0.007046912,0.007046912,0.007046912,0.007046912,0.007046912,0.007046912,0.007046912,0.007046912,0.007046912,0.007046912,0.007046912,0.007046912,0.007046912,0.007046912,0.007046912,0.007046912,0.007046912,0.007046912,0.007046912,0.007046912,0.007046912,0.007046912,0.007046912,0.007046912,0.007046912,0.007046912,0.007046912,0.007046912,0.007046912,0.007046912,0.007046912,0.007046912,0.007046912,0.007046912,0.007046912,0.007046912,0.007046912,0.007046912,0.007046912,0.007046912,0.007046912,0.007046912,0.007046912,0.007046912,0.007046912,0.007046912,0.007046912,0.007046912,0.007046912,0.007046912,0.007046912,0.007046912,0.007046912,0.007046912,0.007046912,0.0070469156,0.0070469156,0.007046912,0.007046912,0.0070469156,0.0070469156,0.007046919,0.007046919,0.007046922,0.0070469324,0.007046942,0.007046959,0.0070469826,0.0070470157,0.007047059,0.007047123,0.007047206,0.00704732,0.007047466,0.00704766,0.007047907,0.007048227,0.007048631,0.0070491214,0.007049733,0.0070504667,0.007051348,0.007052386,0.0070535988,0.0070549943,0.007056578,0.0070583555,0.007060311,0.0070624314,0.0070646815,0.0070670303,0.0070694294,0.007071827,0.0070741577,0.007076375,0.007078429,0.0070802863,0.007081959,0.007083481,0.0070849536,0.007086511,0.0070883525,0.0070907054,0.0070938454,0.0070980717,0.007103656,0.0071107927,0.0071194265,0.0071289646,0.0071381237,0.007145495,0.007151343,0.007161873,0.007185663,0.007223946,0.007262647,0.007298766,0.007321008,0.0073013087,0.0072825593,0.0072495914,0.0072183874,0.007187739,0.007161114,0.0071386714,0.00712006,0.0071043484,0.007090064,0.00707534,0.007058209,0.007036716,0.007009087,0.0069729425,0.006926653,0.0068693743,0.006811853,0.006737011,0.0066805943,0.0066047846,0.0065883584,0.006604816,0.00667065,0.00674722,0.006822569,0.0068858447,0.006938274,0.0069807954,0.007011059,0.0070296433,0.007039152,0.007042903,0.0070432867,0.007041172,0.007033672,0.007028765,0.007037279,0.007063648,0.007443583,0.0056319423,0.0050441795,0.014362847
0.01278893,0.0029618305,0.005917284,0.007370907,0.007046912,0.007046912,0.007046912,0.007046912,0.007046912,0.007046912,0.007046912,0.007046912,0.007046912,0.007046912,0.007046912,0.007046912,0.007046912,0.007046912,0.007046912,0.007046912,0.007046912,0.007046912,0.007046912,0.007046912,0.007046912,0.007046912,0.007046912,0.007046912,0.007046912,0.007046912,0.007046912,0.007046912,0.007046912,0.007046912,0.007046912,0.007046912,0.007046912,0.007046912,0.007046912,0.007046912,0.007046912,0.007046912,0.007046912,0.007046912,0.007046912,0.007046912,0.007046912,0.007046912,0.007046912,0.007046912,0.007046912,0.007046912,0.007046912,0.007046912,0.007046912,0.007046912,0.007046912,0.007046912,0.007046912,0.007046912,0.007046912,0.007046912,0.007046912,0.007046912,0.007046912,0.007046912,0.007046912,0.007046912,0.007046912,0.007046912,0.007046912,0.007046912,0.007046912,0.007046912,0.007046912,0.007046912,0.007046912,0.007046912,0.007046912,0.007046912,0.007046912,0.007046912,0.007046912,0.007046912,0.007046912,0.007046912,0.007046912,0.007046912,0.007046912,0.007046912,0.007046912,0.007046912,0.007046912,0.007046912,0.007046912,0.007046912,0.007046912,0.007046912,0.007046912,0.007046912,0.007046912,0.007046912,0.007046912,0.007046912,0.007046912,0.007046912,0.007046912,0.007046912,0.007046912,0.007046912,0.007046912,0.007046912,0.007046912,0.007046912,0.007046912,0.007046912,0.007046912,0.007046912,0.007046912,0.007046912,0.007046912,0.007046912,0.007046912,0.007046912,0.007046912,0.007046912,0.007046912,0.007046912,0.007046912,0.007046912,0.007046912,0.007046912,0.007046912,0.007046912,0.007046912,0.007046912,0.007046912,0.007046912,0.007046912,0.007046912,0.007046912,0.007046912,0.007046912,0.007046912,0.007046912,0.007046912,0.007046912,0.007046912,0.007046912,0.007046912,0.0070469156,0.0070469156,0.007046912,0.007046912,0.0070469156,0.0070469156,0.007046919,0.007046919,0.0070469286,0.0070469356,0.0070469524,0.007046972,0.007046999,0.0070470395,0.0070470953,0.0070471726,0.0070472728,0.00704741,0.007047593,0.0070478236,0.007048127,0.0070485175,0.0070490045,0.0070496053,0.007050346,0.007051248,0.0070523266,0.0070536053,0.007055105,0.0070568416,0.007058827,0.007061067,0.007063548,0.007066244,0.0070691183,0.007072115,0.0070751756,0.0070782215,0.0070811706,0.0070839347,0.00708643,0.0070886007,0.0070904368,0.007091978,0.0070933416,0.0070947055,0.007096318,0.0070984955,0.0071015945,0.0071059936,0.007112086,0.007120164,0.0071302545,0.0071418723,0.007153869,0.007165159,0.007176783,0.007198148,0.0072377264,0.007304115,0.0073576053,0.0074031046,0.007428151,0.007430989,0.0074030883,0.0073541203,0.0072982814,0.0072452817,0.007200578,0.0071647824,0.0071369275,0.007115218,0.007097514,0.00708157,0.00706514,0.0070459484,0.00702162,0.0069905827,0.006952584,0.006909231,0.0068720262,0.006836211,0.0068284455,0.0068141697,0.0068084667,0.0068195933,0.0068398374,0.006868971,0.006902864,0.006937025,0.006971698,0.0070013483,0.007022634,0.007035434,0.007041682,0.0070436294,0.0070426627,0.007038889,0.007027783,0.007012539,0.00699648,0.0069948477,0.0073905676,0.005615362,0.005037583,0.014371282
0.01278893,0.0029618305,0.005917284,0.007370907,0.007046912,0.007046912,0.007046912,0.007046912,0.007046912,0.007046912,0.007046912,0.007046912,0.007046912,0.007046912,0.007046912,0.007046912,0.007046912,0.007046912,0.007046912,0.007046912,0.007046912,0.007046912,0.007046912,0.007046912,0.007046912,0.007046912,0.007046912,0.007046912,0.007046912,0.007046912,0.007046912,0.007046912,0.007046912,0.007046912,0.007046912,0.007046912,0.007046912,0.007046912,0.007046912,0.007046912,0.007046912,0.007046912,0.007046912,0.007046912,0.007046912,0.007046912,0.007046912,0.007046912,0.007046912,0.007046912,0.007046912,0.007046912,0.007046912,0.007046912,0.007046912,0.007046912,0.007046912,0.007046912,0.007046912,0.007046912,0.007046912,0.007046912,0.007046912,0.007046912,0.007046912,0.007046912,0.007046912,0.007046912,0.007046912,0.007046912,0.007046912,0.007046912,0.007046912,0.007046912,0.007046912,0.007046912,0.007046912,0.007046912,0.007046912,0.007046912,0.007046912,0.007046912,0.007046912,0.007046912,0.007046912,0.007046912,0.007046912,0.007046912,0.007046912,0.007046912,0.007046912,0.007046912,0.007046912,0.007046912,0.007046912,0.007046912,0.007046912,0.007046912,0.007046912,0.007046912,0.007046912,0.007046912,0.007046912,0.007046912,0.007046912,0.007046912,0.007046912,0.007046912,0.007046912,0.007046912,0.007046912,0.007046912,0.007046912,0.007046912,0.007046912,0.007046912,0.007046912,0.007046912,0.007046912,0.007046912,0.007046912,0.007046912,0.007046912,0.007046912,0.007046912,0.007046912,0.007046912,0.007046912,0.007046912,0.007046912,0.007046912,0.007046912,0.007046912,0.007046912,0.007046912,0.007046912,0.007046912,0.007046912,0.007046912,0.007046912,0.007046912,0.007046912,0.007046912,0.007046912,0.007046912,0.007046912,0.007046912,0.007046912,0.007046912,0.007046912,0.007046912,0.007046912,0.0070469156,0.0070469156,0.007046919,0.007046919,0.007046919,0.007046926,0.0070469324,0.0070469454,0.007046962,0.0070469826,0.0070470255,0.007047069,0.0070471396,0.0070472327,0.007047356,0.007047523,0.0070477463,0.007048037,0.0070484076,0.0070488774,0.007049476,0.0070502097,0.0070511214,0.0070522265,0.007053562,0.0070551485,0.007057023,0.0070592146,0.0070617455,0.0070646186,0.007067823,0.007071325,0.0070750588,0.0070789615,0.0070829447,0.007086897,0.0070907054,0.007094235,0.0070973462,0.0070999474,0.0071019907,0.0071035214,0.007104668,0.007105671,0.0071068443,0.0071086152,0.007111439,0.0071158274,0.0071222954,0.007131284,0.0071430393,0.007157362,0.0071736854,0.0071918983,0.00721451,0.0072542527,0.0073247408,0.0074187284,0.007513873,0.0075658862,0.007638382,0.0076395455,0.007607205,0.0075220177,0.00742574,0.0073352223,0.0072607426,0.0072034355,0.0071608797,0.007129528,0.0071060136,0.007087584,0.007071944,0.007056655,0.007038896,0.0070164185,0.006989477,0.006960677,0.006940006,0.0069295494,0.0069352747,0.0069494005,0.006957583,0.0069565913,0.006955139,0.0069549507,0.0069635883,0.0069798725,0.007000291,0.0070188344,0.007032283,0.0070402357,0.00704383,0.0070443866,0.007042529,0.007037882,0.0070270044,0.0070120874,0.0070033083,0.007012788,0.007418212,0.0056503867,0.0050502014,0.014479431
0.01278893,0.0029618305,0.005917284,0.007370907,0.007046912,0.007046912,0.007046912,0.007046912,0.007046912,0.007046912,0.007046912,0.007046912,0.007046912,0.007046912,0.007046912,0.007046912,0.007046912,0.007046912,0.007046912,0.007046912,0.007046912,0.007046912,0.007046912,0.007046912,0.007046912,0.007046912,0.007046912,0.007046912,0.007046912,0.007046912,0.007046912,0.007046912,0.007046912,0.007046912,0.007046912,0.007046912,0.007046912,0.007046912,0.007046912,0.007046912,0.007046912,0.007046912,0.007046912,0.007046912,0.007046912,0.007046912,0.007046912,0.007046912,0.007046912,0.007046912,0.007046912,0.007046912,0.007046912,0.007046912,0.007046912,0.007046912,0.007046912,0.007046912,0.007046912,0.007046912,0.007046912,0.007046912,0.007046912,0.007046912,0.007046912,0.007046912,0.007046912,0.007046912,0.007046912,0.007046912,0.007046912,0.007046912,0.007046912,0.007046912,0.007046912,0.007046912,0.007046912,0.007046912,0.007046912,0.007046912,0.007046912,0.007046912,0.007046912,0.007046912,0.007046912,0.007046912,0.007046912,0.007046912,0.007046912,0.007046912,0.007046912,0.007046912,0.007046912,0.007046912,0.007046912,0.007046912,0.007046912,0.007046912,0.007046912,0.007046912,0.007046912,0.007046912,0.007046912,0.007046912,0.007046912,0.007046912,0.007046912,0.007046912,0.007046912,0.007046912,0.007046912,0.007046912,0.007046912,0.007046912,0.007046912,0.007046912,0.007046912,0.007046912,0.007046912,0.007046912,0.007046912,0.007046912,0.007046912,0.007046912,0.007046912,0.007046912,0.007046912,0.007046912,0.007046912,0.007046912,0.007046912,0.007046912,0.007046912,0.007046912,0.007046912,0.007046912,0.007046912,0.007046912,0.007046912,0.007046912,0.007046912,0.007046912,0.007046912,0.007046912,0.007046912,0.007046912,0.007046912,0.007046912,0.007046912,0.007046912,0.007046912,0.007046912,0.0070469156,0.0070469156,0.007046919,0.007046919,0.007046919,0.0070469286,0.0070469384,0.0070469524,0.0070469757,0.007047002,0.0070470492,0.007047109,0.0070471894,0.007047303,0.00704746,0.0070476667,0.0070479335,0.007048287,0.007048744,0.0070493217,0.0070500458,0.007050951,0.0070520663,0.0070534283,0.007055075,0.007057059,0.0070594116,0.0070621967,0.007065451,0.0070691784,0.0070733735,0.007077977,0.007082902,0.0070880475,0.0070932847,0.0070984787,0.0071034543,0.007108019,0.007111971,0.0071151396,0.0071174446,0.0071189003,0.007119669,0.0071200565,0.007120488,0.00712149,0.007123684,0.007127716,0.0071342727,0.007143986,0.007157406,0.0071748877,0.0071968776,0.0072249616,0.0072639915,0.007325108,0.007424457,0.0075544156,0.007727099,0.007864598,0.007984421,0.007974467,0.00789576,0.007756057,0.007601124,0.0074589094,0.007342249,0.007254761,0.0071915234,0.0071463273,0.0071140924,0.007091682,0.0070771286,0.0070678033,0.0070594116,0.0070473226,0.0070299767,0.007011437,0.0069979713,0.006995615,0.0070035732,0.0070157438,0.0070233326,0.007020975,0.007011354,0.007003292,0.00700289,0.0070101423,0.0070211813,0.007031701,0.0070393793,0.007043787,0.0070455046,0.0070452113,0.0070430567,0.0070385793,0.007030386,0.0070195952,0.00701328,0.007023139,0.0074197464,0.0056665945,0.00509293,0.014542288
0.01278893,0.0029618305,0.005917284,0.007370907,0.007046912,0.007046912,0.007046912,0.007046912,0.007046912,0.007046912,0.007046912,0.007046912,0.007046912,0.007046912,0.007046912,0.007046912,0.007046912,0.007046912,0.007046912,0.007046912,0.007046912,0.007046912,0.007046912,0.007046912,0.007046912,0.007046912,0.007046912,0.007046912,0.007046912,0.007046912,0.007046912,0.007046912,0.007046912,0.007046912,0.007046912,0.007046912,0.007046912,0.007046912,0.007046912,0.007046912,0.007046912,0.007046912,0.007046912,0.007046912,0.007046912,0.007046912,0.007046912,0.007046912,0.007046912,0.007046912,0.007046912,0.007046912,0.007046912,0.007046912,0.007046912,0.007046912,0.007046912,0.007046912,0.007046912,0.007046912,0.007046912,0.007046912,0.007046912,0.007046912,0.007046912,0.007046912,0.007046912,0.007046912,0.007046912,0.007046912,0.007046912,0.007046912,0.007046912,0.007046912,0.007046912,0.007046912,0.007046912,0.007046912,0.007046912,0.007046912,0.007046912,0.007046912,0.007046912,0.007046912,0.007046912,0.007046912,0.007046912,0.007046912,0.007046912,0.007046912,0.007046912,0.007046912,0.007046912,0.007046912,0.007046912,0.007046912,0.007046912,0.007046912,0.007046912,0.007046912,0.007046912,0.007046912,0.007046912,0.007046912,0.007046912,0.007046912,0.007046912,0.007046912,0.007046912,0.007046912,0.007046912,0.007046912,0.007046912,0.007046912,0.007046912,0.007046912,0.007046912,0.007046912,0.007046912,0.007046912,0.007046912,0.007046912,0.007046912,0.007046912,0.007046912,0.007046912,0.007046912,0.007046912,0.007046912,0.007046912,0.007046912,0.007046912,0.007046912,0.007046912,0.007046912,0.007046912,0.007046912,0.007046912,0.007046912,0.007046912,0.007046912,0.007046912,0.007046912,0.007046912,0.007046912,0.007046912,0.007046912,0.007046912,0.007046912,0.007046912,0.007046912,0.007046912,0.0070469156,0.0070469156,0.0070469156,0.007046919,0.007046922,0.0070469356,0.007046942,0.007046962,0.0070469887,0.0070470287,0.0070470786,0.0070471494,0.0070472523,0.0070473934,0.0070475833,0.0070478334,0.0070481673,0.007048594,0.007049145,0.0070498493,0.007050734,0.0070518325,0.0070532016,0.007054871,0.0070569026,0.0070593655,0.007062331,0.007065879,0.007070079,0.007074955,0.007080484,0.007086587,0.0070931236,0.0070999437,0.007106875,0.0071137254,0.007120276,0.007126238,0.007131324,0.0071352585,0.0071378835,0.0071391882,0.0071393577,0.0071387794,0.0071380124,0.007137742,0.007138756,0.007141893,0.0071480386,0.0071580526,0.0071728327,0.007193461,0.007221682,0.0072612646,0.007320089,0.0074101477,0.0075522107,0.0077504274,0.008015845,0.008261035,0.008420854,0.008431571,0.008295297,0.00806845,0.007828046,0.007610867,0.0074388785,0.0073168157,0.0072329384,0.0071702735,0.007120164,0.0070935595,0.0070836158,0.0070802625,0.007089192,0.0070883892,0.007077973,0.0070572635,0.0070399395,0.0070312144,0.007029956,0.007035414,0.0070373327,0.0070352843,0.007029766,0.007025158,0.0070247483,0.007028579,0.0070344512,0.0070400364,0.0070440075,0.0070461417,0.007046729,0.007046072,0.007044147,0.007040646,0.007035644,0.0070310854,0.0070309783,0.007046659,0.0074526886,0.005690851,0.005124633,0.014540039
0.01278893,0.0029618305,0.005917284,0.007370907,0.007046912,0.007046912,0.007046912,0.007046912,0.007046912,0.007046912,0.007046912,0.007046912,0.007046912,0.007046912,0.007046912,0.007046912,0.007046912,0.007046912,0.007046912,0.007046912,0.007046912,0.007046912,0.007046912,0.007046912,0.007046912,0.007046912,0.007046912,0.007046912,0.007046912,0.007046912,0.007046912,0.007046912,0.007046912,0.007046912,0.007046912,0.007046912,0.007046912,0.007046912,0.007046912,0.007046912,0.007046912,0.007046912,0.007046912,0.007046912,0.007046912,0.007046912,0.007046912,0.007046912,0.007046912,0.007046912,0.007046912,0.007046912,0.007046912,0.007046912,0.007046912,0.007046912,0.007046912,0.007046912,0.007046912,0.007046912,0.007046912,0.007046912,0.007046912,0.007046912,0.007046912,0.007046912,0.007046912,0.007046912,0.007046912,0.007046912,0.007046912,0.007046912,0.007046912,0.007046912,0.007046912,0.007046912,0.007046912,0.007046912,0.007046912,0.007046912,0.007046912,0.007046912,0.007046912,0.007046912,0.007046912,0.007046912,0.007046912,0.007046912,0.007046912,0.007046912,0.007046912,0.007046912,0.007046912,0.007046912,0.007046912,0.007046912,0.007046912,0.007046912,0.007046912,0.007046912,0.007046912,0.007046912,0.007046912,0.007046912,0.007046912,0.007046912,0.007046912,0.007046912,0.007046912,0.007046912,0.007046912,0.007046912,0.007046912,0.007046912,0.007046912,0.007046912,0.007046912,0.007046912,0.007046912,0.007046912,0.007046912,0.007046912,0.007046912,0.007046912,0.007046912,0.007046912,0.007046912,0.007046912,0.007046912,0.007046912,0.007046912,0.007046912,0.007046912,0.007046912,0.007046912,0.007046912,0.007046912,0.007046912,0.007046912,0.007046912,0.007046912,0.007046912,0.007046912,0.007046912,0.007046912,0.007046912,0.007046912,0.007046912,0.007046912,0.007046912,0.007046912,0.007046912,0.0070469156,0.007046919,0.007046919,0.007046919,0.0070469324,0.0070469384,0.0070469524,0.0070469757,0.0070470055,0.007047052,0.007047119,0.007047206,0.007047333,0.0070475033,0.0070477296,0.0070480336,0.007048434,0.0070489547,0.0070496188,0.0070504667,0.0070515387,0.007052874,0.00705453,0.0070565613,0.0070590572,0.0070621064,0.007065829,0.0070703467,0.007075765,0.00708215,0.0070894533,0.0070975544,0.0071062557,0.007115322,0.0071245143,0.00713359,0.0071422374,0.0071500936,0.0071567213,0.007161711,0.0071647824,0.007165858,0.007165149,0.007163128,0.007160527,0.0071582394,0.007157294,0.0071587446,0.007163704,0.007173274,0.0071887057,0.007211744,0.0072454433,0.007295712,0.007373496,0.0074941562,0.007683342,0.007959664,0.008323658,0.008677102,0.008918037,0.008939175,0.008773956,0.008436699,0.008083756,0.00777927,0.0075383135,0.0073682526,0.0072614443,0.0072023137,0.007145471,0.007114992,0.0071021426,0.0071008853,0.007120394,0.007140977,0.007141545,0.00711479,0.007083405,0.0070584365,0.0070398888,0.007033262,0.007032812,0.007033302,0.007033299,0.0070337355,0.0070355274,0.0070385695,0.0070419726,0.0070448304,0.0070466883,0.0070475433,0.00704756,0.007046862,0.007045434,0.0070432103,0.007040726,0.007040239,0.0070450343,0.007064631,0.0074751484,0.00567005,0.0050681094,0.014333676
0.01278893,0.0029618305,0.005917284,0.007370907,0.007046912,0.007046912,0.007046912,0.007046912,0.007046912,0.007046912,0.007046912,0.007046912,0.007046912,0.007046912,0.007046912,0.007046912,0.007046912,0.007046912,0.007046912,0.007046912,0.007046912,0.007046912,0.007046912,0.007046912,0.007046912,0.007046912,0.007046912,0.007046912,0.007046912,0.007046912,0.007046912,0.007046912,0.007046912,0.007046912,0.007046912,0.007046912,0.007046912,0.007046912,0.007046912,0.007046912,0.007046912,0.007046912,0.007046912,0.007046912,0.007046912,0.007046912,0.007046912,0.007046912,0.007046912,0.007046912,0.007046912,0.007046912,0.007046912,0.007046912,0.007046912,0.007046912,0.007046912,0.007046912,0.007046912,0.007046912,0.007046912,0.007046912,0.007046912,0.007046912,0.007046912,0.007046912,0.007046912,0.007046912,0.007046912,0.007046912,0.007046912,0.007046912,0.007046912,0.007046912,0.007046912,0.007046912,0.007046912,0.007046912,0.007046912,0.007046912,0.007046912,0.007046912,0.007046912,0.007046912,0.007046912,0.007046912,0.007046912,0.007046912,0.007046912,0.007046912,0.007046912,0.007046912,0.007046912,0.007046912,0.007046912,0.007046912,0.007046912,0.007046912,0.007046912,0.007046912,0.007046912,0.007046912,0.007046912,0.007046912,0.007046912,0.007046912,0.007046912,0.007046912,0.007046912,0.007046912,0.007046912,0.007046912,0.007046912,0.007046912,0.007046912,0.007046912,0.007046912,0.007046912,0.007046912,0.007046912,0.007046912,0.007046912,0.007046912,0.007046912,0.007046912,0.007046912,0.007046912,0.007046912,0.007046912,0.007046912,0.007046912,0.007046912,0.007046912,0.007046912,0.007046912,0.007046912,0.007046912,0.007046912,0.007046912,0.007046912,0.007046912,0.007046912,0.007046912,0.007046912,0.007046912,0.007046912,0.007046912,0.007046912,0.0070469156,0.0070469156,0.0070469156,0.0070469156,0.0070469156,0.007046919,0.007046919,0.007046926,0.0070469356,0.007046949,0.007046966,0.0070469924,0.0070470287,0.0070470856,0.0070471657,0.0070472728,0.00704742,0.0070476267,0.0070479033,0.007048264,0.007048744,0.007049365,0.0070501626,0.0070511843,0.0070524667,0.0070540733,0.0070560635,0.007058526,0.0070615653,0.007065321,0.0070699616,0.007075678,0.007082643,0.0070909476,0.007100549,0.007111264,0.007122805,0.0071348334,0.007147038,0.007159083,0.007170586,0.0071810484,0.0071898624,0.007196424,0.007200245,0.0072011277,0.0071992353,0.0071951505,0.007189811,0.0071844286,0.0071803583,0.007178944,0.0071815727,0.007189566,0.0072044414,0.0072284,0.007265394,0.0073228795,0.0074140904,0.0075606,0.0077916468,0.00814128,0.008593932,0.00905645,0.009352351,0.00942494,0.00923954,0.008796217,0.008363593,0.00794349,0.007633081,0.0074372273,0.007316947,0.00727133,0.0072091734,0.00715986,0.007126886,0.007138948,0.0071889707,0.007233606,0.0072440132,0.007194408,0.007135911,0.007079904,0.007042803,0.0070265583,0.0070239506,0.0070268847,0.0070315674,0.0070362072,0.0070401956,0.0070433863,0.0070457277,0.0070472294,0.007048014,0.007048234,0.007048031,0.0070474627,0.0070465384,0.007045381,0.00704469,0.0070464853,0.0070545566,0.0070737554,0.007475958,0.005624742,0.004984088,0.014052439
0.01278893,0.0029618305,0.005917284,0.007370907,0.007046912,0.007046912,0.007046912,0.007046912,0.007046912,0.007046912,0.007046912,0.007046912,0.007046912,0.007046912,0.007046912,0.007046912,0.007046912,0.007046912,0.007046912,0.007046912,0.007046912,0.007046912,0.007046912,0.007046912,0.007046912,0.007046912,0.007046912,0.007046912,0.007046912,0.007046912,0.007046912,0.007046912,0.007046912,0.007046912,0.007046912,0.007046912,0.007046912,0.007046912,0.007046912,0.007046912,0.007046912,0.007046912,0.007046912,0.007046912,0.007046912,0.007046912,0.007046912,0.007046912,0.007046912,0.007046912,0.007046912,0.007046912,0.007046912,0.007046912,0.007046912,0.007046912,0.007046912,0.007046912,0.007046912,0.007046912,0.007046912,0.007046912,0.007046912,0.007046912,0.007046912,0.007046912,0.007046912,0.007046912,0.007046912,0.007046912,0.007046912,0.007046912,0.007046912,0.007046912,0.007046912,0.007046912,0.007046912,0.007046912,0.007046912,0.007046912,0.007046912,0.007046912,0.007046912,0.007046912,0.007046912,0.007046912,0.007046912,0.007046912,0.007046912,0.007046912,0.007046912,0.007046912,0.007046912,0.007046912,0.007046912,0.007046912,0.007046912,0.007046912,0.007046912,0.007046912,0.007046912,0.007046912,0.007046912,0.007046912,0.007046912,0.007046912,0.007046912,0.007046912,0.007046912,0.007046912,0.007046912,0.007046912,0.007046912,0.007046912,0.007046912,0.007046912,0.007046912,0.007046912,0.007046912,0.007046912,0.007046912,0.007046912,0.007046912,0.007046912,0.007046912,0.007046912,0.007046912,0.007046912,0.007046912,0.007046912,0.007046912,0.007046912,0.007046912,0.007046912,0.007046912,0.007046912,0.007046912,0.007046912,0.007046912,0.007046912,0.007046912,0.007046912,0.007046912,0.007046912,0.007046912,0.007046912,0.007046912,0.007046912,0.0070469156,0.0070469156,0.0070469156,0.0070469156,0.007046919,0.007046919,0.007046919,0.0070469286,0.0070469384,0.007046955,0.0070469757,0.007047009,0.007047056,0.007047123,0.0070472187,0.007047349,0.0070475265,0.007047774,0.0070481002,0.0070485338,0.007049101,0.007049839,0.0070507936,0.0070520025,0.0070535317,0.007055439,0.007057824,0.0070607793,0.0070644547,0.0070690312,0.007074767,0.0070819287,0.0070907697,0.0070998906,0.0071152407,0.0071349517,0.0071508894,0.0071612257,0.007176043,0.0071933484,0.0072072214,0.007223577,0.0072333696,0.0072426177,0.0072480575,0.0072491555,0.007245899,0.0072389194,0.0072294576,0.007219221,0.007210102,0.0072039543,0.0072024944,0.0072072423,0.007219823,0.0072425627,0.007279681,0.007339143,0.007435122,0.0075907465,0.007842295,0.00822907,0.008729286,0.009252693,0.00956345,0.009655003,0.009435536,0.009071169,0.0085666,0.008073524,0.007699846,0.007471092,0.007354541,0.007316414,0.00728447,0.0071610897,0.0071170735,0.0071690753,0.0072555062,0.0073194136,0.007326263,0.0072816387,0.007183177,0.007092441,0.0070410892,0.007020636,0.0070152227,0.0070196223,0.007027813,0.0070356876,0.007041563,0.0070452574,0.0070472592,0.007048157,0.007048431,0.007048374,0.0070481203,0.00704772,0.0070471894,0.0070466883,0.007046809,0.0070489678,0.007055596,0.007069456,0.007457529,0.005571732,0.0049061575,0.013818362
0.01278893,0.0029618305,0.005917284,0.007370907,0.007046912,0.007046912,0.007046912,0.007046912,0.007046912,0.007046912,0.007046912,0.007046912,0.007046912,0.007046912,0.007046912,0.007046912,0.007046912,0.007046912,0.007046912,0.007046912,0.007046912,0.007046912,0.007046912,0.007046912,0.007046912,0.007046912,0.007046912,0.007046912,0.007046912,0.007046912,0.007046912,0.007046912,0.007046912,0.007046912,0.007046912,0.007046912,0.007046912,0.007046912,0.007046912,0.007046912,0.007046912,0.007046912,0.007046912,0.007046912,0.007046912,0.007046912,0.007046912,0.007046912,0.007046912,0.007046912,0.007046912,0.007046912,0.007046912,0.007046912,0.007046912,0.007046912,0.007046912,0.007046912,0.007046912,0.007046912,0.007046912,0.007046912,0.007046912,0.007046912,0.007046912,0.007046912,0.007046912,0.007046912,0.007046912,0.007046912,0.007046912,0.007046912,0.007046912,0.007046912,0.007046912,0.007046912,0.007046912,0.007046912,0.007046912,0.007046912,0.007046912,0.007046912,0.007046912,0.007046912,0.007046912,0.007046912,0.007046912,0.007046912,0.007046912,0.007046912,0.007046912,0.007046912,0.007046912,0.007046912,0.007046912,0.007046912,0.007046912,0.007046912,0.007046912,0.007046912,0.007046912,0.007046912,0.007046912,0.007046912,0.007046912,0.007046912,0.007046912,0.007046912,0.007046912,0.007046912,0.007046912,0.007046912,0.007046912,0.007046912,0.007046912,0.007046912,0.007046912,0.007046912,0.007046912,0.007046912,0.007046912,0.007046912,0.007046912,0.007046912,0.007046912,0.007046912,0.007046912,0.007046912,0.007046912,0.007046912,0.007046912,0.007046912,0.007046912,0.007046912,0.007046912,0.007046912,0.007046912,0.007046912,0.007046912,0.007046912,0.007046912,0.007046912,0.007046912,0.007046912,0.007046912,0.007046912,0.007046912,0.007046912,0.0070469156,0.0070469156,0.0070469156,0.0070469156,0.007046919,0.007046919,0.007046926,0.0070469324,0.007046942,0.007046962,0.0070469924,0.0070470325,0.0070470856,0.007047169,0.0070472825,0.007047436,0.007047653,0.0070479433,0.0070483307,0.007048841,0.007049515,0.0070503866,0.0070515084,0.0070529305,0.007054731,0.007056992,0.00705981,0.007063334,0.007067733,0.00707327,0.0070802663,0.007089108,0.007100159,0.0071094963,0.0071232156,0.007151925,0.0071922108,0.0072121304,0.0072327023,0.0072489907,0.0072605945,0.0072742803,0.0072920765,0.007306699,0.0073160566,0.007318821,0.0073143877,0.007303275,0.007287215,0.007268848,0.007251146,0.0072368905,0.0072283763,0.0072273184,0.0072352565,0.0072542117,0.0072879456,0.0073438617,0.0074354326,0.0075850007,0.00782776,0.008210617,0.008711331,0.009212891,0.009575214,0.009532309,0.009508944,0.009130537,0.008638569,0.008116113,0.007731162,0.0075229434,0.0074232803,0.007351938,0.0071812323,0.007118338,0.007088259,0.007238518,0.007331404,0.007418458,0.007415024,0.0073416447,0.007232737,0.0071063205,0.00705729,0.0070141796,0.0070066447,0.007011719,0.007022813,0.0070335655,0.0070412457,0.0070456346,0.0070475894,0.007048157,0.007048114,0.0070478865,0.0070476294,0.007047373,0.007047116,0.0070469887,0.0070473365,0.0070489272,0.0070529943,0.0070608263,0.0074363793,0.0055295005,0.004851771,0.013667786
0.01278893,0.0029618305,0.005917284,0.007370907,0.007046912,0.007046912,0.007046912,0.007046912,0.007046912,0.007046912,0.007046912,0.007046912,0.007046912,0.007046912,0.007046912,0.007046912,0.007046912,0.007046912,0.007046912,0.007046912,0.007046912,0.007046912,0.007046912,0.007046912,0.007046912,0.007046912,0.007046912,0.007046912,0.007046912,0.007046912,0.007046912,0.007046912,0.007046912,0.007046912,0.007046912,0.007046912,0.007046912,0.007046912,0.007046912,0.007046912,0.007046912,0.007046912,0.007046912,0.007046912,0.007046912,0.007046912,0.007046912,0.007046912,0.007046912,0.007046912,0.007046912,0.007046912,0.007046912,0.007046912,0.007046912,0.007046912,0.007046912,0.007046912,0.007046912,0.007046912,0.007046912,0.007046912,0.007046912,0.007046912,0.007046912,0.007046912,0.007046912,0.007046912,0.007046912,0.007046912,0.007046912,0.007046912,0.007046912,0.007046912,0.007046912,0.007046912,0.007046912,0.007046912,0.007046912,0.007046912,0.007046912,0.007046912,0.007046912,0.007046912,0.007046912,0.007046912,0.007046912,0.007046912,0.007046912,0.007046912,0.007046912,0.007046912,0.007046912,0.007046912,0.007046912,0.007046912,0.007046912,0.007046912,0.007046912,0.007046912,0.007046912,0.007046912,0.007046912,0.007046912,0.007046912,0.007046912,0.007046912,0.007046912,0.007046912,0.007046912,0.007046912,0.007046912,0.007046912,0.007046912,0.007046912,0.007046912,0.007046912,0.007046912,0.007046912,0.007046912,0.007046912,0.007046912,0.007046912,0.007046912,0.007046912,0.007046912,0.007046912,0.007046912,0.007046912,0.007046912,0.007046912,0.007046912,0.007046912,0.007046912,0.007046912,0.007046912,0.007046912,0.007046912,0.007046912,0.007046912,0.007046912,0.007046912,0.007046912,0.007046912,0.007046912,0.007046912,0.007046912,0.007046912,0.0070469156,0.0070469156,0.0070469156,0.007046919,0.007046919,0.007046919,0.0070469286,0.0070469384,0.0070469524,0.0070469757,0.0070470055,0.007047056,0.007047123,0.0070472187,0.007047356,0.0070475433,0.007047797,0.0070481407,0.007048591,0.007049195,0.007049983,0.007051001,0.0070523066,0.007053969,0.0070560775,0.007058724,0.007062036,0.0070661935,0.007071418,0.0070780367,0.007086467,0.007097208,0.007110745,0.0071237655,0.007156501,0.007200217,0.0072756954,0.00730153,0.0073110405,0.007304372,0.0073162755,0.0073438208,0.007374917,0.007400898,0.007419602,0.007427733,0.0074231257,0.0074058245,0.0073784436,0.0073455726,0.007312474,0.007283814,0.007262991,0.00725199,0.007251997,0.0072642323,0.007291293,0.0073390114,0.0074186856,0.007548838,0.007755973,0.008066024,0.008470793,0.00887666,0.0092193,0.009313734,0.009290277,0.008928625,0.008497086,0.008054543,0.0077148126,0.0075050807,0.007370227,0.0073041576,0.007121371,0.0071129277,0.0071608084,0.007275347,0.007390523,0.0075161634,0.007559831,0.0074708797,0.0073195137,0.0071627107,0.0070649763,0.007011816,0.0069980146,0.0070037288,0.0070176544,0.007031298,0.0070407996,0.0070458213,0.007047593,0.0070476197,0.0070470423,0.007046459,0.007046055,0.0070458446,0.007045818,0.0070460453,0.007046662,0.007047897,0.007050113,0.007053742,0.007421116,0.0055034407,0.0048207506,0.0135867065
0.01278893,0.0029618305,0.005917284,0.007370907,0.007046912,0.007046912,0.007046912,0.007046912,0.007046912,0.007046912,0.007046912,0.007046912,0.007046912,0.007046912,0.007046912,0.007046912,0.007046912,0.007046912,0.007046912,0.007046912,0.007046912,0.007046912,0.007046912,0.007046912,0.007046912,0.007046912,0.007046912,0.007046912,0.007046912,0.007046912,0.007046912,0.007046912,0.007046912,0.007046912,0.007046912,0.007046912,0.007046912,0.007046912,0.007046912,0.007046912,0.007046912,0.007046912,0.007046912,0.007046912,0.007046912,0.007046912,0.007046912,0.007046912,0.007046912,0.007046912,0.007046912,0.007046912,0.007046912,0.007046912,0.007046912,0.007046912,0.007046912,0.007046912,0.007046912,0.007046912,0.007046912,0.007046912,0.007046912,0.007046912,0.007046912,0.007046912,0.007046912,0.007046912,0.007046912,0.007046912,0.007046912,0.007046912,0.007046912,0.007046912,0.007046912,0.007046912,0.007046912,0.007046912,0.007046912,0.007046912,0.007046912,0.007046912,0.007046912,0.007046912,0.007046912,0.007046912,0.007046912,0.007046912,0.007046912,0.007046912,0.007046912,0.007046912,0.007046912,0.007046912,0.007046912,0.007046912,0.007046912,0.007046912,0.007046912,0.007046912,0.007046912,0.007046912,0.007046912,0.007046912,0.007046912,0.007046912,0.007046912,0.007046912,0.007046912,0.007046912,0.007046912,0.007046912,0.007046912,0.007046912,0.007046912,0.007046912,0.007046912,0.007046912,0.007046912,0.007046912,0.007046912,0.007046912,0.007046912,0.007046912,0.007046912,0.007046912,0.007046912,0.007046912,0.007046912,0.007046912,0.007046912,0.007046912,0.007046912,0.007046912,0.007046912,0.007046912,0.007046912,0.007046912,0.007046912,0.007046912,0.007046912,0.007046912,0.007046912,0.007046912,0.007046912,0.007046912,0.0070469156,0.0070469156,0.0070469156,0.0070469156,0.0070469156,0.0070469156,0.007046919,0.0070469286,0.0070469324,0.0070469454,0.007046966,0.0070469924,0.0070470287,0.0070470893,0.007047169,0.0070472825,0.007047443,0.007047663,0.00704796,0.0070483605,0.007048891,0.007049592,0.0070505072,0.007051689,0.0070532085,0.0070551317,0.0070575704,0.0070606493,0.007064518,0.007069379,0.007075524,0.0070833443,0.0070933616,0.0071061826,0.007122443,0.0071395976,0.0071801106,0.0072480952,0.00734656,0.0074079703,0.007363406,0.007329423,0.007373709,0.0074401,0.007497424,0.0075470516,0.0075862785,0.0076072738,0.0076045813,0.00757718,0.0075294212,0.0074705435,0.007409331,0.007354834,0.007312567,0.0072848964,0.0072722076,0.0072742524,0.0072916895,0.007327893,0.007390946,0.007495196,0.0076562464,0.007886588,0.008182661,0.008484554,0.008796995,0.008949827,0.008910229,0.008642045,0.008276755,0.007948188,0.0076874476,0.007497381,0.00731764,0.0072017335,0.0070922133,0.007098969,0.0071703205,0.0073334347,0.0075168214,0.007693448,0.0077140327,0.0075820154,0.007368033,0.0071907234,0.0070679,0.007006934,0.0069900863,0.0069972523,0.0070143496,0.007031048,0.0070423097,0.0070476,0.0070485105,0.0070471396,0.007045188,0.00704356,0.0070425356,0.0070421263,0.007042346,0.0070432895,0.007044887,0.0070467955,0.007048634,0.007050313,0.0074135954,0.005491126,0.0048067337,0.013551264
0.01278893,0.0029618305,0.005917284,0.007370907,0.007046912,0.007046912,0.007046912,0.007046912,0.007046912,0.007046912,0.007046912,0.007046912,0.007046912,0.007046912,0.007046912,0.007046912,0.007046912,0.007046912,0.007046912,0.007046912,0.007046912,0.007046912,0.007046912,0.007046912,0.007046912,0.007046912,0.007046912,0.007046912,0.007046912,0.007046912,0.007046912,0.007046912,0.007046912,0.007046912,0.007046912,0.007046912,0.007046912,0.007046912,0.007046912,0.007046912,0.007046912,0.007046912,0.007046912,0.007046912,0.007046912,0.007046912,0.007046912,0.007046912,0.007046912,0.007046912,0.007046912,0.007046912,0.007046912,0.007046912,0.007046912,0.007046912,0.007046912,0.007046912,0.007046912,0.007046912,0.007046912,0.007046912,0.007046912,0.007046912,0.007046912,0.007046912,0.007046912,0.007046912,0.007046912,0.007046912,0.007046912,0.007046912,0.007046912,0.007046912,0.007046912,0.007046912,0.007046912,0.007046912,0.007046912,0.007046912,0.007046912,0.007046912,0.007046912,0.007046912,0.007046912,0.007046912,0.007046912,0.007046912,0.007046912,0.007046912,0.007046912,0.007046912,0.007046912,0.007046912,0.007046912,0.007046912,0.007046912,0.007046912,0.007046912,0.007046912,0.007046912,0.007046912,0.007046912,0.007046912,0.007046912,0.007046912,0.007046912,0.007046912,0.007046912,0.007046912,0.007046912,0.007046912,0.007046912,0.007046912,0.007046912,0.007046912,0.007046912,0.007046912,0.007046912,0.007046912,0.007046912,0.007046912,0.007046912,0.007046912,0.007046912,0.007046912,0.007046912,0.007046912,0.007046912,0.007046912,0.007046912,0.007046912,0.007046912,0.007046912,0.007046912,0.007046912,0.007046912,0.007046912,0.007046912,0.007046912,0.007046912,0.007046912,0.007046912,0.007046912,0.007046912,0.007046912,0.0070469156,0.0070469156,0.0070469156,0.0070469156,0.0070469156,0.0070469156,0.007046919,0.0070469324,0.007046942,0.007046955,0.0070469757,0.007047009,0.007047056,0.007047123,0.0070472187,0.007047356,0.007047546,0.0070478003,0.0070481473,0.0070486143,0.0070492313,0.0070500397,0.007051094,0.0070524532,0.0070542,0.007056418,0.0070592286,0.0070627783,0.0070672515,0.007072895,0.007080058,0.007089198,0.007100932,0.007115999,0.0071351845,0.0071590664,0.007226668,0.0073240087,0.007405562,0.007356895,0.0073631792,0.007350891,0.0074842954,0.0075782384,0.0076834876,0.0077798185,0.007862202,0.007910681,0.007910647,0.007860528,0.007773677,0.007668686,0.0075601456,0.007463511,0.007385435,0.007330824,0.00729869,0.0072862385,0.007291241,0.0073138205,0.0073581734,0.007433324,0.0075510847,0.007711591,0.00791043,0.008104437,0.008291574,0.008417283,0.008402216,0.008237921,0.00803416,0.007846581,0.0076790643,0.0075224875,0.007363727,0.0072270683,0.0071439994,0.0071186144,0.007187889,0.0073625003,0.007621146,0.007857978,0.007860384,0.007610294,0.0073524634,0.0071578156,0.0070593823,0.0070026647,0.006984667,0.0069946684,0.007015801,0.0070361034,0.007049248,0.007054253,0.007052968,0.0070483503,0.0070430897,0.007038803,0.0070360205,0.0070348447,0.00703545,0.0070380024,0.0070420494,0.007046276,0.007049255,0.007050457,0.0074118767,0.005486997,0.0048018936,0.013538732
0.01278893,0.0029618305,0.005917284,0.007370907,0.007046912,0.007046912,0.007046912,0.007046912,0.007046912,0.007046912,0.007046912,0.007046912,0.007046912,0.007046912,0.007046912,0.007046912,0.007046912,0.007046912,0.007046912,0.007046912,0.007046912,0.007046912,0.007046912,0.007046912,0.007046912,0.007046912,0.007046912,0.007046912,0.007046912,0.007046912,0.007046912,0.007046912,0.007046912,0.007046912,0.007046912,0.007046912,0.007046912,0.007046912,0.007046912,0.007046912,0.007046912,0.007046912,0.007046912,0.007046912,0.007046912,0.007046912,0.007046912,0.007046912,0.007046912,0.007046912,0.007046912,0.007046912,0.007046912,0.007046912,0.007046912,0.007046912,0.007046912,0.007046912,0.007046912,0.007046912,0.007046912,0.007046912,0.007046912,0.007046912,0.007046912,0.007046912,0.007046912,0.007046912,0.007046912,0.007046912,0.007046912,0.007046912,0.007046912,0.007046912,0.007046912,0.007046912,0.007046912,0.007046912,0.007046912,0.007046912,0.007046912,0.007046912,0.007046912,0.007046912,0.007046912,0.007046912,0.007046912,0.007046912,0.007046912,0.007046912,0.007046912,0.007046912,0.007046912,0.007046912,0.007046912,0.007046912,0.007046912,0.007046912,0.007046912,0.007046912,0.007046912,0.007046912,0.007046912,0.007046912,0.007046912,0.007046912,0.007046912,0.007046912,0.007046912,0.007046912,0.007046912,0.007046912,0.007046912,0.007046912,0.007046912,0.007046912,0.007046912,0.007046912,0.007046912,0.007046912,0.007046912,0.007046912,0.007046912,0.007046912,0.007046912,0.007046912,0.007046912,0.007046912,0.007046912,0.007046912,0.007046912,0.007046912,0.007046912,0.007046912,0.007046912,0.007046912,0.007046912,0.007046912,0.007046912,0.007046912,0.007046912,0.007046912,0.007046912,0.007046912,0.007046912,0.007046912,0.0070469156,0.0070469156,0.0070469156,0.0070469156,0.007046919,0.007046919,0.007046926,0.0070469324,0.007046942,0.007046962,0.0070469887,0.0070470287,0.0070470856,0.0070471657,0.0070472825,0.007047443,0.00704766,0.00704796,0.0070483643,0.007048905,0.0070496122,0.0070505473,0.0070517557,0.0070533114,0.0070553017,0.007057835,0.0070610465,0.00706511,0.0070702434,0.00707675,0.007085014,0.0070955916,0.00710918,0.0071266396,0.007148916,0.0071726297,0.0072283037,0.0073009706,0.0073988982,0.0073591,0.0074113933,0.0074775442,0.0076234755,0.0077905743,0.007982665,0.008184894,0.008371174,0.008493603,0.008509376,0.008405737,0.008216824,0.007998063,0.0077943276,0.0076224436,0.007489345,0.007394232,0.007333959,0.0073018996,0.0072916523,0.0072992593,0.00732481,0.007373255,0.0074522058,0.00756482,0.0076997844,0.007834188,0.007945692,0.008016634,0.008018303,0.007954387,0.007867151,0.007786127,0.00769288,0.0075689917,0.007409341,0.0072443937,0.0071289684,0.0071045067,0.007164525,0.0073891794,0.0076767094,0.007865736,0.0075913137,0.0074511864,0.0071928683,0.00714071,0.007040359,0.006997431,0.0069833766,0.006998631,0.0070255874,0.007051141,0.0070672208,0.007071585,0.007066023,0.0070547974,0.00704254,0.0070324326,0.007025757,0.0070228735,0.0070241964,0.0070299036,0.007038633,0.0070472797,0.0070526935,0.007053899,0.0074138907,0.005486932,0.0048011695,0.013535918
0.01278893,0.0029618305,0.005917284,0.007370907,0.007046912,0.007046912,0.007046912,0.007046912,0.007046912,0.007046912,0.007046912,0.007046912,0.007046912,0.007046912,0.007046912,0.007046912,0.007046912,0.007046912,0.007046912,0.007046912,0.007046912,0.007046912,0.007046912,0.007046912,0.007046912,0.007046912,0.007046912,0.007046912,0.007046912,0.007046912,0.007046912,0.007046912,0.007046912,0.007046912,0.007046912,0.007046912,0.007046912,0.007046912,0.007046912,0.007046912,0.007046912,0.007046912,0.007046912,0.007046912,0.007046912,0.007046912,0.007046912,0.007046912,0.007046912,0.007046912,0.007046912,0.007046912,0.007046912,0.007046912,0.007046912,0.007046912,0.007046912,0.007046912,0.007046912,0.007046912,0.007046912,0.007046912,0.007046912,0.007046912,0.007046912,0.007046912,0.007046912,0.007046912,0.007046912,0.007046912,0.007046912,0.007046912,0.007046912,0.007046912,0.007046912,0.007046912,0.007046912,0.007046912,0.007046912,0.007046912,0.007046912,0.007046912,0.007046912,0.007046912,0.007046912,0.007046912,0.007046912,0.007046912,0.007046912,0.007046912,0.007046912,0.007046912,0.007046912,0.007046912,0.007046912,0.007046912,0.007046912,0.007046912,0.007046912,0.007046912,0.007046912,0.007046912,0.007046912,0.007046912,0.007046912,0.007046912,0.007046912,0.007046912,0.007046912,0.007046912,0.007046912,0.007046912,0.007046912,0.007046912,0.007046912,0.007046912,0.007046912,0.007046912,0.007046912,0.007046912,0.007046912,0.007046912,0.007046912,0.007046912,0.007046912,0.007046912,0.007046912,0.007046912,0.007046912,0.007046912,0.007046912,0.007046912,0.007046912,0.007046912,0.007046912,0.007046912,0.007046912,0.007046912,0.007046912,0.007046912,0.007046912,0.007046912,0.007046912,0.007046912,0.007046912,0.007046912,0.0070469156,0.0070469156,0.0070469156,0.0070469156,0.007046919,0.007046922,0.0070469324,0.007046942,0.0070469524,0.0070469757,0.0070470055,0.007047056,0.007047119,0.0070472187,0.007047356,0.007047546,0.0070478003,0.0070481473,0.0070486143,0.0070492313,0.0070500495,0.0070511145,0.0070524933,0.007054263,0.007056525,0.007059399,0.0070630433,0.007067659,0.007073511,0.0070809363,0.0070904,0.007102516,0.0071180887,0.0071380762,0.0071635926,0.0071896715,0.0072344826,0.0072680605,0.0073396643,0.0073882914,0.0074855424,0.0076168985,0.0078286305,0.008094595,0.008434732,0.008814974,0.00918409,0.009448631,0.009511014,0.009329296,0.00896949,0.008549377,0.008163797,0.007855807,0.007629986,0.007477027,0.007378859,0.0073219393,0.0072938167,0.0072856937,0.0072935503,0.0073192925,0.007366648,0.007437766,0.0075296746,0.007624099,0.0076950644,0.0077299145,0.00773742,0.0077359485,0.00773769,0.0077410555,0.0077227456,0.0076219602,0.0074435025,0.0072379154,0.007090232,0.0070481603,0.0071134223,0.0073084943,0.0075158505,0.00773701,0.007501853,0.00732412,0.007170334,0.0070913634,0.0070352345,0.006995152,0.0069879647,0.0070113507,0.0070473826,0.007082056,0.007104365,0.007108612,0.00709574,0.0070723924,0.0070469384,0.007025784,0.007011875,0.0070064026,0.007008347,0.007016993,0.007033386,0.0070516854,0.0070619625,0.00706205,0.007419785,0.005489569,0.004802582,0.0135381585
0.01278893,0.0029618305,0.005917284,0.007370907,0.007046912,0.007046912,0.007046912,0.007046912,0.007046912,0.007046912,0.007046912,0.007046912,0.007046912,0.007046912,0.007046912,0.007046912,0.007046912,0.007046912,0.007046912,0.007046912,0.007046912,0.007046912,0.007046912,0.007046912,0.007046912,0.007046912,0.007046912,0.007046912,0.007046912,0.007046912,0.007046912,0.007046912,0.007046912,0.007046912,0.007046912,0.007046912,0.007046912,0.007046912,0.007046912,0.007046912,0.007046912,0.007046912,0.007046912,0.007046912,0.007046912,0.007046912,0.007046912,0.007046912,0.007046912,0.007046912,0.007046912,0.007046912,0.007046912,0.007046912,0.007046912,0.007046912,0.007046912,0.007046912,0.007046912,0.007046912,0.007046912,0.007046912,0.007046912,0.007046912,0.007046912,0.007046912,0.007046912,0.007046912,0.007046912,0.007046912,0.007046912,0.007046912,0.007046912,0.007046912,0.007046912,0.007046912,0.007046912,0.007046912,0.007046912,0.007046912,0.007046912,0.007046912,0.007046912,0.007046912,0.007046912,0.007046912,0.007046912,0.007046912,0.007046912,0.007046912,0.007046912,0.007046912,0.007046912,0.007046912,0.007046912,0.007046912,0.007046912,0.007046912,0.007046912,0.007046912,0.007046912,0.007046912,0.007046912,0.007046912,0.007046912,0.007046912,0.007046912,0.007046912,0.007046912,0.007046912,0.007046912,0.007046912,0.007046912,0.007046912,0.007046912,0.007046912,0.007046912,0.007046912,0.007046912,0.007046912,0.007046912,0.007046912,0.007046912,0.007046912,0.007046912,0.007046912,0.007046912,0.007046912,0.007046912,0.007046912,0.007046912,0.007046912,0.007046912,0.007046912,0.007046912,0.007046912,0.007046912,0.007046912,0.007046912,0.007046912,0.007046912,0.007046912,0.007046912,0.007046912,0.0070469156,0.0070469156,0.0070469156,0.0070469156,0.0070469156,0.007046919,0.007046919,0.007046926,0.0070469324,0.007046949,0.007046966,0.0070469924,0.0070470287,0.0070470856,0.007047169,0.0070472825,0.007047443,0.00704766,0.00704796,0.0070483643,0.007048905,0.0070496122,0.0070505436,0.0070517557,0.0070533184,0.0070553184,0.0070578717,0.00706112,0.007065227,0.007070441,0.007077055,0.007085464,0.0070962003,0.0071099508,0.007127608,0.007150253,0.0071791313,0.007210713,0.007255352,0.007308923,0.0073847007,0.007486116,0.007604052,0.007792952,0.0080735,0.008492343,0.009044415,0.009714516,0.010421204,0.010972,0.011144939,0.010834785,0.010154065,0.009381429,0.008697161,0.00817639,0.007808541,0.0075751436,0.007431299,0.007345399,0.0072976947,0.007273829,0.0072658695,0.0072734673,0.0073017515,0.007345566,0.0074122283,0.0074795717,0.007533446,0.007549653,0.007563574,0.007592697,0.0076446836,0.0076824366,0.007702609,0.0076274914,0.007443467,0.0072146193,0.007043934,0.0069855666,0.0070486977,0.007202184,0.0073172655,0.0073834495,0.007312619,0.0072267023,0.007135634,0.007082247,0.0070225075,0.0069957315,0.006999111,0.007034545,0.0070852824,0.007135641,0.007169421,0.007174925,0.007150547,0.0071070334,0.007059576,0.007020323,0.006995241,0.006986013,0.0069934465,0.007008317,0.0070373123,0.007064153,0.0070832195,0.0070750685,0.007428222,0.005494116,0.004806218,0.013545517
0.01278893,0.0029618305,0.005917284,0.007370907,0.007046912,0.007046912,0.007046912,0.007046912,0.007046912,0.007046912,0.007046912,0.007046912,0.007046912,0.007046912,0.007046912,0.007046912,0.007046912,0.007046912,0.007046912,0.007046912,0.007046912,0.007046912,0.007046912,0.007046912,0.007046912,0.007046912,0.007046912,0.007046912,0.007046912,0.007046912,0.007046912,0.007046912,0.007046912,0.007046912,0.007046912,0.007046912,0.007046912,0.007046912,0.007046912,0.007046912,0.007046912,0.007046912,0.007046912,0.007046912,0.007046912,0.007046912,0.007046912,0.007046912,0.007046912,0.007046912,0.007046912,0.007046912,0.007046912,0.007046912,0.007046912,0.007046912,0.007046912,0.007046912,0.007046912,0.007046912,0.007046912,0.007046912,0.007046912,0.007046912,0.007046912,0.007046912,0.007046912,0.007046912,0.007046912,0.007046912,0.007046912,0.007046912,0.007046912,0.007046912,0.007046912,0.007046912,0.007046912,0.007046912,0.007046912,0.007046912,0.007046912,0.007046912,0.007046912,0.007046912,0.007046912,0.007046912,0.007046912,0.007046912,0.007046912,0.007046912,0.007046912,0.007046912,0.007046912,0.007046912,0.007046912,0.007046912,0.007046912,0.007046912,0.007046912,0.007046912,0.007046912,0.007046912,0.007046912,0.007046912,0.007046912,0.007046912,0.007046912,0.007046912,0.007046912,0.007046912,0.007046912,0.007046912,0.007046912,0.007046912,0.007046912,0.007046912,0.007046912,0.007046912,0.007046912,0.007046912,0.007046912,0.007046912,0.007046912,0.007046912,0.007046912,0.007046912,0.007046912,0.007046912,0.007046912,0.007046912,0.007046912,0.007046912,0.007046912,0.007046912,0.007046912,0.007046912,0.007046912,0.007046912,0.007046912,0.007046912,0.007046912,0.007046912,0.007046912,0.007046912,0.0070469156,0.0070469156,0.0070469156,0.0070469156,0.007046919,0.007046919,0.007046922,0.0070469324,0.0070469384,0.007046955,0.0070469757,0.007047009,0.007047056,0.007047123,0.0070472187,0.007047356,0.0070475433,0.007047797,0.0070481473,0.0070486106,0.0070492313,0.007050043,0.007051108,0.0070524807,0.0070542432,0.007056501,0.0070593655,0.007063006,0.0070676156,0.0070734643,0.007080886,0.007090336,0.007102408,0.007117862,0.0071376916,0.0071630594,0.007195385,0.007234537,0.0072838697,0.00734784,0.007431882,0.0075475764,0.007708858,0.007954564,0.0083444705,0.008939167,0.009760265,0.010837422,0.012080856,0.013100429,0.013443804,0.01292445,0.011752684,0.010482773,0.009398408,0.008562875,0.008017449,0.0076811616,0.007484848,0.007369334,0.007302332,0.0072638947,0.0072427136,0.0072383573,0.007255445,0.0072928425,0.0073344135,0.007376858,0.007409089,0.007408222,0.007429656,0.0074744304,0.0075534764,0.007639979,0.0076952577,0.0076886844,0.007473705,0.0072245817,0.0070318277,0.0069504934,0.006970559,0.007088732,0.007181579,0.007238518,0.0072726957,0.007228742,0.0071537066,0.007070993,0.0070215235,0.007000327,0.0070192795,0.007072349,0.007141325,0.007211696,0.0072647063,0.00727438,0.007232168,0.0071550678,0.0070751854,0.0070131035,0.006976238,0.006965623,0.0069802697,0.007013599,0.0070467256,0.0070771086,0.007097665,0.0070837163,0.0074415123,0.0055026836,0.0048134355,0.013559631
0.01278893,0.0029618305,0.005917284,0.007370907,0.007046912,0.007046912,0.007046912,0.007046912,0.007046912,0.007046912,0.007046912,0.007046912,0.007046912,0.007046912,0.007046912,0.007046912,0.007046912,0.007046912,0.007046912,0.007046912,0.007046912,0.007046912,0.007046912,0.007046912,0.007046912,0.007046912,0.007046912,0.007046912,0.007046912,0.007046912,0.007046912,0.007046912,0.007046912,0.007046912,0.007046912,0.007046912,0.007046912,0.007046912,0.007046912,0.007046912,0.007046912,0.007046912,0.007046912,0.007046912,0.007046912,0.007046912,0.007046912,0.007046912,0.007046912,0.007046912,0.007046912,0.007046912,0.007046912,0.007046912,0.007046912,0.007046912,0.007046912,0.007046912,0.007046912,0.007046912,0.007046912,0.007046912,0.007046912,0.007046912,0.007046912,0.007046912,0.007046912,0.007046912,0.007046912,0.007046912,0.007046912,0.007046912,0.007046912,0.007046912,0.007046912,0.007046912,0.007046912,0.007046912,0.007046912,0.007046912,0.007046912,0.007046912,0.007046912,0.007046912,0.007046912,0.007046912,0.007046912,0.007046912,0.007046912,0.007046912,0.007046912,0.007046912,0.007046912,0.007046912,0.007046912,0.007046912,0.007046912,0.007046912,0.007046912,0.007046912,0.007046912,0.007046912,0.007046912,0.007046912,0.007046912,0.007046912,0.007046912,0.007046912,0.007046912,0.007046912,0.007046912,0.007046912,0.007046912,0.007046912,0.007046912,0.007046912,0.007046912,0.007046912,0.007046912,0.007046912,0.007046912,0.007046912,0.007046912,0.007046912,0.007046912,0.007046912,0.007046912,0.007046912,0.007046912,0.007046912,0.007046912,0.007046912,0.007046912,0.007046912,0.007046912,0.007046912,0.007046912,0.007046912,0.007046912,0.007046912,0.007046912,0.007046912,0.007046912,0.007046912,0.0070469156,0.0070469156,0.0070469156,0.0070469156,0.007046919,0.007046919,0.007046926,0.0070469356,0.0070469454,0.007046962,0.0070469924,0.0070470325,0.0070470856,0.007047169,0.0070472797,0.007047436,0.007047663,0.00704796,0.0070483605,0.007048898,0.007049609,0.0070505403,0.007051749,0.0070533017,0.007055285,0.007057818,0.0070610237,0.007065093,0.0070702364,0.0070767533,0.0070850244,0.007095555,0.0071090055,0.007126221,0.007148249,0.0071763825,0.007212147,0.0072574676,0.0073146718,0.007387179,0.0074809883,0.007608522,0.007796644,0.008100512,0.008592303,0.00934815,0.010414062,0.011952124,0.013767788,0.015291694,0.015860738,0.015102672,0.013351969,0.011562656,0.010064842,0.008953148,0.00820745,0.007772254,0.00753012,0.007389344,0.0073060663,0.0072558504,0.0072249616,0.0072134305,0.0072243353,0.007262379,0.007287608,0.007309487,0.0073215165,0.0073284553,0.0073376736,0.007375877,0.0074388464,0.007545459,0.0076680398,0.0077239005,0.0075157937,0.0072153904,0.006977844,0.0068837777,0.006877916,0.006977705,0.007068124,0.0071862517,0.007220496,0.007206014,0.007134999,0.007064638,0.0070203734,0.0070136716,0.007050029,0.007124764,0.0072207693,0.0073255347,0.007404177,0.007410989,0.0073217177,0.0071889707,0.0070751854,0.0069984854,0.0069555007,0.0069478313,0.0069716577,0.007023638,0.0070605115,0.0070884298,0.0071039586,0.0071099815,0.0074661393,0.0055208863,0.0048258295,0.01358137
0.01278893,0.0029618305,0.005917284,0.007370907,0.007046912,0.007046912,0.007046912,0.007046912,0.007046912,0.007046912,0.007046912,0.007046912,0.007046912,0.007046912,0.007046912,0.007046912,0.007046912,0.007046912,0.007046912,0.007046912,0.007046912,0.007046912,0.007046912,0.007046912,0.007046912,0.007046912,0.007046912,0.007046912,0.007046912,0.007046912,0.007046912,0.007046912,0.007046912,0.007046912,0.007046912,0.007046912,0.007046912,0.007046912,0.007046912,0.007046912,0.007046912,0.007046912,0.007046912,0.007046912,0.007046912,0.007046912,0.007046912,0.007046912,0.007046912,0.007046912,0.007046912,0.007046912,0.007046912,0.007046912,0.007046912,0.007046912,0.007046912,0.007046912,0.007046912,0.007046912,0.007046912,0.007046912,0.007046912,0.007046912,0.007046912,0.007046912,0.007046912,0.007046912,0.007046912,0.007046912,0.007046912,0.007046912,0.007046912,0.007046912,0.007046912,0.007046912,0.007046912,0.007046912,0.007046912,0.007046912,0.007046912,0.007046912,0.007046912,0.007046912,0.007046912,0.007046912,0.007046912,0.007046912,0.007046912,0.007046912,0.007046912,0.007046912,0.007046912,0.007046912,0.007046912,0.007046912,0.007046912,0.007046912,0.007046912,0.007046912,0.007046912,0.007046912,0.007046912,0.007046912,0.007046912,0.007046912,0.007046912,0.007046912,0.007046912,0.007046912,0.007046912,0.007046912,0.007046912,0.007046912,0.007046912,0.007046912,0.007046912,0.007046912,0.007046912,0.007046912,0.007046912,0.007046912,0.007046912,0.007046912,0.007046912,0.007046912,0.007046912,0.007046912,0.007046912,0.007046912,0.007046912,0.007046912,0.007046912,0.007046912,0.007046912,0.007046912,0.007046912,0.007046912,0.007046912,0.007046912,0.007046912,0.007046912,0.007046912,0.007046912,0.0070469156,0.0070469156,0.0070469156,0.0070469156,0.007046919,0.007046919,0.0070469324,0.0070469384,0.0070469524,0.007046979,0.007047009,0.007047056,0.007047123,0.007047223,0.007047353,0.0070475433,0.007047803,0.0070481505,0.0070486143,0.0070492313,0.0070500458,0.0070511047,0.0070524737,0.0070542265,0.007056458,0.0070592915,0.0070628757,0.0070674014,0.0070731156,0.007080346,0.0070895073,0.0071011614,0.007116019,0.007134995,0.0071592294,0.007190094,0.0072292276,0.0072787367,0.007341113,0.007420087,0.0075221886,0.0076618535,0.00787243,0.008212637,0.008768244,0.009583076,0.010826422,0.012614575,0.014799333,0.01663857,0.017382089,0.016331654,0.014338116,0.012162508,0.010451801,0.009194502,0.008320821,0.007828445,0.007557946,0.007400856,0.0073070205,0.0072493576,0.007213212,0.0071997773,0.0072146393,0.007247652,0.0072752065,0.007265962,0.0072938306,0.0072903577,0.007291469,0.0072985482,0.0073343124,0.0074429633,0.007579009,0.007590125,0.0072116693,0.007003169,0.006824485,0.0067955684,0.006829697,0.006904528,0.007086752,0.007198878,0.0072598048,0.0072187525,0.00713809,0.0070689446,0.0070369,0.0070359437,0.0070895916,0.007185449,0.0073077953,0.0074238563,0.0074942796,0.0074724318,0.007335576,0.0071860203,0.007062865,0.0069745467,0.0069302646,0.0069335247,0.0069799484,0.0070429165,0.0070959413,0.0071089244,0.007153303,0.0071505914,0.0075106127,0.0055470127,0.0048434692,0.013608054
0.01278893,0.0029618305,0.005917284,0.007370907,0.007046912,0.007046912,0.007046912,0.007046912,0.007046912,0.007046912,0.007046912,0.007046912,0.007046912,0.007046912,0.007046912,0.007046912,0.007046912,0.007046912,0.007046912,0.007046912,0.007046912,0.007046912,0.007046912,0.007046912,0.007046912,0.007046912,0.007046912,0.007046912,0.007046912,0.007046912,0.007046912,0.007046912,0.007046912,0.007046912,0.007046912,0.007046912,0.007046912,0.007046912,0.007046912,0.007046912,0.007046912,0.007046912,0.007046912,0.007046912,0.007046912,0.007046912,0.007046912,0.007046912,0.007046912,0.007046912,0.007046912,0.007046912,0.007046912,0.007046912,0.007046912,0.007046912,0.007046912,0.007046912,0.007046912,0.007046912,0.007046912,0.007046912,0.007046912,0.007046912,0.007046912,0.007046912,0.007046912,0.007046912,0.007046912,0.007046912,0.007046912,0.007046912,0.007046912,0.007046912,0.007046912,0.007046912,0.007046912,0.007046912,0.007046912,0.007046912,0.007046912,0.007046912,0.007046912,0.007046912,0.007046912,0.007046912,0.007046912,0.007046912,0.007046912,0.007046912,0.007046912,0.007046912,0.007046912,0.007046912,0.007046912,0.007046912,0.007046912,0.007046912,0.007046912,0.007046912,0.007046912,0.007046912,0.007046912,0.007046912,0.007046912,0.007046912,0.007046912,0.007046912,0.007046912,0.007046912,0.007046912,0.007046912,0.007046912,0.007046912,0.007046912,0.007046912,0.007046912,0.007046912,0.007046912,0.007046912,0.007046912,0.007046912,0.007046912,0.007046912,0.007046912,0.007046912,0.007046912,0.007046912,0.007046912,0.007046912,0.007046912,0.007046912,0.007046912,0.007046912,0.007046912,0.007046912,0.007046912,0.007046912,0.007046912,0.007046912,0.007046912,0.007046912,0.007046912,0.007046912,0.0070469156,0.0070469156,0.0070469156,0.0070469156,0.007046919,0.007046926,0.0070469324,0.0070469454,0.007046966,0.0070469924,0.0070470325,0.0070470893,0.0070471726,0.0070472863,0.007047443,0.007047663,0.007047964,0.007048367,0.0070489077,0.007049615,0.0070505473,0.007051752,0.007053298,0.007055275,0.007057781,0.0070609497,0.0070649427,0.0070699714,0.0070763086,0.0070842966,0.0070943995,0.007107208,0.007123489,0.007144226,0.0071706227,0.007204145,0.007246558,0.0073001026,0.0073673734,0.0074521173,0.007560893,0.0077090403,0.007933001,0.008286906,0.008837663,0.009612543,0.010835127,0.0125986915,0.014684378,0.016523728,0.01692762,0.016141132,0.01408206,0.012063351,0.0103843445,0.0091725,0.008314442,0.007830493,0.007561358,0.0074007823,0.007303656,0.007243636,0.007206792,0.0071902643,0.0072004283,0.0072237197,0.0072714225,0.007290292,0.0073238844,0.0073102037,0.007276284,0.00723884,0.007202954,0.0072538815,0.007325718,0.0073959534,0.007054477,0.006795436,0.0067162523,0.0067184092,0.006856598,0.0069850567,0.0071885046,0.0072666397,0.007279785,0.007240766,0.007140781,0.007086554,0.007057481,0.007062267,0.007132304,0.007242364,0.0073767984,0.0075026904,0.0075305123,0.0074451016,0.007295018,0.0071910024,0.007038316,0.00694843,0.006910648,0.0069302456,0.006986764,0.00705865,0.007132742,0.0071741575,0.0072296793,0.0072152787,0.0075636385,0.0055817617,0.0048683435,0.013642283
0.01278893,0.0029618305,0.005917284,0.007370907,0.007046912,0.007046912,0.007046912,0.007046912,0.007046912,0.007046912,0.007046912,0.007046912,0.007046912,0.007046912,0.007046912,0.007046912,0.007046912,0.007046912,0.007046912,0.007046912,0.007046912,0.007046912,0.007046912,0.007046912,0.007046912,0.007046912,0.007046912,0.007046912,0.007046912,0.007046912,0.007046912,0.007046912,0.007046912,0.007046912,0.007046912,0.007046912,0.007046912,0.007046912,0.007046912,0.007046912,0.007046912,0.007046912,0.007046912,0.007046912,0.007046912,0.007046912,0.007046912,0.007046912,0.007046912,0.007046912,0.007046912,0.007046912,0.007046912,0.007046912,0.007046912,0.007046912,0.007046912,0.007046912,0.007046912,0.007046912,0.007046912,0.007046912,0.007046912,0.007046912,0.007046912,0.007046912,0.007046912,0.007046912,0.007046912,0.007046912,0.007046912,0.007046912,0.007046912,0.007046912,0.007046912,0.007046912,0.007046912,0.007046912,0.007046912,0.007046912,0.007046912,0.007046912,0.007046912,0.007046912,0.007046912,0.007046912,0.007046912,0.007046912,0.007046912,0.007046912,0.007046912,0.007046912,0.007046912,0.007046912,0.007046912,0.007046912,0.007046912,0.007046912,0.007046912,0.007046912,0.007046912,0.007046912,0.007046912,0.007046912,0.007046912,0.007046912,0.007046912,0.007046912,0.007046912,0.007046912,0.007046912,0.007046912,0.007046912,0.007046912,0.007046912,0.007046912,0.007046912,0.007046912,0.007046912,0.007046912,0.007046912,0.007046912,0.007046912,0.007046912,0.007046912,0.007046912,0.007046912,0.007046912,0.007046912,0.007046912,0.007046912,0.007046912,0.007046912,0.007046912,0.007046912,0.007046912,0.007046912,0.007046912,0.007046912,0.007046912,0.007046912,0.007046912,0.007046912,0.007046912,0.0070469156,0.0070469156,0.0070469156,0.0070469156,0.007046919,0.0070469286,0.0070469384,0.007046955,0.0070469757,0.007047009,0.007047056,0.0070471256,0.007047223,0.007047356,0.007047546,0.007047803,0.0070481505,0.0070486204,0.0070492453,0.0070500625,0.0070511247,0.0070524868,0.0070542432,0.007056465,0.0070592817,0.0070628286,0.007067275,0.0070728613,0.00707987,0.007088685,0.007099779,0.0071137925,0.0071315197,0.007154001,0.0071824975,0.0072185956,0.007264187,0.0073216767,0.007393706,0.0074839485,0.0075989584,0.0077551845,0.007988335,0.008343003,0.008845311,0.0095083285,0.010515523,0.011928087,0.013534664,0.014827649,0.0151637485,0.014337603,0.012778891,0.011215889,0.0099134445,0.008915786,0.008196042,0.007781,0.0075398404,0.0073885713,0.0072951764,0.007237322,0.007203057,0.007187878,0.0071979812,0.0072249,0.007281498,0.0073235757,0.007341339,0.0073258705,0.007272197,0.0071792747,0.0071032457,0.007098394,0.0070647546,0.007027271,0.006838004,0.0066999174,0.006668028,0.006747508,0.0069377613,0.0071067843,0.0072522997,0.0073090894,0.0073086224,0.0072589796,0.0071804463,0.007116828,0.0070903026,0.0071063736,0.0071698893,0.00727017,0.0073775314,0.007492333,0.0074906065,0.0074062035,0.007271154,0.0071324217,0.0069763865,0.0069055255,0.0069056237,0.006938625,0.007003182,0.0070868633,0.0071721883,0.007251997,0.007290503,0.0072944653,0.007628646,0.0056177024,0.0048888517,0.013665715
0.01278893,0.0029618305,0.005917284,0.007370907,0.007046912,0.007046912,0.007046912,0.007046912,0.007046912,0.007046912,0.007046912,0.007046912,0.007046912,0.007046912,0.007046912,0.007046912,0.007046912,0.007046912,0.007046912,0.007046912,0.007046912,0.007046912,0.007046912,0.007046912,0.007046912,0.007046912,0.007046912,0.007046912,0.007046912,0.007046912,0.007046912,0.007046912,0.007046912,0.007046912,0.007046912,0.007046912,0.007046912,0.007046912,0.007046912,0.007046912,0.007046912,0.007046912,0.007046912,0.007046912,0.007046912,0.007046912,0.007046912,0.007046912,0.007046912,0.007046912,0.007046912,0.007046912,0.007046912,0.007046912,0.007046912,0.007046912,0.007046912,0.007046912,0.007046912,0.007046912,0.007046912,0.007046912,0.007046912,0.007046912,0.007046912,0.007046912,0.007046912,0.007046912,0.007046912,0.007046912,0.007046912,0.007046912,0.007046912,0.007046912,0.007046912,0.007046912,0.007046912,0.007046912,0.007046912,0.007046912,0.007046912,0.007046912,0.007046912,0.007046912,0.007046912,0.007046912,0.007046912,0.007046912,0.007046912,0.007046912,0.007046912,0.007046912,0.007046912,0.007046912,0.007046912,0.007046912,0.007046912,0.007046912,0.007046912,0.007046912,0.007046912,0.007046912,0.007046912,0.007046912,0.007046912,0.007046912,0.007046912,0.007046912,0.007046912,0.007046912,0.007046912,0.007046912,0.007046912,0.007046912,0.007046912,0.007046912,0.007046912,0.007046912,0.007046912,0.007046912,0.007046912,0.007046912,0.007046912,0.007046912,0.007046912,0.007046912,0.007046912,0.007046912,0.007046912,0.007046912,0.007046912,0.007046912,0.007046912,0.007046912,0.007046912,0.007046912,0.007046912,0.007046912,0.007046912,0.007046912,0.007046912,0.007046912,0.0070469156,0.0070469156,0.007046919,0.007046919,0.007046919,0.007046919,0.007046922,0.0070469324,0.0070469454,0.007046962,0.0070469887,0.0070470287,0.0070470823,0.0070471657,0.0070472825,0.007047443,0.007047663,0.007047964,0.0070483703,0.0070489147,0.007049632,0.007050564,0.0070517785,0.007053328,0.0070553115,0.007057824,0.007060987,0.007064953,0.0070699253,0.0070761335,0.007083898,0.0070936135,0.0071057887,0.007121061,0.007140273,0.007164487,0.0071950243,0.007233575,0.0072822245,0.0073435428,0.007420326,0.007516078,0.0076391874,0.00780921,0.008059002,0.008416853,0.008865312,0.009393899,0.010088663,0.011017882,0.011996697,0.012698205,0.012808522,0.0121577885,0.011189516,0.010156706,0.009267628,0.008535663,0.008018504,0.007700237,0.0074997367,0.007366331,0.0072817937,0.0072289472,0.007198363,0.007185735,0.007194939,0.0072214464,0.0072629424,0.0073100687,0.007329672,0.00729384,0.0071957153,0.007112853,0.0070285923,0.007020323,0.0069980775,0.0069851233,0.006927538,0.0068295645,0.0068129664,0.0068728067,0.0070261364,0.0071886308,0.00727862,0.0073550777,0.007340001,0.0073205014,0.007247779,0.0071696616,0.007163582,0.007158714,0.0071974667,0.0072447024,0.007325649,0.007431812,0.007426823,0.0073269214,0.0071047926,0.0070035895,0.0068802508,0.0068765734,0.0069088386,0.0069522806,0.0070170932,0.0070966766,0.0071904035,0.007263819,0.007298766,0.0073067644,0.0076691294,0.005638814,0.0049023805,0.013708298
0.01278893,0.0029618305,0.005917284,0.007370907,0.007046912,0.007046912,0.007046912,0.007046912,0.007046912,0.007046912,0.007046912,0.007046912,0.007046912,0.007046912,0.007046912,0.007046912,0.007046912,0.007046912,0.007046912,0.007046912,0.007046912,0.007046912,0.007046912,0.007046912,0.007046912,0.007046912,0.007046912,0.007046912,0.007046912,0.007046912,0.007046912,0.007046912,0.007046912,0.007046912,0.007046912,0.007046912,0.007046912,0.007046912,0.007046912,0.007046912,0.007046912,0.007046912,0.007046912,0.007046912,0.007046912,0.007046912,0.007046912,0.007046912,0.007046912,0.007046912,0.007046912,0.007046912,0.007046912,0.007046912,0.007046912,0.007046912,0.007046912,0.007046912,0.007046912,0.007046912,0.007046912,0.007046912,0.007046912,0.007046912,0.007046912,0.007046912,0.007046912,0.007046912,0.007046912,0.007046912,0.007046912,0.007046912,0.007046912,0.007046912,0.007046912,0.007046912,0.007046912,0.007046912,0.007046912,0.007046912,0.007046912,0.007046912,0.007046912,0.007046912,0.007046912,0.007046912,0.007046912,0.007046912,0.007046912,0.007046912,0.007046912,0.007046912,0.007046912,0.007046912,0.007046912,0.007046912,0.007046912,0.007046912,0.007046912,0.007046912,0.007046912,0.007046912,0.007046912,0.007046912,0.007046912,0.007046912,0.007046912,0.007046912,0.007046912,0.007046912,0.007046912,0.007046912,0.007046912,0.007046912,0.007046912,0.007046912,0.007046912,0.007046912,0.007046912,0.007046912,0.007046912,0.007046912,0.007046912,0.007046912,0.007046912,0.007046912,0.007046912,0.007046912,0.007046912,0.007046912,0.007046912,0.007046912,0.007046912,0.007046912,0.007046912,0.007046912,0.007046912,0.007046912,0.007046912,0.007046912,0.007046912,0.007046912,0.0070469156,0.0070469156,0.007046919,0.007046919,0.007046919,0.007046919,0.0070469286,0.0070469356,0.0070469524,0.0070469757,0.0070470055,0.007047052,0.007047119,0.007047216,0.007047349,0.0070475363,0.0070477934,0.0070481473,0.007048617,0.0070492453,0.0070500695,0.007051138,0.00705252,0.0070542903,0.0070565348,0.0070593716,0.007062932,0.0070673884,0.0070729484,0.0070798807,0.0070885033,0.0070992443,0.0071126106,0.007129255,0.0071500195,0.007175965,0.00720845,0.007249275,0.0073006973,0.007365522,0.007446857,0.0075491625,0.007683229,0.007882004,0.008161172,0.008520378,0.0089378785,0.009377061,0.009804075,0.010241258,0.010670849,0.010894309,0.010796137,0.010375356,0.00980414,0.009207159,0.008648101,0.008174917,0.007837336,0.0076089147,0.007449271,0.007337813,0.007264638,0.0072178165,0.007190285,0.0071795355,0.0071853944,0.0072051305,0.0072275233,0.007248338,0.007247652,0.0072260904,0.007128904,0.007072962,0.007024579,0.0070132995,0.0070203766,0.007016551,0.0069966023,0.006963347,0.0069472883,0.0069853147,0.0070735374,0.0071996,0.0072937924,0.0074130665,0.0074122525,0.007399756,0.007336462,0.0072757406,0.0072655044,0.007241459,0.007222749,0.0072549675,0.0072722384,0.0073230597,0.0073331078,0.007255775,0.0070331683,0.006901759,0.0068307966,0.006860558,0.006920047,0.0069822455,0.0070284647,0.0071322434,0.0072016697,0.0072701867,0.0073035765,0.007305437,0.0076430165,0.005646391,0.0048997016,0.01374786
0.01278893,0.0029618305,0.005917284,0.007370907,0.007046912,0.007046912,0.007046912,0.007046912,0.007046912,0.007046912,0.007046912,0.007046912,0.007046912,0.007046912,0.007046912,0.007046912,0.007046912,0.007046912,0.007046912,0.007046912,0.007046912,0.007046912,0.007046912,0.007046912,0.007046912,0.007046912,0.007046912,0.007046912,0.007046912,0.007046912,0.007046912,0.007046912,0.007046912,0.007046912,0.007046912,0.007046912,0.007046912,0.007046912,0.007046912,0.007046912,0.007046912,0.007046912,0.007046912,0.007046912,0.007046912,0.007046912,0.007046912,0.007046912,0.007046912,0.007046912,0.007046912,0.007046912,0.007046912,0.007046912,0.007046912,0.007046912,0.007046912,0.007046912,0.007046912,0.007046912,0.007046912,0.007046912,0.007046912,0.007046912,0.007046912,0.007046912,0.007046912,0.007046912,0.007046912,0.007046912,0.007046912,0.007046912,0.007046912,0.007046912,0.007046912,0.007046912,0.007046912,0.007046912,0.007046912,0.007046912,0.007046912,0.007046912,0.007046912,0.007046912,0.007046912,0.007046912,0.007046912,0.007046912,0.007046912,0.007046912,0.007046912,0.007046912,0.007046912,0.007046912,0.007046912,0.007046912,0.007046912,0.007046912,0.007046912,0.007046912,0.007046912,0.007046912,0.007046912,0.007046912,0.007046912,0.007046912,0.007046912,0.007046912,0.007046912,0.007046912,0.007046912,0.007046912,0.007046912,0.007046912,0.007046912,0.007046912,0.007046912,0.007046912,0.007046912,0.007046912,0.007046912,0.007046912,0.007046912,0.007046912,0.007046912,0.007046912,0.007046912,0.007046912,0.007046912,0.007046912,0.007046912,0.007046912,0.007046912,0.007046912,0.007046912,0.007046912,0.007046912,0.007046912,0.007046912,0.007046912,0.007046912,0.007046912,0.0070469156,0.0070469156,0.0070469156,0.0070469156,0.007046919,0.007046922,0.0070469286,0.007046942,0.007046959,0.0070469826,0.0070470227,0.007047076,0.007047156,0.007047266,0.0070474297,0.00704765,0.007047947,0.0070483536,0.007048898,0.0070496188,0.0070505603,0.0070517855,0.0070533617,0.0070553725,0.007057918,0.00706113,0.007065153,0.007070176,0.0070764353,0.0070842057,0.007093842,0.0071057687,0.0071204947,0.0071386714,0.0071611097,0.0071888277,0.007223173,0.0072659687,0.007319611,0.007387134,0.0074721347,0.007581889,0.007733635,0.007966534,0.008315504,0.0087022595,0.009149798,0.009529162,0.009817027,0.0098497635,0.00986148,0.009779197,0.00956743,0.0092487335,0.008900676,0.008539157,0.008194209,0.007909626,0.00768652,0.007522793,0.007397533,0.0073070275,0.00724543,0.0072044516,0.007178941,0.0071665775,0.0071661025,0.0071745752,0.0071814023,0.0071839932,0.0071613174,0.0071346136,0.0070844535,0.007052364,0.007032007,0.007037619,0.0070547336,0.007073682,0.007069189,0.0070478334,0.0070331986,0.007051428,0.0071061957,0.0072177243,0.0073323934,0.0074415435,0.0074867182,0.00746117,0.0074213026,0.007371259,0.0073270327,0.0073094424,0.007283214,0.0072937305,0.007266065,0.007212393,0.007114931,0.0070299036,0.006918041,0.0068373536,0.0068073026,0.006854443,0.0069156606,0.0070053777,0.007079538,0.0071827727,0.0072175567,0.0072438824,0.0072467774,0.0072545274,0.007591957,0.005649765,0.004917956,0.013722546
0.01278893,0.0029618305,0.005917284,0.007370907,0.007046912,0.007046912,0.007046912,0.007046912,0.007046912,0.007046912,0.007046912,0.007046912,0.007046912,0.007046912,0.007046912,0.007046912,0.007046912,0.007046912,0.007046912,0.007046912,0.007046912,0.007046912,0.007046912,0.007046912,0.007046912,0.007046912,0.007046912,0.007046912,0.007046912,0.007046912,0.007046912,0.007046912,0.007046912,0.007046912,0.007046912,0.007046912,0.007046912,0.007046912,0.007046912,0.007046912,0.007046912,0.007046912,0.007046912,0.007046912,0.007046912,0.007046912,0.007046912,0.007046912,0.007046912,0.007046912,0.007046912,0.007046912,0.007046912,0.007046912,0.007046912,0.007046912,0.007046912,0.007046912,0.007046912,0.007046912,0.007046912,0.007046912,0.007046912,0.007046912,0.007046912,0.007046912,0.007046912,0.007046912,0.007046912,0.007046912,0.007046912,0.007046912,0.007046912,0.007046912,0.007046912,0.007046912,0.007046912,0.007046912,0.007046912,0.007046912,0.007046912,0.007046912,0.007046912,0.007046912,0.007046912,0.007046912,0.007046912,0.007046912,0.007046912,0.007046912,0.007046912,0.007046912,0.007046912,0.007046912,0.007046912,0.007046912,0.007046912,0.007046912,0.007046912,0.007046912,0.007046912,0.007046912,0.007046912,0.007046912,0.007046912,0.007046912,0.007046912,0.007046912,0.007046912,0.007046912,0.007046912,0.007046912,0.007046912,0.007046912,0.007046912,0.007046912,0.007046912,0.007046912,0.007046912,0.007046912,0.007046912,0.007046912,0.007046912,0.007046912,0.007046912,0.007046912,0.007046912,0.007046912,0.0070785265,0.007074362,0.007049719,0.006998942,0.0070512346,0.007142562,0.007189222,0.007063421,0.0070342217,0.007046912,0.007046912,0.007046912,0.007046912,0.007046912,0.0070469156,0.0070469156,0.0070469156,0.0070469156,0.007046919,0.007046922,0.0070469356,0.007046949,0.0070469687,0.007046999,0.0070470423,0.007047106,0.007047199,0.007047333,0.007047516,0.00704777,0.007048114,0.007048584,0.0070492118,0.007050036,0.0070511107,0.0070525073,0.0070543,0.007056585,0.0070594787,0.00706312,0.007067686,0.00707338,0.0070804604,0.0070892386,0.007100081,0.0071134223,0.007129768,0.0071497248,0.007174039,0.0072036297,0.0072397445,0.007284114,0.0073391325,0.007407935,0.00749488,0.0076103043,0.007779413,0.008050385,0.0084534455,0.008943701,0.009384372,0.00977233,0.009963795,0.009747429,0.009564918,0.009231996,0.0089174835,0.008619561,0.008357067,0.008125654,0.007912336,0.007721763,0.007570302,0.0074470434,0.0073493603,0.007277042,0.007225844,0.007190117,0.0071661607,0.0071518235,0.007145502,0.007144727,0.007142562,0.007137269,0.007121634,0.0071001556,0.0070766667,0.0070513445,0.0070426324,0.0070458846,0.0070617427,0.0070741675,0.0070741237,0.007062725,0.007051906,0.0070647686,0.007110116,0.0071994876,0.007307584,0.0073967096,0.007445959,0.007442421,0.0074097826,0.007381506,0.0073470613,0.007337608,0.00732868,0.007307197,0.0072581517,0.0071732197,0.0070785703,0.0069933734,0.0069075366,0.0068448763,0.0068302015,0.006873064,0.006941481,0.0070426925,0.0071378904,0.0072093033,0.0072292243,0.0072178817,0.007196571,0.007194445,0.007544848,0.0055788537,0.0048844274,0.013648136
0.01278893,0.0029618305,0.005917284,0.007370907,0.007046912,0.007046912,0.007046912,0.007046912,0.007046912,0.007046912,0.007046912,0.007046912,0.007046912,0.007046912,0.007046912,0.007046912,0.007046912,0.007046912,0.007046912,0.007046912,0.007046912,0.007046912,0.007046912,0.007046912,0.007046912,0.007046912,0.007046912,0.007046912,0.007046912,0.007046912,0.007046912,0.007046912,0.007046912,0.007046912,0.007046912,0.007046912,0.007046912,0.007046912,0.007046912,0.007046912,0.007046912,0.007046912,0.007046912,0.007046912,0.007046912,0.007046912,0.007046912,0.007046912,0.007020427,0.006979866,0.0070049297,0.007050834,0.007027141,0.0069099087,0.006892,0.0069479495,0.0070113074,0.0070340214,0.007046912,0.007046912,0.007046912,0.007046912,0.007046912,0.007046912,0.007046912,0.007046912,0.007046912,0.007046912,0.007046912,0.007046912,0.007046912,0.007046912,0.007046912,0.007046912,0.007046912,0.007046912,0.007046912,0.007046912,0.007046912,0.007046912,0.007046912,0.007046912,0.007046912,0.007046912,0.007046912,0.007046912,0.007046912,0.007046912,0.007046912,0.007046912,0.007046912,0.007046912,0.007046912,0.007046912,0.007046912,0.007046912,0.007046912,0.007046912,0.007046912,0.007046912,0.007046912,0.007046912,0.007046912,0.007046912,0.007046912,0.007046912,0.007046912,0.007046912,0.007046912,0.007046912,0.007046912,0.007046912,0.007046912,0.007046912,0.007046912,0.007046912,0.007046912,0.007046912,0.007046912,0.007046912,0.007046912,0.007046912,0.007046912,0.007046912,0.007046912,0.007046912,0.007046912,0.0070785265,0.0071532223,0.007044044,0.0070917197,0.0068655787,0.0070787137,0.0070584826,0.0074384557,0.00692721,0.0070173987,0.007046912,0.007046912,0.007046912,0.007046912,0.007046912,0.0070469156,0.0070469156,0.007046919,0.007046919,0.007046919,0.007046926,0.0070469356,0.0070469524,0.007046979,0.007047009,0.0070470623,0.0070471424,0.0070472495,0.0070473994,0.00704761,0.007047907,0.0070483075,0.007048841,0.0070495554,0.007050497,0.0070517226,0.0070533114,0.0070553487,0.0070579452,0.0070612305,0.007065374,0.007070564,0.007077055,0.0070851315,0.0070951246,0.007107437,0.0071225013,0.007140815,0.007162914,0.0071894336,0.0072211316,0.007259025,0.0073045893,0.007360009,0.007428327,0.0075143175,0.0076317405,0.0078079877,0.008097322,0.008510454,0.009048707,0.009445578,0.009824617,0.00990378,0.009902953,0.009478776,0.009041339,0.008600154,0.008291512,0.00807013,0.0078883525,0.007728075,0.007593207,0.0074795256,0.0073833237,0.0073071066,0.0072495327,0.007207048,0.007175992,0.00715373,0.007138445,0.007128621,0.007122423,0.007116471,0.007108326,0.0070964457,0.0070807054,0.007064795,0.0070509007,0.0070423195,0.0070418958,0.00704806,0.007052517,0.007050791,0.007044274,0.007042246,0.0070579248,0.00710033,0.007168036,0.007247114,0.007314132,0.0073550083,0.0073622423,0.0073474986,0.0073278723,0.0073078675,0.0072977087,0.0072882255,0.0072548753,0.007193747,0.007113025,0.0070251785,0.0069473707,0.0068894294,0.0068575786,0.006860697,0.006901704,0.0069671962,0.0070536654,0.007140815,0.00719405,0.007200442,0.007178486,0.007148912,0.0071276487,0.007501342,0.0055311737,0.0048638363,0.013666531
0.01278893,0.0029618305,0.005917284,0.007370907,0.007046912,0.007046912,0.007046912,0.007046912,0.007046912,0.007046912,0.007046912,0.007046912,0.007046912,0.007046912,0.007046912,0.007046912,0.007046912,0.007046912,0.007046912,0.007046912,0.007046912,0.007046912,0.007046912,0.007046912,0.007046912,0.007046912,0.007046912,0.007046912,0.007046912,0.007046912,0.007046912,0.007046912,0.007046912,0.007046912,0.007046912,0.007046912,0.007046912,0.007046912,0.007046912,0.007046912,0.007046912,0.007046912,0.007046912,0.007046912,0.007046912,0.007046912,0.007046912,0.007020427,0.006954283,0.0068872175,0.0069217836,0.00696101,0.0068436773,0.006730642,0.0067560356,0.006864321,0.006991662,0.007025421,0.007046912,0.007046912,0.007046912,0.007046912,0.007046912,0.007046912,0.007046912,0.007046912,0.007046912,0.007046912,0.007046912,0.007046912,0.007046912,0.007046912,0.007046912,0.007046912,0.007046912,0.007046912,0.007046912,0.007046912,0.007046912,0.007046912,0.007046912,0.007046912,0.007046912,0.007046912,0.007046912,0.007046912,0.007046912,0.007046912,0.007046912,0.007046912,0.007046912,0.007046912,0.007046912,0.007046912,0.007046912,0.007046912,0.007046912,0.007046912,0.007046912,0.007046912,0.007046912,0.007046912,0.007046912,0.007046912,0.007046912,0.007046912,0.007046912,0.007046912,0.007046912,0.007046912,0.007046912,0.007046912,0.007046912,0.007046912,0.007046912,0.007046912,0.007046912,0.007046912,0.007046912,0.007046912,0.007046912,0.007046912,0.007046912,0.007046912,0.0070785265,0.0070969355,0.007074596,0.007071917,0.007186545,0.0067630983,0.0058927275,0.007555346,0.008204931,0.009756593,0.008763579,0.0063606915,0.007025484,0.0070340214,0.007046912,0.007046912,0.007046912,0.007046912,0.0070469156,0.0070469156,0.007046919,0.007046919,0.007046919,0.0070469286,0.007046942,0.007046959,0.0070469854,0.0070470287,0.0070470893,0.0070471726,0.007047296,0.0070474795,0.00704772,0.007048053,0.007048507,0.0070491177,0.007049929,0.007051001,0.007052386,0.0070541864,0.0070564984,0.0070594423,0.00706318,0.0070679,0.007073832,0.0070812646,0.0070905313,0.0071020047,0.007116114,0.0071333167,0.007154069,0.007178822,0.007208068,0.0072423057,0.007282221,0.0073288847,0.0073840227,0.007450358,0.0075329677,0.007645845,0.007815467,0.008103455,0.008534193,0.009014237,0.009479895,0.00960087,0.010005448,0.009909416,0.00948591,0.008880852,0.0084160855,0.008092869,0.007881518,0.0077272523,0.0076030656,0.007497424,0.0074065677,0.0073313066,0.0072712707,0.0072249854,0.0071895802,0.007162687,0.0071424507,0.0071274396,0.0071164067,0.007108077,0.007101013,0.007093708,0.007084937,0.007074298,0.0070625814,0.0070516653,0.0070436434,0.0070394957,0.0070379293,0.00703639,0.007033269,0.0070302226,0.0070328023,0.0070481035,0.0070801517,0.0071261567,0.007176063,0.0072178063,0.0072429706,0.007250744,0.007246376,0.007237329,0.0072282963,0.0072191763,0.0072047454,0.0071743513,0.007124845,0.0070616887,0.0069949827,0.0069365846,0.006897287,0.0068830606,0.006896267,0.0069331005,0.006988719,0.0070554893,0.007117522,0.007154634,0.0071602147,0.0071364883,0.007106848,0.0070697106,0.0074286503,0.0055007273,0.0048346515,0.013626564
0.01278893,0.0029618305,0.005917284,0.007370907,0.007046912,0.007046912,0.007046912,0.007046912,0.007046912,0.007046912,0.007046912,0.007046912,0.007046912,0.007046912,0.007046912,0.007046912,0.007046912,0.007046912,0.007046912,0.007046912,0.007046912,0.007046912,0.007046912,0.007046912,0.007046912,0.007046912,0.007046912,0.007046912,0.007046912,0.007046912,0.007046912,0.007046912,0.007046912,0.007046912,0.007046912,0.007046912,0.007046912,0.007046912,0.007046912,0.007046912,0.007046912,0.007046912,0.007046912,0.007046912,0.007046912,0.007046912,0.007046912,0.007015635,0.006886494,0.0069686417,0.007232469,0.00739693,0.007188647,0.0069329105,0.006798971,0.006925272,0.0069698193,0.0069654053,0.007046912,0.007046912,0.007046912,0.007046912,0.007046912,0.007046912,0.007046912,0.007046912,0.007046912,0.007046912,0.007046912,0.007046912,0.007046912,0.007046912,0.007046912,0.007046912,0.007046912,0.007046912,0.007046912,0.007046912,0.007046912,0.007046912,0.007046912,0.007046912,0.007046912,0.007046912,0.007046912,0.007046912,0.007046912,0.007046912,0.007046912,0.007046912,0.007046912,0.007046912,0.007046912,0.007046912,0.007046912,0.007046912,0.007046912,0.007046912,0.007046912,0.007046912,0.007046912,0.007046912,0.007046912,0.007046912,0.007046912,0.007046912,0.007046912,0.007046912,0.007046912,0.007046912,0.007046912,0.007046912,0.007046912,0.007046912,0.007046912,0.007046912,0.007046912,0.007046912,0.007046912,0.007046912,0.007046912,0.007046912,0.0070785233,0.0070969355,0.0071132267,0.0070214965,0.007111359,0.006812205,0.0054840604,0.003829648,0.00504726,0.0103395395,0.02159675,0.016530998,0.008555009,0.0059379777,0.0070758485,0.0070119747,0.007046912,0.007046912,0.007046912,0.007046912,0.0070469156,0.0070469156,0.007046919,0.007046919,0.007046926,0.0070469356,0.0070469454,0.007046966,0.007047002,0.0070470455,0.007047116,0.0070472127,0.007047356,0.0070475563,0.0070478334,0.00704821,0.007048724,0.007049415,0.0070503294,0.007051535,0.007053108,0.0070551387,0.007057748,0.0070610796,0.0070653236,0.007070705,0.0070775007,0.007086048,0.0070967376,0.0071100057,0.0071263257,0.0071461746,0.0071699778,0.0071980935,0.0072308294,0.007268401,0.0073110824,0.0073594097,0.0074144946,0.0074785203,0.0075562433,0.0076605985,0.0078126835,0.008042959,0.008377379,0.008746344,0.009291181,0.00960097,0.01001811,0.009729698,0.009235761,0.008613629,0.008192764,0.007942246,0.007723005,0.007462582,0.0073378785,0.0073144883,0.0073087364,0.0072743525,0.0072409343,0.0072032376,0.007173566,0.0071503613,0.007132324,0.0071183676,0.007107541,0.0070989453,0.007091723,0.0070850444,0.007078188,0.0070707146,0.0070626047,0.00705433,0.007046665,0.007040319,0.0070355507,0.007032127,0.0070299366,0.0070298295,0.0070339954,0.007045071,0.0070642764,0.007089716,0.0071164067,0.0071383873,0.007151715,0.007156234,0.007154922,0.0071513834,0.0071470817,0.0071399864,0.0071256002,0.0070998464,0.007062053,0.007017266,0.006974068,0.006939654,0.0069191386,0.0069153067,0.0069286083,0.00695811,0.0070001613,0.0070469454,0.0070865373,0.007108914,0.0071114358,0.007096375,0.0070767403,0.0070570726,0.00741473,0.005502454,0.004825358,0.013601962
0.01278893,0.0029618305,0.005917284,0.007370907,0.007046912,0.007046912,0.007046912,0.007046912,0.007046912,0.007046912,0.007046912,0.007046912,0.007046912,0.007046912,0.007046912,0.007046912,0.007046912,0.007046912,0.007046912,0.007046912,0.007046912,0.007046912,0.007046912,0.007046912,0.007046912,0.007046912,0.007046912,0.007046912,0.007046912,0.007046912,0.007046912,0.007046912,0.007046912,0.007046912,0.007046912,0.007046912,0.007046912,0.007046912,0.007046912,0.007046912,0.007046912,0.007046912,0.007046912,0.007046912,0.007046912,0.007046912,0.007046912,0.007007962,0.0069944765,0.007334875,0.0076972535,0.0076663382,0.0075263577,0.0071748877,0.0072047175,0.007168868,0.0068904697,0.0069347885,0.007046912,0.007046912,0.007046912,0.007046912,0.007046912,0.007046912,0.007046912,0.007046912,0.007046912,0.007046912,0.007046912,0.007046912,0.007046912,0.007046912,0.007046912,0.007046912,0.007046912,0.007046912,0.007046912,0.007046912,0.007046912,0.007046912,0.007046912,0.007046912,0.007046912,0.007046912,0.007046912,0.007046912,0.007046912,0.007046912,0.007046912,0.007046912,0.007046912,0.007046912,0.007046912,0.007046912,0.007046912,0.007046912,0.007046912,0.007046912,0.007046912,0.007046912,0.007046912,0.007046912,0.007046912,0.007046912,0.007046912,0.007046912,0.007046912,0.007046912,0.007046912,0.007046912,0.007046912,0.007046912,0.007046912,0.007046912,0.007046912,0.007046912,0.007046912,0.007046912,0.007046912,0.0070785265,0.0070969397,0.007074596,0.0071028383,0.0071238563,0.007272607,0.0063970615,0.0054980516,0.0062990766,0.0072298776,0.009197808,0.013806769,0.034607995,0.1932197,0.027008496,0.009417192,0.005843364,0.006955952,0.006941754,0.007046912,0.007046912,0.007046912,0.007046912,0.0070469156,0.0070469156,0.007046919,0.007046919,0.007046926,0.0070469356,0.0070469524,0.0070469757,0.007047009,0.007047066,0.0070471424,0.0070472523,0.007047416,0.0070476434,0.0070479503,0.007048377,0.0070489547,0.007049729,0.0070507573,0.0070521063,0.007053869,0.0070561473,0.007059081,0.0070628454,0.007067659,0.007073789,0.007081577,0.007091427,0.007103794,0.0071192174,0.007138225,0.0071613374,0.0071889674,0.0072214114,0.0072588115,0.007301129,0.007348278,0.00740025,0.007457403,0.0075210705,0.0075950976,0.007690234,0.007821871,0.0080075795,0.008247607,0.008530284,0.009053052,0.009606308,0.009755078,0.009356549,0.008600601,0.008029017,0.0077916617,0.0076781297,0.007425667,0.007208972,0.007133218,0.0071630566,0.007238731,0.0072293547,0.0072150156,0.0071839658,0.0071589844,0.0071390127,0.0071231285,0.0071105273,0.007100492,0.0070923883,0.007085648,0.0070797564,0.007074224,0.0070686196,0.007062571,0.0070558935,0.007048791,0.0070420196,0.00703678,0.007034138,0.007034371,0.0070369733,0.007041396,0.0070477836,0.007056588,0.0070674587,0.007078673,0.007087876,0.007093466,0.0070954137,0.0070949267,0.0070932573,0.0070904437,0.0070848465,0.007073819,0.00705566,0.0070309285,0.007002927,0.00697681,0.006957428,0.0069476175,0.0069488278,0.00696094,0.0069825375,0.0070104217,0.0070391158,0.007062006,0.007074362,0.007075444,0.0070674615,0.007055857,0.0070451475,0.0074038617,0.005487872,0.004812611,0.0135671
0.01278893,0.0029618305,0.005917284,0.007370907,0.007046912,0.007046912,0.007046912,0.007046912,0.007046912,0.007046912,0.007046912,0.007046912,0.007046912,0.007046912,0.007046912,0.007046912,0.007046912,0.007046912,0.007046912,0.007046912,0.007046912,0.007046912,0.007046912,0.007046912,0.007046912,0.007046912,0.007046912,0.007046912,0.007046912,0.007046912,0.007046912,0.007046912,0.007046912,0.007046912,0.007046912,0.007046912,0.007046912,0.007046912,0.007046912,0.007046912,0.007046912,0.007046912,0.007046912,0.007046912,0.007046912,0.007046912,0.007046912,0.0069546015,0.006932155,0.007622285,0.008318512,0.0091153635,0.008068572,0.007949726,0.007961588,0.007304102,0.006855196,0.0069568446,0.007046912,0.007046912,0.007046912,0.007046912,0.007046912,0.007046912,0.007046912,0.007046912,0.007046912,0.007046912,0.007046912,0.007046912,0.007046912,0.007046912,0.007046912,0.007046912,0.007046912,0.007046912,0.007046912,0.007046912,0.007046912,0.007046912,0.007046912,0.007046912,0.007046912,0.007046912,0.007046912,0.007046912,0.007046912,0.007046912,0.007046912,0.007046912,0.007046912,0.007046912,0.007046912,0.007046912,0.007046912,0.007046912,0.007046912,0.007046912,0.007046912,0.007046912,0.007046912,0.007046912,0.007046912,0.007046912,0.007046912,0.007046912,0.007046912,0.007046912,0.007046912,0.007046912,0.007046912,0.007046912,0.007046912,0.007046912,0.007046912,0.007046912,0.007046912,0.0070785265,0.0070969327,0.0071376716,0.007036513,0.0070699113,0.00691252,0.0054351855,0.0040740343,0.004505967,0.0076741134,0.013516193,0.019386971,0.025398804,0.04362924,0.29472753,0.2649089,0.032668132,0.010253992,0.0060859905,0.006903364,0.0068573677,0.007046912,0.007046912,0.007046912,0.007046912,0.0070469156,0.0070469156,0.007046919,0.007046919,0.007046926,0.0070469356,0.0070469524,0.007046979,0.0070470255,0.0070470856,0.007047169,0.007047296,0.007047473,0.007047727,0.0070480737,0.0070485505,0.0070491913,0.0070500528,0.0070511983,0.0070527005,0.007054657,0.0070572067,0.007060492,0.0070647253,0.0070701563,0.0070771254,0.0070860307,0.0070973663,0.0071116984,0.0071296534,0.0071518845,0.0071789715,0.0072113993,0.007249471,0.007293319,0.0073428787,0.0073979287,0.0074928617,0.007576144,0.007601883,0.0076046246,0.0077460785,0.008019095,0.008269897,0.008263137,0.008187694,0.008516056,0.008804702,0.0088112345,0.00859691,0.008188456,0.007860852,0.007803537,0.0077593317,0.0076822806,0.007465493,0.007192116,0.007220161,0.0071926434,0.007136536,0.0071926913,0.0071669095,0.0071457955,0.0071286173,0.0071147126,0.007103477,0.007094386,0.0070869774,0.0070808395,0.007075628,0.007070943,0.007066324,0.0070611704,0.007054928,0.0070476294,0.0070404923,0.0070358166,0.0070355977,0.007039749,0.0070458082,0.007050827,0.0070537124,0.007055523,0.007057711,0.007060562,0.00706327,0.0070649865,0.0070654815,0.007065023,0.0070638387,0.0070616053,0.00705732,0.0070497557,0.007038336,0.0070237983,0.007008244,0.006994327,0.006984551,0.0069806133,0.006983129,0.006991791,0.007005334,0.007021387,0.007036813,0.0070485505,0.007054684,0.0070552016,0.007051702,0.0070463857,0.007040979,0.007401143,0.005483137,0.0048059723,0.013554777
0.01278893,0.0029618305,0.005917284,0.007370907,0.007046912,0.007046912,0.007046912,0.007046912,0.007046912,0.007046912,0.007046912,0.007046912,0.007046912,0.007046912,0.007046912,0.007046912,0.007046912,0.007046912,0.007046912,0.007046912,0.007046912,0.007046912,0.007046912,0.007046912,0.007046912,0.007046912,0.007046912,0.007046912,0.007046912,0.007046912,0.007046912,0.007046912,0.007046912,0.007046912,0.007046912,0.007046912,0.007046912,0.007046912,0.007046912,0.007046912,0.007046912,0.007046912,0.007046912,0.007046912,0.007046912,0.007046912,0.007020427,0.006901259,0.0071040997,0.008064059,0.008907931,0.008731448,0.0084850425,0.0089879725,0.0074380725,0.0070605353,0.006681528,0.007021217,0.007046912,0.007046912,0.007046912,0.007046912,0.007046912,0.007046912,0.007046912,0.007046912,0.007046912,0.007046912,0.007046912,0.007046912,0.007046912,0.007046912,0.007046912,0.007046912,0.007046912,0.007046912,0.007046912,0.007046912,0.007046912,0.007046912,0.007046912,0.007046912,0.007046912,0.007046912,0.007046912,0.007046912,0.007046912,0.007046912,0.007046912,0.007046912,0.007046912,0.007046912,0.007046912,0.007046912,0.007046912,0.007046912,0.007046912,0.007046912,0.007046912,0.007046912,0.007046912,0.007046912,0.007046912,0.007046912,0.007046912,0.007046912,0.007046912,0.007046912,0.007046912,0.007046912,0.007046912,0.007046912,0.007046912,0.007046912,0.007046912,0.007046912,0.007046912,0.0071299775,0.007114897,0.0071237623,0.005763451,0.004727346,0.0055949604,0.0067265565,0.009067827,0.011566487,0.02619204,0.049396344,0.29259732,0.26383916,0.30621946,0.057234626,0.031853862,0.011068888,0.007671361,0.006536267,0.006805926,0.0068316055,0.007046912,0.007046912,0.007046912,0.007046912,0.0070469156,0.0070469156,0.007046919,0.007046919,0.0070469286,0.0070469384,0.007046962,0.0070469887,0.0070470325,0.007047099,0.0070471964,0.0070473365,0.0070475363,0.007047814,0.0070481976,0.007048724,0.0070494316,0.0070503866,0.0070516486,0.007053305,0.0070554726,0.0070582926,0.0070619495,0.0070666755,0.007072784,0.007080658,0.007090803,0.0071038078,0.007120357,0.0071412306,0.0071672224,0.007199086,0.00723747,0.007282921,0.0073359376,0.007396944,0.0074662277,0.007640257,0.0077222525,0.007776415,0.0074089416,0.0073755556,0.0075371116,0.008204255,0.00835911,0.008119062,0.008596281,0.00889465,0.008771684,0.008453704,0.008071458,0.008073966,0.007960764,0.007834777,0.008022502,0.007774972,0.007831483,0.007423582,0.007099732,0.007080561,0.0071734814,0.0071519087,0.0071339887,0.0071191937,0.00710703,0.0070970603,0.007088893,0.00708218,0.0070766294,0.0070719467,0.0070677865,0.0070635816,0.007058466,0.007051589,0.00704299,0.0070351344,0.007030386,0.0070313546,0.007041316,0.0070553054,0.007063384,0.007062979,0.0070595318,0.0070558335,0.0070539424,0.0070537487,0.0070538963,0.0070538158,0.007053352,0.007052433,0.007050774,0.0070478865,0.007043283,0.00703683,0.007029027,0.007020985,0.0070141004,0.0070096543,0.007008453,0.00701072,0.0070160464,0.007023459,0.0070316102,0.0070390054,0.00704437,0.007047056,0.007047169,0.0070454213,0.007042716,0.007039789,0.007400397,0.00548106,0.004801944,0.0135456445
0.01278893,0.0029618305,0.005917284,0.007370907,0.007046912,0.007046912,0.007046912,0.007046912,0.007046912,0.007046912,0.007046912,0.007046912,0.007046912,0.007046912,0.007046912,0.007046912,0.007046912,0.007046912,0.007046912,0.007046912,0.007046912,0.007046912,0.007046912,0.007046912,0.007046912,0.007046912,0.007046912,0.007046912,0.007046912,0.007046912,0.007046912,0.007046912,0.007046912,0.007046912,0.007046912,0.007046912,0.007046912,0.007046912,0.007046912,0.007046912,0.007046912,0.007046912,0.007046912,0.007046912,0.007046912,0.007046912,0.00699149,0.0067862994,0.007134955,0.008148618,0.00890679,0.009578714,0.008333488,0.008690261,0.007357644,0.0068573416,0.0067115105,0.007034125,0.007046912,0.007046912,0.007046912,0.007046912,0.007046912,0.007046912,0.007046912,0.007046912,0.007046912,0.007046912,0.007046912,0.007046912,0.007046912,0.007046912,0.007046912,0.007046912,0.007046912,0.007046912,0.007046912,0.007046912,0.007046912,0.007046912,0.007046912,0.0070559704,0.007047169,0.0070357374,0.007032856,0.0070518926,0.0070853727,0.0070893797,0.007056224,0.0070507005,0.007046912,0.007046912,0.007046912,0.007046912,0.007046912,0.007046912,0.007046912,0.007046912,0.007046912,0.007046912,0.007055977,0.0070548477,0.007037323,0.0070093097,0.0070028175,0.007041506,0.007097793,0.007110335,0.0070804944,0.0070559033,0.007050704,0.007046912,0.007046912,0.007046912,0.007046912,0.007046912,0.0070785233,0.007189188,0.0068255737,0.00604784,0.0059642675,0.007184816,0.013098124,0.01777815,0.025501875,0.03703017,0.24924329,0.25833836,0.034230582,0.022784203,0.019714316,0.016845562,0.009167314,0.0069199745,0.0077756234,0.0071096886,0.006842015,0.0069078044,0.007046912,0.007046912,0.007046912,0.007046912,0.0070469156,0.0070469156,0.007046919,0.007046922,0.0070469324,0.0070469454,0.007046966,0.007046995,0.0070470492,0.007047119,0.0070472294,0.0070473794,0.0070475964,0.0070479005,0.0070483238,0.007048898,0.007049672,0.007050714,0.007052093,0.007053909,0.007056288,0.0070593883,0.0070634237,0.007068667,0.0070754774,0.0070843236,0.007095797,0.0071106073,0.007129593,0.007153724,0.0071839965,0.0072214496,0.0072671175,0.007322206,0.0073882705,0.0074673165,0.007561455,0.007876309,0.0076745376,0.006860473,0.008254225,0.012062356,0.014614269,0.013489118,0.009827836,0.007596197,0.0086374795,0.008745988,0.009015626,0.008876371,0.009018822,0.008654625,0.008338381,0.008674407,0.008146441,0.008448196,0.008641522,0.0076656425,0.0070990967,0.0070151696,0.0071144663,0.0071431478,0.007103505,0.0069721695,0.006943677,0.006991602,0.0070480807,0.0070648384,0.0070728385,0.0070685996,0.007070196,0.0070696604,0.007049452,0.006993615,0.0069107036,0.0068671363,0.0068385806,0.0068339165,0.0068521122,0.0068692835,0.006882624,0.0068826983,0.006909372,0.006961006,0.007003003,0.00703626,0.007049062,0.007050076,0.0070497124,0.007049095,0.00704806,0.007046402,0.0070439437,0.0070406925,0.0070369164,0.0070331423,0.007030026,0.007028156,0.007027893,0.0070292843,0.0070320307,0.007035594,0.007039289,0.007042473,0.007044657,0.007045631,0.007045471,0.0070444737,0.00704299,0.007041323,0.007402044,0.0054811486,0.004800112,0.013540313
0.01278893,0.0029618305,0.005917284,0.007370907,0.007046912,0.007046912,0.007046912,0.007046912,0.007046912,0.007046912,0.007046912,0.007046912,0.007046912,0.007046912,0.007046912,0.007046912,0.007046912,0.007046912,0.007046912,0.007046912,0.007046912,0.007046912,0.007046912,0.007046912,0.007046912,0.007046912,0.007046912,0.007046912,0.007046912,0.007046912,0.007046912,0.007046912,0.007046912,0.007046912,0.007046912,0.007046912,0.007046912,0.007046912,0.007046912,0.007046912,0.007046912,0.007046912,0.007046912,0.007046912,0.007046912,0.007020427,0.0069384933,0.0069211214,0.007631824,0.00834133,0.008437816,0.0076505933,0.007490405,0.007851961,0.0070536123,0.006689048,0.0068523395,0.0070533645,0.007046912,0.007046912,0.007046912,0.007046912,0.007046912,0.007046912,0.007046912,0.007046912,0.007046912,0.007046912,0.007046912,0.007046912,0.007046912,0.007046912,0.007046912,0.007046912,0.007046912,0.007046912,0.007046912,0.007046912,0.007046912,0.007046912,0.007046912,0.0070871185,0.0070734,0.007034987,0.006903185,0.0069375476,0.0070019914,0.007124946,0.007024975,0.007039959,0.007046912,0.007046912,0.007046912,0.007046912,0.007046912,0.007046912,0.007046912,0.007046912,0.007046912,0.0070559704,0.0070830286,0.007110093,0.0071186037,0.0069680274,0.0068235057,0.006710141,0.00682905,0.0069514937,0.007095596,0.0070576943,0.007046455,0.007050704,0.007046912,0.007046912,0.007046912,0.007046912,0.0071299775,0.0071910066,0.006038185,0.005416627,0.00690562,0.017200576,0.049712773,0.29010987,0.3225521,0.28423548,0.29418814,0.046865012,0.017093608,0.0076740948,0.007757074,0.006257751,0.0047950326,0.006537924,0.0073417006,0.0068947105,0.0067430637,0.006965521,0.007046912,0.007046912,0.007046912,0.007046912,0.0070469156,0.0070469156,0.007046919,0.007046922,0.0070469324,0.007046949,0.007046972,0.0070470055,0.007047059,0.0070471424,0.007047256,0.00704742,0.00704766,0.0070479866,0.0070484406,0.0070490646,0.0070499093,0.0070510344,0.0070525305,0.0070545007,0.0070570894,0.007060465,0.007064879,0.0070706382,0.007078168,0.0070880037,0.007100855,0.007117552,0.0071391207,0.0071667437,0.007201714,0.0072454843,0.007299806,0.0073671467,0.007451232,0.0075574666,0.007694293,0.008239253,0.00744271,0.0073584933,0.0108693605,0.029819127,0.03909707,0.01996246,0.00889737,0.006638163,0.009036517,0.009769197,0.0085213045,0.009062254,0.009011649,0.009763275,0.008704498,0.008090075,0.008325698,0.009044629,0.0081187235,0.007355084,0.0069886697,0.0069700605,0.0069973515,0.0070622875,0.0069844616,0.0068308813,0.0068333005,0.0069161938,0.007023881,0.007052233,0.0070694434,0.007065592,0.0070653236,0.007053545,0.007057725,0.007037876,0.0070719467,0.007109335,0.007095246,0.0071235094,0.0071434085,0.0071697463,0.0072030975,0.007159625,0.007113874,0.00704407,0.0070420424,0.007047349,0.007043563,0.007049062,0.007048744,0.007048374,0.0070478306,0.0070470055,0.0070458483,0.0070443735,0.0070427097,0.0070410855,0.0070397793,0.007039039,0.0070390096,0.007039689,0.007040919,0.007042443,0.0070439437,0.0070451642,0.007045928,0.007046165,0.007045915,0.0070452876,0.00704442,0.007043449,0.007404258,0.005482087,0.0047995173,0.013537541
0.01278893,0.0029618305,0.005917284,0.007370907,0.007046912,0.007046912,0.007046912,0.007046912,0.007046912,0.007046912,0.007046912,0.007046912,0.007046912,0.007046912,0.007046912,0.007046912,0.007046912,0.007046912,0.007046912,0.007046912,0.007046912,0.007046912,0.007046912,0.007046912,0.007020427,0.0070059714,0.0070382096,0.0070547406,0.0069980742,0.00694132,0.0069774278,0.0070206923,0.0070340214,0.007046912,0.007046912,0.007046912,0.007046912,0.007046912,0.007046912,0.007046912,0.007046912,0.007046912,0.007046912,0.007046912,0.0070469156,0.00699149,0.0068493905,0.007066114,0.007891768,0.008172234,0.008252461,0.0070669395,0.0076328595,0.007104598,0.006998309,0.0066830656,0.0069991276,0.007052677,0.007046912,0.007046912,0.0070469156,0.0070469156,0.007046912,0.007046912,0.007046912,0.007046912,0.007046912,0.007046912,0.007046912,0.007046912,0.007046912,0.007046912,0.007046912,0.007046912,0.007046912,0.007046912,0.007046912,0.007046912,0.007046912,0.007046912,0.007055977,0.0071119107,0.0070443735,0.0070289844,0.006864757,0.0071263025,0.0072280127,0.0073672584,0.0070079686,0.0070359805,0.007046912,0.007046912,0.007046912,0.007046912,0.007046912,0.007046912,0.007046912,0.007046912,0.007046912,0.0070871185,0.0071097226,0.007078362,0.0069755376,0.006834845,0.006949519,0.0070175347,0.0071432386,0.0072238706,0.0072307545,0.0070712008,0.0070185945,0.0070399623,0.007046912,0.007046912,0.007046912,0.007046912,0.0071817418,0.0067893984,0.004553223,0.008435814,0.018236877,0.29837924,0.2859649,0.20931733,0.033032186,0.021311823,0.021857673,0.012334909,0.0047720238,0.0031614418,0.00479529,0.006589635,0.008634801,0.008454541,0.0074596438,0.006743306,0.0067629064,0.0069194403,0.007046912,0.007046912,0.0070469156,0.0070469156,0.0070469156,0.0070469156,0.007046919,0.007046922,0.0070469356,0.0070469524,0.0070469757,0.007047009,0.0070470725,0.007047159,0.0070472825,0.00704746,0.0070477133,0.007048067,0.0070485575,0.007049225,0.007050129,0.0070513384,0.0070529473,0.0070550647,0.007057845,0.0070614945,0.007066271,0.0070725367,0.0070807687,0.0070915855,0.007105799,0.0071243867,0.007148553,0.00717975,0.0072196177,0.0072701834,0.007334257,0.007416288,0.00752364,0.0076698484,0.007874255,0.008714745,0.0064789713,0.009422203,0.015813218,0.31750926,0.30990747,0.031210689,0.009267541,0.0050217193,0.009981869,0.008842385,0.008958671,0.010074847,0.009445454,0.008272478,0.008147038,0.0088362275,0.008463771,0.008108367,0.007574796,0.00717518,0.006998087,0.007124794,0.0073630894,0.00753331,0.007315621,0.007104456,0.0069565056,0.0069848583,0.0070129978,0.0069883447,0.0070664277,0.0070629427,0.0070616924,0.0070528705,0.007165346,0.0074109407,0.0078118406,0.007916881,0.007903036,0.007873484,0.007909499,0.007942234,0.007958425,0.007829545,0.007461081,0.0070485407,0.007038622,0.007026053,0.007056214,0.0070490646,0.0070485203,0.0070482306,0.007047953,0.0070475894,0.0070470953,0.007046479,0.0070458045,0.0070451577,0.0070446404,0.0070443572,0.00704437,0.00704465,0.007045131,0.007045708,0.0070462483,0.0070466483,0.007046855,0.0070468355,0.007046612,0.0070462218,0.007045725,0.007045181,0.007406095,0.005483062,0.004799474,0.013536249
0.01278893,0.0029618305,0.005917284,0.007370907,0.007046912,0.007046912,0.007046912,0.007046912,0.007046912,0.007046912,0.007046912,0.007046912,0.007046912,0.007046912,0.007046912,0.007046912,0.007046912,0.007046912,0.007046912,0.007046912,0.007046912,0.007046912,0.007046912,0.007046912,0.0069914865,0.006918284,0.0069736685,0.0070357276,0.006907089,0.0067977444,0.0068709557,0.0069845277,0.007011972,0.007046912,0.007046912,0.007046912,0.007046912,0.007046912,0.007046912,0.007046912,0.007046912,0.007046912,0.007046912,0.007046912,0.0070204297,0.0069384933,0.006982021,0.0075523,0.00849813,0.008614843,0.0077200057,0.006816878,0.0074326945,0.006858826,0.0068883463,0.006654628,0.0070095817,0.007022248,0.007072801,0.007112079,0.0070848833,0.007055907,0.007050704,0.007046912,0.007046912,0.007046912,0.007046912,0.007046912,0.007046912,0.007046912,0.007046912,0.007046912,0.007046912,0.007046912,0.007046912,0.007046912,0.007046912,0.007046912,0.007046912,0.0070559704,0.007087057,0.0071342555,0.006943552,0.0068973815,0.006736995,0.007423705,0.0073899343,0.0072788615,0.006855712,0.007048264,0.007046912,0.007046912,0.007046912,0.007046912,0.007046912,0.007046912,0.007046912,0.007046912,0.007055977,0.0071119037,0.0070962273,0.0069931718,0.0069645704,0.006938553,0.0073707914,0.0076667457,0.0077254283,0.007717727,0.0075428025,0.0072602956,0.0070260693,0.0070359805,0.007046912,0.007046912,0.007046912,0.007046912,0.007287787,0.0062458417,0.005034685,0.009984079,0.04187255,0.26180017,0.26388592,0.03902632,0.013918476,0.007224332,0.0068017114,0.006145948,0.0053806747,0.006503327,0.007825775,0.008647292,0.0080460375,0.00845506,0.0075541553,0.006905224,0.006884348,0.006850486,0.007046912,0.007046912,0.0070469156,0.0070469156,0.0070469156,0.0070469156,0.007046919,0.007046922,0.0070469356,0.0070469524,0.007046979,0.0070470227,0.0070470823,0.007047169,0.0070473063,0.0070474935,0.007047767,0.0070481435,0.0070486604,0.0070493747,0.0070503363,0.0070516183,0.007053328,0.007055583,0.0070585534,0.007062448,0.0070675653,0.007074302,0.0070831897,0.0070949197,0.007110416,0.007130794,0.0071574324,0.0071920543,0.0072366954,0.007294061,0.00736826,0.007466337,0.0076016565,0.007798709,0.008096196,0.009140409,0.006161615,0.008858748,0.01944556,0.35392392,0.32696718,0.029511122,0.0069885966,0.0048399703,0.00974852,0.0098742265,0.009810655,0.008631495,0.008250646,0.008355467,0.008050243,0.0076737613,0.0074877823,0.00730873,0.007115797,0.0070204493,0.0069778035,0.007214035,0.007513375,0.007954221,0.007894781,0.007727388,0.007566341,0.0072575337,0.0069459034,0.0069545787,0.0070637823,0.0070606386,0.0070615583,0.0070442036,0.007502978,0.008413073,0.009934416,0.010507305,0.010845849,0.010754326,0.010899222,0.010962973,0.011073054,0.010583074,0.009299095,0.0077698138,0.0073229834,0.007049482,0.007045928,0.0070255836,0.0070173824,0.007039303,0.0070150997,0.006954404,0.0068756393,0.0068836375,0.0069230455,0.006996361,0.0070314277,0.007046552,0.007046559,0.007046659,0.0070468257,0.007047009,0.007047169,0.0070472695,0.0070472863,0.007047209,0.007047056,0.0070468285,0.007046555,0.0070462716,0.007407276,0.0054837586,0.00479957,0.013535681
0.01278893,0.0029618305,0.005917284,0.007370907,0.007046912,0.007046912,0.007046912,0.007046912,0.007046912,0.007046912,0.007046912,0.007046912,0.007046912,0.007046912,0.007046912,0.007046912,0.007046912,0.007046912,0.007046912,0.007046912,0.007046912,0.007046912,0.007046912,0.007046912,0.006971268,0.0070266323,0.0071686236,0.0074330326,0.0070809564,0.0068942956,0.0067709563,0.006943006,0.0069277645,0.007046912,0.007046912,0.007046912,0.007046912,0.007046912,0.007046912,0.007046912,0.007046912,0.007046912,0.007020427,0.006979866,0.0069524744,0.006884951,0.0071537737,0.007730964,0.008406114,0.008834076,0.007851757,0.0072768424,0.0077498103,0.006845817,0.0068174624,0.006745606,0.006908194,0.006790164,0.006841775,0.006995374,0.007032363,0.0070139207,0.007039079,0.0070469156,0.007046912,0.007046912,0.007046912,0.007046912,0.007046912,0.007046912,0.007046912,0.007046912,0.007046912,0.007046912,0.007046912,0.007046912,0.007046912,0.007046912,0.007055977,0.007087057,0.007117569,0.0070713814,0.0066629956,0.006861744,0.0073761316,0.009310677,0.008201482,0.0073090373,0.006830369,0.007055111,0.007046912,0.007046912,0.007046912,0.007046912,0.007046912,0.007046912,0.007046912,0.0070559704,0.0070830286,0.007146966,0.0070201936,0.006995281,0.0071914415,0.007878153,0.009228085,0.009781473,0.010033084,0.009081201,0.007959201,0.0071898317,0.006885391,0.007048264,0.007046912,0.007046912,0.007046912,0.007046912,0.007382911,0.00529731,0.007472789,0.016551174,0.26822916,0.26547632,0.03555016,0.008841048,0.0032957993,0.0028087986,0.0041802227,0.006126363,0.0065652356,0.0070386096,0.007898741,0.00841184,0.009099103,0.007758326,0.007887412,0.0070667393,0.0068306057,0.00674498,0.007046912,0.007046912,0.007046912,0.007046912,0.007046919,0.007046919,0.007046919,0.007046926,0.0070469356,0.0070469524,0.0070469826,0.0070470255,0.0070470893,0.0070471857,0.007047326,0.0070475265,0.007047814,0.0070482073,0.0070487605,0.007049505,0.007050517,0.0070518726,0.0070536723,0.007056051,0.0070591844,0.0070633003,0.0070687174,0.007075869,0.00708533,0.0070978766,0.007114496,0.007136445,0.007165261,0.0072029107,0.007223751,0.007271863,0.007391254,0.007522697,0.0076231756,0.00780652,0.008249304,0.009400699,0.006929048,0.010249361,0.023144733,0.34020662,0.33785823,0.025857594,0.0055167535,0.0036665748,0.010367663,0.010569701,0.008807374,0.007918881,0.0073522096,0.0072342944,0.0072884355,0.0071313684,0.0069120745,0.006834188,0.0068655335,0.0069674705,0.0069216397,0.0072624823,0.0077440445,0.008599638,0.0082765985,0.008396216,0.008330537,0.007481002,0.007012446,0.007034541,0.0070951246,0.007067663,0.007057136,0.007016535,0.0077335914,0.009232436,0.011933971,0.01215374,0.012545588,0.012171593,0.012459119,0.01262187,0.013097434,0.0127016,0.010776584,0.008212804,0.0075638173,0.0070524807,0.00705985,0.0071090255,0.0070183817,0.00695339,0.0069394503,0.0068552676,0.006787087,0.0067446954,0.0067750337,0.0069383723,0.007013635,0.0070472355,0.007047246,0.0070472895,0.007047349,0.007047403,0.0070474395,0.007047443,0.00704741,0.0070473463,0.007047246,0.007047119,0.0070469757,0.0070468322,0.0074079074,0.005484151,0.004799659,0.01353544
0.01278893,0.0029618305,0.005917284,0.007376561,0.0070526367,0.0070427265,0.007030875,0.0069979015,0.0070167077,0.0070271543,0.007050153,0.0070476765,0.007046912,0.007046912,0.007046912,0.007046912,0.007046912,0.007046912,0.007046912,0.007046912,0.007046912,0.007046912,0.007046912,0.007046912,0.006946183,0.0071552647,0.0073814546,0.008083997,0.0077165407,0.0075568976,0.006855624,0.006940771,0.0068145245,0.0070340214,0.007046912,0.007046912,0.007046912,0.007046912,0.007046912,0.007046912,0.007046912,0.007046912,0.007015638,0.0069026677,0.006840058,0.0069250944,0.007485209,0.00793558,0.008501607,0.0076220934,0.0074567073,0.0072114575,0.007913938,0.0069689746,0.006885248,0.0067773447,0.0068898536,0.006992307,0.007274022,0.007443305,0.0072143152,0.007013243,0.0070503736,0.0070469156,0.007046912,0.007046912,0.007046912,0.007046912,0.007046912,0.007046912,0.007046912,0.007046912,0.007046912,0.007046912,0.007046912,0.007046912,0.007055977,0.0070548477,0.007069182,0.007093069,0.0070419563,0.006706398,0.0064749243,0.006946199,0.008041476,0.009904033,0.007614537,0.006924006,0.0068547768,0.007086567,0.007046912,0.007046912,0.007046912,0.007046912,0.007046912,0.007046912,0.007046912,0.007082277,0.0071194936,0.0071039684,0.0068136053,0.007071666,0.007999868,0.009889365,0.008689526,0.008200609,0.010708892,0.011457282,0.00919458,0.0074303495,0.0068630916,0.0070141237,0.0070382096,0.0070547406,0.0069980742,0.00694132,0.007293489,0.004701276,0.007876625,0.018866267,0.3072794,0.038205195,0.009017024,0.0023474388,0.0045685964,0.0062628654,0.006775092,0.0067961994,0.006869127,0.0074389908,0.008056456,0.008377898,0.008138951,0.008253304,0.008611358,0.007197481,0.006861506,0.0067812484,0.007049719,0.006998942,0.0070512383,0.007142562,0.007189226,0.0070634307,0.0070342245,0.007046926,0.0070469356,0.007046955,0.0070469854,0.0070470325,0.007047099,0.0070471964,0.0070473463,0.007047553,0.0070478534,0.007048267,0.007048838,0.0070496188,0.007050674,0.007052086,0.007053963,0.007056448,0.007059716,0.007064016,0.0070696874,0.007077186,0.0070871213,0.007100317,0.007117842,0.0071410406,0.0071715736,0.007211594,0.0072049634,0.007194261,0.0073490716,0.0075650276,0.0076261885,0.0077840523,0.008242492,0.00970689,0.009243566,0.014649551,0.027193077,0.3047415,0.34423107,0.035218555,0.009018673,0.0052089184,0.009853838,0.009660677,0.008308632,0.0073778387,0.007083371,0.006947966,0.006980312,0.0069532054,0.006836033,0.007052624,0.0073004067,0.007453292,0.0072115525,0.007195883,0.007431935,0.008510821,0.008492363,0.008843266,0.0076661645,0.006872667,0.006831347,0.006915317,0.007039782,0.0070281858,0.0070200176,0.0069112373,0.0076461304,0.009575589,0.012852078,0.012610674,0.012520466,0.0121778995,0.01253356,0.012821111,0.013621586,0.0140681835,0.011708636,0.0088144075,0.008054098,0.0075319842,0.007380619,0.0071129343,0.0066290065,0.0064621517,0.006402295,0.0064192186,0.006434178,0.0064312215,0.0065207626,0.0068309386,0.0069542164,0.007047303,0.0070473226,0.007047366,0.007047403,0.0070474325,0.0070474395,0.0070474227,0.0070473934,0.0070473426,0.0070472825,0.0070472127,0.0070471396,0.007047069,0.007408177,0.005484331,0.004799702,0.013535339
0.01278893,0.0029618305,0.005917284,0.007392093,0.0070578116,0.0070624943,0.00700989,0.007002117,0.007026203,0.0070497054,0.0070817275,0.0070652408,0.007046912,0.007046912,0.007046912,0.007046912,0.007046912,0.007046912,0.007046912,0.007046912,0.007046912,0.007046912,0.007046912,0.007046912,0.006937045,0.0073627997,0.007669797,0.00903252,0.00823542,0.008665252,0.007143858,0.006835068,0.0066810213,0.0069856425,0.0070340247,0.0070469156,0.007046912,0.007046912,0.007046912,0.007046912,0.0070469156,0.0070469156,0.0070350505,0.007064106,0.007168708,0.0074719405,0.0077855294,0.007690634,0.007879975,0.0066720843,0.0075609474,0.007146418,0.007573427,0.0069410433,0.0068558087,0.006731261,0.006709819,0.007320304,0.007613413,0.0074613355,0.0068933326,0.00695475,0.007071224,0.007046912,0.007046912,0.007046912,0.0070469156,0.0070523266,0.007052634,0.0070427265,0.0070308787,0.0069979015,0.0070167007,0.0070271543,0.007050153,0.0070567382,0.007087057,0.0070970603,0.0071095102,0.006955188,0.006612094,0.0065234043,0.006629679,0.008019937,0.00999359,0.01021575,0.0072597526,0.007195266,0.0069408305,0.007072352,0.007046912,0.007046912,0.007046912,0.007046912,0.007020427,0.0070059714,0.0070453444,0.007090917,0.007048391,0.006913951,0.0069143735,0.0075343153,0.008781831,0.010248041,0.007913953,0.008098283,0.009226463,0.011221269,0.008258278,0.0069394726,0.0068455283,0.0069572204,0.0069736685,0.0070357276,0.006907089,0.0067977407,0.0072167167,0.004328038,0.0069993925,0.017150132,0.30688715,0.023242379,0.0048202174,0.002332722,0.0055879424,0.0067180623,0.0067750565,0.0068661873,0.0070938524,0.007429305,0.007698473,0.008165921,0.007829279,0.0081840465,0.008182309,0.006997796,0.006732084,0.0068430067,0.007108083,0.006822808,0.006926397,0.0070530013,0.0074612293,0.0069450913,0.0070174155,0.0070469286,0.0070469384,0.007046959,0.0070469887,0.0070470325,0.007047106,0.007047209,0.007047359,0.007047577,0.0070478865,0.0070573767,0.0070568416,0.00703616,0.007018735,0.0070275166,0.007080058,0.007121999,0.0070981826,0.0070736045,0.007074268,0.0070782118,0.0070884875,0.0071021495,0.0071203057,0.007144348,0.007176002,0.007217526,0.0071906727,0.0073209107,0.007580229,0.008040912,0.007868792,0.007887774,0.007984342,0.0094322255,0.010896288,0.013251136,0.022149123,0.049436763,0.3603753,0.042544574,0.0096963765,0.005630799,0.0067956327,0.009247501,0.007981604,0.007464394,0.007379222,0.0072152033,0.007090209,0.0070893867,0.0071948916,0.0075211166,0.007635772,0.00755781,0.007601771,0.007513816,0.00784346,0.0076976176,0.00814386,0.0077642784,0.007139608,0.0069635846,0.007225686,0.0072782687,0.0072277226,0.00705031,0.006997994,0.006819445,0.00744115,0.008967527,0.011503003,0.010049399,0.009419786,0.008863543,0.009067278,0.009223939,0.010201102,0.011398333,0.010229147,0.0082485005,0.007888771,0.0074302396,0.00717157,0.0064973524,0.0059707197,0.0057407836,0.0055923695,0.0055128387,0.005566139,0.0059858453,0.0065114256,0.0068445364,0.006872953,0.0070470856,0.007047116,0.0070471894,0.007047266,0.00704732,0.0070473426,0.0070473393,0.00704732,0.0070472863,0.0070472523,0.007047209,0.0070471726,0.0070471293,0.007408257,0.0054843803,0.0047997064,0.013535282
0.012686773,0.002889519,0.005663691,0.007203589,0.006961712,0.0070840647,0.0070511214,0.007205212,0.0069989325,0.0071115303,0.007107488,0.00709268,0.006998833,0.006950243,0.006977682,0.0070095547,0.007019988,0.0070573096,0.0070911287,0.007090548,0.0070392354,0.0069786836,0.0069835023,0.006968493,0.00690106,0.007285869,0.0076750787,0.009243064,0.008812655,0.009577742,0.0076360106,0.0068512554,0.006646072,0.006899583,0.007011979,0.0070469156,0.007046912,0.007046912,0.007046912,0.007046912,0.0070469156,0.0070469156,0.006985732,0.007028735,0.0073829847,0.0078069237,0.008103827,0.007768972,0.006931873,0.006232886,0.0070200274,0.0064479224,0.006941589,0.006458118,0.0065752943,0.0068782736,0.007513052,0.010025655,0.009592943,0.0076512774,0.0068214447,0.0068472526,0.006938165,0.0069520334,0.0069863833,0.006934266,0.0069643003,0.0070181964,0.0070259096,0.006972328,0.006846364,0.00685405,0.0068600215,0.00693926,0.0069869324,0.007053181,0.0070821936,0.0070736185,0.0068755224,0.0066188467,0.0064567258,0.006641409,0.008149755,0.011021624,0.010774631,0.008268586,0.0075379102,0.007091696,0.006956285,0.006929776,0.00689093,0.006880972,0.00689517,0.0068966,0.0068100174,0.006688209,0.006800622,0.0069955694,0.006865095,0.006808728,0.0070907427,0.008487707,0.010379205,0.010316072,0.0077243433,0.008266327,0.011612233,0.012262927,0.008073646,0.0068854275,0.00663227,0.006959187,0.007217625,0.0074914964,0.007179291,0.0069721,0.007005016,0.004866325,0.008448103,0.018182699,0.2513052,0.034022696,0.009064746,0.0047935653,0.006937419,0.006033056,0.0066356794,0.0069471733,0.0069828443,0.00679599,0.0068053785,0.0060783196,0.006434632,0.0075786295,0.007352133,0.006622714,0.006727554,0.0061256518,0.005870056,0.007678995,0.008868052,0.010094607,0.009106329,0.0065525337,0.0070570894,0.007042153,0.007033389,0.0070149405,0.007022325,0.007072925,0.007112274,0.0070851883,0.007056365,0.0070513887,0.007047914,0.007088577,0.007110423,0.007066083,0.006884048,0.00676273,0.0068311524,0.0069877994,0.007001978,0.00699388,0.007068121,0.007058991,0.0069509866,0.006946436,0.007021257,0.007109894,0.0071651223,0.0072204173,0.0071497452,0.0074758707,0.007892346,0.008772277,0.008454257,0.008231297,0.007946689,0.009518596,0.011344475,0.012406281,0.016500156,0.031359006,0.29197517,0.3092414,0.025393981,0.012906305,0.0066008875,0.007910928,0.00817974,0.0075307866,0.007597193,0.007372791,0.007134532,0.00704142,0.007303414,0.0077322773,0.008063933,0.008597906,0.007867772,0.007873268,0.007286187,0.0074227,0.0068619256,0.0070862086,0.007608649,0.0076434906,0.0076513356,0.0072073443,0.006979978,0.006900439,0.006938027,0.0066707097,0.007237223,0.008676474,0.010996284,0.009356129,0.008481938,0.0079142405,0.007955418,0.008191926,0.009122245,0.010368323,0.009410292,0.008090928,0.007918244,0.0075162705,0.006677263,0.006075155,0.0061467695,0.005991659,0.0056787166,0.0049104663,0.004870615,0.0054146266,0.0063166805,0.006927095,0.006827233,0.007046762,0.0070467857,0.0070469053,0.0070470423,0.0070471494,0.0070472127,0.0070472355,0.0070472327,0.0070472187,0.0070471964,0.0070471726,0.007047146,0.0070471256,0.007408257,0.005484378,0.0047996994,0.013535237
0.012580571,0.0028233929,0.0055893897,0.0073035904,0.006899988,0.0070744087,0.0071864044,0.0073269806,0.007152616,0.0072081983,0.007068202,0.007085192,0.0069234353,0.0068027936,0.006853465,0.0069987797,0.0069860327,0.006991758,0.006863089,0.0069901785,0.00710704,0.007396216,0.0072819386,0.0072156535,0.007017379,0.0072941063,0.007677723,0.009029175,0.0088757165,0.010048777,0.00865651,0.0076168906,0.0067994636,0.0068243784,0.0068581016,0.0070253345,0.0070547443,0.0069980742,0.00694132,0.0069774278,0.007020696,0.0070340214,0.0069547957,0.006959665,0.0075624217,0.0081516635,0.008042343,0.0070575206,0.006834605,0.0058728615,0.0067251613,0.005737766,0.0061918925,0.0061356695,0.006412905,0.0075495527,0.0081085125,0.009516326,0.0073864968,0.006211118,0.0060844156,0.00618491,0.006245602,0.0061873076,0.0061559584,0.006160245,0.006320198,0.00640006,0.0063753133,0.0063067907,0.006405287,0.0067932033,0.0068221064,0.0069390717,0.006740369,0.0066904267,0.0069659655,0.006592404,0.0065066796,0.006295618,0.0066438597,0.0070135123,0.009540402,0.00990056,0.009077623,0.008471258,0.0076506003,0.007017525,0.006735483,0.0067348066,0.006781759,0.0067115007,0.006678313,0.006730132,0.0067837643,0.0069157714,0.007104312,0.0072966274,0.0070473463,0.0073285,0.0074638324,0.009864278,0.008611016,0.007902845,0.0073085455,0.008210024,0.010370383,0.009254319,0.007475672,0.0066539664,0.0066050035,0.007001014,0.007301865,0.0077856327,0.0075105424,0.0074498532,0.0069611357,0.0054523093,0.0089565925,0.020877318,0.265241,0.30622554,0.03647279,0.014303707,0.0067005935,0.0053212503,0.0071423696,0.0069294646,0.0063282894,0.0056124977,0.005087265,0.0047554006,0.0051745824,0.0052304813,0.005360201,0.005677335,0.006067895,0.005413404,0.006490185,0.010882621,0.020268733,0.01498829,0.0083540445,0.006185464,0.007084276,0.007078553,0.00706315,0.0068802414,0.0067577483,0.006824281,0.0070044985,0.0070561706,0.0070182565,0.0070406557,0.007047927,0.0071173534,0.00710593,0.006965474,0.00684151,0.00680177,0.0071722795,0.0073345834,0.007078124,0.006829286,0.0070217727,0.0070558405,0.0069752205,0.007005888,0.0071116784,0.0071449536,0.0070906146,0.0071131634,0.007049305,0.007628264,0.007846388,0.008793428,0.0075603854,0.008017593,0.007596801,0.008804082,0.010718111,0.0109221935,0.007571753,0.009770871,0.029395267,0.34030902,0.045086674,0.0115490835,0.0048628114,0.0066093327,0.008059181,0.0074734613,0.0075729573,0.0073670107,0.0072529996,0.007262822,0.0076048723,0.0076007317,0.00814175,0.007965062,0.0084053315,0.008446258,0.0074961144,0.006496075,0.007130997,0.008234711,0.010339892,0.009916717,0.009378647,0.0077349525,0.007088242,0.0067455745,0.006489422,0.006051897,0.0066189594,0.008468178,0.011294462,0.009695548,0.008473448,0.0074355802,0.0074942308,0.0077748834,0.008732909,0.009779904,0.008729834,0.0075751045,0.0071467776,0.0069735665,0.0059574135,0.0065171863,0.00745506,0.007949294,0.007150774,0.005616235,0.0047558746,0.0046963166,0.0056389584,0.0068740244,0.006771928,0.007046392,0.0070463857,0.007046555,0.007046769,0.007046955,0.0070470725,0.0070471326,0.007047156,0.007047152,0.0070471396,0.007047123,0.007047109,0.0070470925,0.0074082264,0.005484362,0.0047996817,0.013535205
0.012896017,0.0028889861,0.0057680975,0.007454474,0.0071489364,0.0073691076,0.007476836,0.0076114144,0.0074005686,0.0072628018,0.007096217,0.0075950506,0.0071179974,0.006882855,0.006674183,0.0067210062,0.0067021335,0.006655759,0.005923225,0.0051193754,0.0037826963,0.004478771,0.0051317783,0.006896852,0.0075325794,0.0072593335,0.007020729,0.0069392817,0.0060799075,0.0047824,0.005097213,0.005495536,0.0060217404,0.006217523,0.0065249256,0.00702142,0.007130717,0.0070089446,0.0068959603,0.0068616555,0.006858333,0.0068123955,0.006762961,0.006845846,0.0075917128,0.007573903,0.0076101604,0.006627851,0.0076180547,0.005670298,0.00620265,0.0051477095,0.006275978,0.0066410783,0.007577754,0.0096554365,0.009640242,0.0094759865,0.006701654,0.0057511106,0.00527759,0.005104773,0.0050173397,0.0050127995,0.005271438,0.0054984656,0.005705845,0.0058274884,0.005550885,0.0052633556,0.0054249954,0.0055299937,0.0055313758,0.00594828,0.0060117077,0.0060720774,0.006308967,0.005897895,0.005934725,0.006952182,0.008830287,0.008197553,0.007412919,0.008918373,0.0107060885,0.009804589,0.008921408,0.007763507,0.007401641,0.007230305,0.0072807707,0.0069194273,0.00665903,0.006503662,0.0065307394,0.007072483,0.0072134575,0.0074637686,0.007148628,0.0071715494,0.007310462,0.00823787,0.0074309367,0.007540575,0.007553305,0.008317894,0.011419631,0.008747654,0.0071050283,0.0062430073,0.0066792876,0.00725561,0.007808319,0.008984796,0.007880721,0.007899978,0.0064995354,0.005634437,0.0058231167,0.00954279,0.03806954,0.30253413,0.28552523,0.023857187,0.007839338,0.0038696246,0.0071754856,0.006255744,0.0057120025,0.004102233,0.0037371116,0.004209837,0.003922084,0.004218856,0.0046195113,0.0055331727,0.0060675154,0.0049206796,0.0087561505,0.016057556,0.21397838,0.024265712,0.01170841,0.006449352,0.0066053104,0.0070862453,0.0069449465,0.00683736,0.0067965114,0.007165268,0.0073823,0.007251894,0.0069894176,0.007036683,0.007047937,0.0071397764,0.007035554,0.0068951994,0.0067616124,0.007241312,0.0077554155,0.0075768973,0.0070411623,0.0070682787,0.0074876654,0.0073992657,0.007379872,0.007198673,0.006989765,0.0069126673,0.0069620516,0.0070398995,0.006791209,0.007218022,0.0072521144,0.008413789,0.0068524857,0.0075844196,0.007040089,0.0081395935,0.01121149,0.010149518,0.0045607723,0.006371336,0.02030891,0.34704524,0.32040513,0.01787636,0.0091830455,0.0059028734,0.0075087473,0.0072829,0.0074650156,0.007318485,0.007456785,0.0075715994,0.0078099566,0.007676328,0.007978467,0.0078257425,0.009045655,0.008070927,0.007433384,0.007424292,0.010144862,0.010656251,0.010352101,0.008310479,0.0077887787,0.006972995,0.0067744497,0.006315965,0.0059941355,0.005316621,0.0060620653,0.008328008,0.0119316215,0.01091518,0.007299861,0.0062277783,0.005788207,0.007278193,0.008631729,0.009892224,0.0095494855,0.0082983365,0.0064016525,0.005364927,0.0054545724,0.0077855107,0.009587069,0.010567447,0.009019951,0.0068833604,0.0054327836,0.004965611,0.00551086,0.006838403,0.006774187,0.007046015,0.007045935,0.007046152,0.007046465,0.0070467424,0.0070469324,0.0070470325,0.0070470786,0.0070470925,0.0070470856,0.0070470786,0.007047069,0.007047056,0.0074081947,0.005484339,0.004799666,0.01353518
0.013368778,0.0033313597,0.0063698147,0.00833432,0.007500727,0.0074470933,0.007202256,0.0072667566,0.007484399,0.0075957654,0.007586649,0.0086067915,0.0075395335,0.0071817385,0.0068312595,0.00724055,0.0065081064,0.005992042,0.0073995315,0.0070659593,0.0075491313,0.011094692,0.010200447,0.010231923,0.0062551214,0.0033871166,0.003119129,0.0043132543,0.006435275,0.010447136,0.009179558,0.008252394,0.005046743,0.00408218,0.0056205937,0.0066853934,0.007602958,0.007159975,0.0068440204,0.006577643,0.0065449025,0.0065689804,0.006667734,0.006915388,0.0076611317,0.0070501864,0.0072984197,0.006472109,0.007277782,0.005048805,0.0053751837,0.0052343206,0.007197096,0.00902346,0.008453381,0.007394998,0.0072202263,0.006836405,0.005730051,0.0054416438,0.004918663,0.004891211,0.0050910143,0.005058333,0.0053896084,0.005212559,0.005427826,0.0054964297,0.0054972614,0.0053662574,0.00528386,0.0051795873,0.004771992,0.0047336095,0.005139428,0.0059970603,0.0057463874,0.0052710306,0.0057337494,0.007703363,0.008853345,0.0056963414,0.005543715,0.0058136783,0.006744172,0.010078696,0.008531232,0.0072952393,0.006879375,0.006984994,0.0069845184,0.006678936,0.005997771,0.0061446815,0.0071958997,0.0076690675,0.007988777,0.00818145,0.0070761167,0.007954579,0.008059556,0.0076117814,0.007020646,0.0059223603,0.00687449,0.0089684175,0.010759126,0.0075877793,0.0064814403,0.006385839,0.007048748,0.0070121377,0.007198561,0.008425545,0.007451997,0.0075616557,0.0060160607,0.005653852,0.0040328857,0.004791414,0.015421077,0.083680294,0.30295625,0.026800891,0.006403854,0.0040284335,0.008156253,0.006574282,0.004413888,0.003976768,0.003958491,0.005018218,0.0044545103,0.0040609785,0.0050833733,0.0073602777,0.008221458,0.0067396853,0.01169819,0.019467777,0.25400653,0.038495436,0.014203231,0.0062938854,0.005877011,0.007087806,0.006942973,0.0067699784,0.007204725,0.0077171647,0.007631961,0.0070615555,0.0068747303,0.0070279296,0.006975129,0.0070448276,0.006932566,0.006884443,0.0070956387,0.009779913,0.009989812,0.008108746,0.0070898123,0.0073412172,0.007968566,0.007912305,0.0077447193,0.007285466,0.0067614526,0.006487482,0.0064030597,0.006417355,0.006011096,0.0062837447,0.0065375185,0.007922778,0.0062566153,0.008127699,0.0069710836,0.009613288,0.008641959,0.007219518,0.0023402649,0.004129875,0.012615852,0.33788198,0.041138243,0.009831513,0.0039719325,0.005204794,0.0070359064,0.0068955785,0.0071527953,0.007102903,0.007853311,0.008016293,0.0089878915,0.007381985,0.0072947075,0.007412877,0.008216817,0.0073880674,0.0075058164,0.009370469,0.010757705,0.008343354,0.008781445,0.008048755,0.00817308,0.007110082,0.0056385975,0.004427718,0.0042553283,0.0048527266,0.005203066,0.005928663,0.006472664,0.007037243,0.008521223,0.013487163,0.007899492,0.007304309,0.0044807675,0.005385975,0.0076996717,0.008677852,0.00819815,0.0066719707,0.0047306768,0.005859616,0.010174127,0.01196107,0.010246208,0.008065466,0.006071088,0.005597447,0.005603781,0.0068888096,0.0067778584,0.007044377,0.007045441,0.0070457114,0.0070461384,0.0070465216,0.0070467857,0.0070469384,0.007047012,0.0070470423,0.0070470492,0.0070470423,0.0070470325,0.0070470255,0.0074081626,0.0054843226,0.004799652,0.013535161
0.012784805,0.0034768905,0.006125747,0.010029939,0.008268739,0.008176807,0.0072095627,0.006771133,0.007352122,0.008093432,0.008868609,0.009644609,0.0070991474,0.008093784,0.006964475,0.0068107178,0.0069988957,0.013098834,0.015948223,0.02052439,0.018956095,0.027937546,0.028409151,0.026754757,0.006551333,0.0045388737,0.005969014,0.010273163,0.019776838,0.027179863,0.015359059,0.0075557283,0.0051261117,0.0075412216,0.0110393,0.011735101,0.009228744,0.0068877107,0.007225594,0.006476409,0.0065393886,0.006521174,0.006712003,0.007027307,0.007592151,0.006896284,0.006181763,0.0057438193,0.0085263215,0.004920423,0.005244983,0.0068957186,0.009333399,0.008461323,0.005269728,0.0053741354,0.0058255796,0.0064053442,0.0063494635,0.0054680738,0.005233377,0.00446563,0.004615834,0.0048627104,0.0049291016,0.0049844733,0.0050362116,0.0051351534,0.005138173,0.0051939515,0.0053271195,0.005754929,0.0053107617,0.005183036,0.006820259,0.006808728,0.00580699,0.005366222,0.006314463,0.006340793,0.007952852,0.00891718,0.007318301,0.0058307243,0.005911108,0.006615164,0.009282205,0.0071971463,0.0071059265,0.007293181,0.0076244245,0.0064260196,0.005470333,0.0062112915,0.0066465447,0.007922546,0.0094011305,0.008469712,0.00683569,0.0066606444,0.006242389,0.00850356,0.0076269535,0.0052293157,0.0058728587,0.010502933,0.009448399,0.00693533,0.0065692393,0.008062895,0.008298765,0.0086103855,0.0075971102,0.0071382723,0.007226107,0.0064587668,0.005231171,0.005940247,0.0035862052,0.005185493,0.009981148,0.2644086,0.32969224,0.023557868,0.004447822,0.0025651385,0.0058024055,0.006404522,0.004358232,0.0053941454,0.005523741,0.0054573566,0.006347863,0.005233812,0.006604694,0.006257597,0.006742776,0.0058779893,0.0059153293,0.01545097,0.034123275,0.27164155,0.023316339,0.010408422,0.0060897246,0.006146082,0.0070509743,0.0074585956,0.009912551,0.010264145,0.008550594,0.0071745752,0.0068367096,0.0069150934,0.006797097,0.0068080374,0.0064768847,0.006030638,0.0065968903,0.008588948,0.009223155,0.0073961494,0.006732354,0.0074282573,0.008804316,0.0084755765,0.0075043174,0.0068532773,0.006133571,0.0059965625,0.0058557815,0.005731086,0.005201963,0.0058682305,0.0063795038,0.007728115,0.005964692,0.006313458,0.0073616295,0.011739422,0.009517652,0.0062140296,0.0025293482,0.005264392,0.012623759,0.32050115,0.024746355,0.009156487,0.0039792676,0.0059899664,0.0060598566,0.0062942877,0.00630789,0.006177089,0.0074770944,0.008322269,0.010518927,0.0075833895,0.008157815,0.0065460466,0.007827086,0.0066093164,0.007507731,0.006198122,0.008134621,0.0073517747,0.0087163225,0.007842544,0.007395869,0.006085463,0.004479485,0.003468559,0.004023095,0.004909406,0.0042089336,0.0037249422,0.002555837,0.0051462497,0.010294955,0.024003305,0.017931145,0.015576969,0.008332866,0.009136168,0.011249052,0.010783734,0.02461432,0.014073992,0.005867727,0.0053126058,0.007537508,0.011531932,0.010711125,0.00959704,0.007065501,0.006607441,0.006199385,0.0070496053,0.006799055,0.0070203296,0.0070449105,0.007045251,0.0070458013,0.007046298,0.007046652,0.007046859,0.007046959,0.007047002,0.007047012,0.007047012,0.0070470055,0.007046995,0.007408135,0.0054843025,0.004799638,0.01353514
0.01200726,0.0038254592,0.0061454326,0.008576561,0.007675664,0.008404362,0.0074121435,0.006991841,0.0065832855,0.011573904,0.010643308,0.009483765,0.0068257586,0.00834391,0.0071034003,0.0076652365,0.008142924,0.013402777,0.025514675,0.35658386,0.37290174,0.36445728,0.40338534,0.048018564,0.015541511,0.008473713,0.020172901,0.04486201,0.31850448,0.4112812,0.28006065,0.017259205,0.013724985,0.01711271,0.033735752,0.021090781,0.009178664,0.0044276966,0.0065973676,0.006176597,0.0068419343,0.006709209,0.006912511,0.007399945,0.0078115407,0.007146912,0.0061578457,0.005348286,0.0054767057,0.0045804577,0.005366581,0.008003838,0.008226635,0.004488048,0.0045902305,0.004565925,0.0056937165,0.006697896,0.0076893177,0.006128294,0.0058048293,0.0052640447,0.005718018,0.0058941133,0.005089761,0.0054646884,0.00460172,0.0048962967,0.0045118225,0.004933367,0.0052941376,0.0057317982,0.0057444125,0.005368824,0.006060586,0.005419929,0.005765083,0.0043547093,0.006253438,0.005799466,0.0066250297,0.01253254,0.008620457,0.007999577,0.005482329,0.005717305,0.005921563,0.0061852382,0.0060493136,0.008039144,0.006493349,0.0054944027,0.0069165933,0.006515267,0.007174599,0.009037323,0.0076368665,0.0068867058,0.006374325,0.0049961554,0.0053649317,0.006257232,0.0063765035,0.0045288983,0.0051522027,0.012700135,0.0077587035,0.007069959,0.007302405,0.009583529,0.00799007,0.00962934,0.0057658916,0.005828715,0.0068843025,0.005638288,0.003974134,0.0029072992,0.0015642933,0.0035403664,0.012794596,0.27556637,0.29955053,0.026410734,0.004231999,0.0025533766,0.0054882043,0.0070823515,0.00521972,0.0067410357,0.009803853,0.008736539,0.006505098,0.006119146,0.00753633,0.0074903867,0.0072411643,0.0061801258,0.0043220646,0.0069820345,0.015466312,0.2858476,0.03386924,0.013267263,0.005574795,0.005993281,0.0073351213,0.007609844,0.010019443,0.010323611,0.008016805,0.0068015666,0.006590509,0.0068167364,0.006780147,0.006854738,0.006368077,0.005424504,0.005584939,0.0075508165,0.008480142,0.006529499,0.0057218503,0.006282327,0.0076237707,0.007336611,0.0062732785,0.0066415844,0.006634064,0.0069362763,0.0063759983,0.0061881524,0.0053587956,0.0056973677,0.005604366,0.006303845,0.005248261,0.00557951,0.006643199,0.0071926164,0.0055894745,0.004742192,0.0029309846,0.0049507055,0.008343133,0.015545602,0.0074736667,0.0041595,0.004161491,0.00512362,0.004460949,0.006718899,0.011120345,0.011167131,0.012462089,0.009562076,0.009858808,0.0069632316,0.008103747,0.006396871,0.007983997,0.0064258645,0.0072538787,0.0049971486,0.0065280576,0.0059154695,0.0072167404,0.0070465384,0.007064932,0.0054222457,0.0038442195,0.0030126225,0.0038861374,0.007004664,0.0048690783,0.003369468,0.0016626811,0.006552611,0.008115568,0.5629373,0.053453445,0.023907032,0.009860861,0.002093628,0.0035750298,0.008356253,0.5231975,0.040441494,0.009797027,0.0038556308,0.0050180466,0.0105216475,0.0107377,0.011698703,0.010117911,0.009517243,0.007239101,0.0072869523,0.006747121,0.007006482,0.0070443572,0.007044804,0.007045484,0.007046102,0.0070465356,0.0070467885,0.007046919,0.0070469687,0.0070469826,0.0070469854,0.0070469826,0.0070469757,0.007408114,0.005484289,0.004799629,0.013535122
0.012336413,0.003353525,0.005124363,0.008832766,0.007924344,0.0080367485,0.0072112214,0.007155217,0.006210055,0.010109866,0.0068136114,0.007376209,0.005749072,0.0070535555,0.0059954966,0.006113184,0.005824279,0.01351205,0.01654222,0.012631947,0.02343703,0.031859674,0.39130753,0.035404835,0.3229128,0.037420202,0.47409326,0.48026258,0.32467327,0.065128796,0.012192806,0.009126099,0.010425203,0.26305482,0.35918602,0.039036576,0.010388387,0.003287575,0.006034543,0.005766069,0.0064725233,0.006583541,0.006900992,0.0073416103,0.0076545877,0.0064794626,0.0058279773,0.0052278545,0.0046371357,0.0035320157,0.004117106,0.005697527,0.00469535,0.004069875,0.004884365,0.0051934836,0.0062035434,0.007566062,0.008861964,0.0074605974,0.0071147527,0.0072154007,0.006763214,0.0067745843,0.0065464005,0.006747437,0.0061417907,0.00674807,0.005521103,0.0062277224,0.005271906,0.0058252066,0.0054310733,0.0050050956,0.004399695,0.0036011196,0.0032231337,0.003841361,0.0037844472,0.00395964,0.004750664,0.009259847,0.013160587,0.00876159,0.0060998052,0.007294103,0.006266225,0.00804216,0.006622014,0.006394477,0.005981779,0.0058148718,0.005972427,0.0064041885,0.009141894,0.0068367906,0.0072527733,0.005660375,0.0059179603,0.005622942,0.0053067855,0.005092768,0.0069384244,0.0035267284,0.0036710242,0.017808976,0.008175497,0.007929625,0.0056979894,0.010712631,0.00806927,0.0061784126,0.0041218284,0.003529273,0.0030135566,0.0016925049,0.0021136075,0.0032636405,0.006284623,0.011119721,0.030753363,0.068871886,0.21893293,0.0124877645,0.0049394732,0.003639215,0.006248453,0.006130237,0.0051159374,0.0069709783,0.0069497298,0.00863772,0.007773406,0.0071975654,0.007421077,0.006945926,0.0048515527,0.0038132784,0.0029110196,0.0061535635,0.018863045,0.05271531,0.2834788,0.0159729,0.009876455,0.0063994625,0.0070151966,0.006929563,0.010302576,0.011745658,0.00906622,0.0075976104,0.007285504,0.00713312,0.007058212,0.006626357,0.0059050396,0.0050884746,0.0050815125,0.005642489,0.0064815353,0.005243998,0.0048791203,0.005330458,0.0054646004,0.007030702,0.005803935,0.0071929637,0.007131027,0.008105292,0.007256977,0.0071494337,0.0057602795,0.005916903,0.0067277607,0.0072997985,0.0066952733,0.0055818995,0.005963191,0.006341571,0.005819237,0.0050464123,0.0044414904,0.0056130057,0.005799466,0.008456375,0.006576656,0.0071181417,0.012912757,0.006788967,0.008183063,0.011523874,0.032066368,0.027406214,0.018767267,0.007944433,0.009077297,0.00711158,0.0074060597,0.00689516,0.008617731,0.006416434,0.006759198,0.004629057,0.0050759246,0.0051460713,0.006389907,0.006186217,0.006232325,0.0056814286,0.004800989,0.0044210493,0.0076916027,0.0118642235,0.008615927,0.005470055,0.0035735115,0.00465344,0.0037905932,0.017699111,0.015267078,0.57366925,0.0271256,0.0061809393,0.0019661046,0.009083612,0.025524227,0.53144217,0.0157135,0.011323887,0.004533359,0.00959481,0.010149934,0.01251106,0.012366504,0.012955799,0.0088718785,0.007659116,0.0068372274,0.006953219,0.007043797,0.0070444103,0.007045231,0.007045951,0.0070464485,0.0070467424,0.0070468853,0.007046942,0.007046966,0.007046966,0.007046966,0.007046962,0.0074080965,0.005484279,0.0047996175,0.013535109
0.010812659,0.002896778,0.004456172,0.0072435294,0.007649894,0.007569303,0.0075048357,0.0071499883,0.0054161963,0.0062474934,0.0057987454,0.006415276,0.0056063775,0.0073559517,0.0051730727,0.0050281803,0.0046921126,0.005682805,0.0068067033,0.0062458743,0.007290748,0.011854204,0.017129488,0.013106584,0.012764618,0.01645306,0.02014491,0.024215907,0.021173766,0.010144862,0.004681267,0.0023543416,0.0054072924,0.03819951,0.45417064,0.022210496,0.003814813,0.0014398716,0.0055969986,0.0062166713,0.0070688003,0.00665165,0.0068915565,0.0069986805,0.008134498,0.0072438284,0.0065869754,0.0046222177,0.0030073596,0.0028104538,0.0033211857,0.0042191125,0.0033590852,0.0047990894,0.0062537906,0.005500946,0.005450223,0.0064408756,0.007953503,0.007302128,0.0067473897,0.0067269383,0.0068561467,0.0074378257,0.0068837907,0.007574269,0.0067433673,0.007377546,0.00666221,0.0068804827,0.0058880867,0.0065256576,0.0065445052,0.005103635,0.003417677,0.0055306857,0.0052173976,0.0063801296,0.004981504,0.0035054034,0.003642692,0.005814003,0.0060703545,0.006168299,0.0062257247,0.006101268,0.003998821,0.008398709,0.0069985744,0.0065698954,0.0058293394,0.0031947219,0.0065458543,0.0061560217,0.006544924,0.0052515552,0.0046376423,0.0045363964,0.00596993,0.005451924,0.0045752847,0.0046054237,0.0039887493,0.0041857525,0.0030475105,0.00793063,0.0066347145,0.0062611178,0.005739409,0.0057767183,0.005150785,0.0031322201,0.0025159637,0.002960483,0.0040446566,0.0041442397,0.0066196434,0.008089662,0.018036788,0.028119653,0.28610176,0.25174412,0.026924388,0.008040936,0.0059026885,0.0068019372,0.009782619,0.009285469,0.00563612,0.0055658114,0.005378878,0.009459697,0.007913308,0.008143348,0.008115553,0.0053694625,0.0028194485,0.00352335,0.0068043857,0.019565031,0.023670217,0.021611031,0.013453579,0.008561293,0.008243642,0.0073617822,0.007245223,0.006488058,0.008146788,0.010937638,0.008623738,0.0076562385,0.006961089,0.007104127,0.0071668997,0.006663914,0.006022905,0.004254595,0.004577724,0.0044049243,0.005532887,0.0044958373,0.0046715415,0.005228715,0.005667065,0.006648513,0.0057651233,0.007470826,0.007850881,0.009228089,0.008454888,0.008425828,0.006703641,0.006294514,0.006544053,0.007424028,0.007680114,0.006488205,0.0064070867,0.00559199,0.0055462364,0.0052544656,0.006668227,0.007772316,0.0074717742,0.004505436,0.0050546187,0.005420896,0.021622535,0.0069142557,0.012060214,0.018151963,0.28925458,0.36044583,0.03856675,0.015483276,0.0091057345,0.0057446603,0.0059159608,0.007147775,0.008353218,0.007005649,0.006499295,0.0054606316,0.0052637225,0.0052571353,0.0061030583,0.006503428,0.0062862015,0.0059082787,0.0062141353,0.0071151904,0.00840817,0.0075439415,0.0067331544,0.005760932,0.0047198585,0.0052094893,0.0030403547,0.0068162256,0.006866945,0.013986584,0.0049893972,0.0031358746,0.002193475,0.0043510287,0.012247037,0.01583176,0.009490311,0.0059965793,0.0052306354,0.007018369,0.006491239,0.009344406,0.012095928,0.018920952,0.0103094,0.008621936,0.0069254525,0.006892144,0.007043316,0.00704412,0.007045071,0.007045865,0.007046405,0.007046712,0.0070468658,0.0070469324,0.0070469524,0.007046959,0.0070469524,0.0070469524,0.00740809,0.005484271,0.0047996133,0.013535103
0.01235403,0.0037482758,0.004719816,0.007507358,0.0066303476,0.006597343,0.0066153836,0.0069783987,0.0061309603,0.006196671,0.0053157867,0.0063155675,0.006457044,0.006631013,0.0053363624,0.004655552,0.004850676,0.008151424,0.0043725506,0.0028180373,0.0028339282,0.0037441128,0.0059230593,0.006732884,0.0058500604,0.008393516,0.007091632,0.0064764954,0.004466599,0.0017247563,0.00088534626,0.0013512399,0.004009048,0.025426948,0.4815022,0.03390278,0.006077168,0.0023647815,0.0046962253,0.0059850486,0.0051945522,0.0053298944,0.005775327,0.00654083,0.006968021,0.0075527364,0.007351615,0.005591508,0.0034135964,0.0029918745,0.003500312,0.005222647,0.0039763637,0.0056433883,0.008966206,0.0049306946,0.00501903,0.004948357,0.0064904704,0.006681123,0.0063994657,0.0064910823,0.006350637,0.0069085183,0.0071306555,0.0075375536,0.0068799644,0.007870564,0.007107478,0.006822601,0.0050017787,0.004389708,0.002731324,0.0026643581,0.0019705354,0.0023146723,0.003257112,0.0039744023,0.0035890248,0.0031649992,0.0029817657,0.005382954,0.003264233,0.0036560318,0.003923012,0.0058892984,0.0054337084,0.014275867,0.02338159,0.0090446165,0.0032518033,0.0024211097,0.0044864677,0.0059877355,0.004723273,0.0038600487,0.0036409253,0.004205114,0.005518763,0.004712837,0.00348939,0.002407875,0.0022846642,0.0034236915,0.0032870015,0.006650317,0.0057234913,0.005996111,0.006296164,0.0048658145,0.0037764413,0.0039716717,0.0060350327,0.009429687,0.01040638,0.015830481,0.023564126,0.2885394,0.36275014,0.31880826,0.38822633,0.03318036,0.009469535,0.0030994685,0.0033428196,0.004985554,0.0057868324,0.0070224074,0.004932487,0.005400296,0.0042475527,0.008008459,0.0070121977,0.012861386,0.0064606215,0.0041001923,0.00434924,0.006311457,0.03004166,0.28419843,0.3167471,0.027621165,0.011219047,0.00495191,0.006650802,0.008783633,0.00739336,0.006860519,0.008204093,0.011313232,0.010134209,0.0067235976,0.0064167166,0.006624204,0.0069868234,0.006533286,0.005652509,0.005142111,0.005689836,0.0054867864,0.0054503833,0.005090599,0.006535109,0.0062428857,0.007408002,0.0064747306,0.0057590096,0.006821102,0.006765482,0.007150039,0.007380259,0.008737827,0.0075905663,0.0068169846,0.007015501,0.008011478,0.008190931,0.007142113,0.0068513174,0.0060806135,0.006045338,0.0058822227,0.0066929273,0.0075739366,0.0066554192,0.0049605407,0.0046543297,0.0052830526,0.008582666,0.012304825,0.009078322,0.009485189,0.0145294955,0.01846275,0.0119746355,0.015069478,0.006746386,0.0062366175,0.0057997517,0.0067042857,0.00702748,0.0060128025,0.0066011157,0.006480141,0.00639249,0.006359987,0.007058968,0.00679459,0.006671743,0.006875662,0.007776079,0.008912887,0.009300606,0.0077923657,0.007506043,0.006564281,0.0059551746,0.0057758475,0.003080441,0.0031382646,0.0025478993,0.013157207,0.008642854,0.008410352,0.005024312,0.005986776,0.0054339203,0.010689007,0.009753714,0.010448133,0.0064502903,0.0077279983,0.008184321,0.009625553,0.011360938,0.01318784,0.0121990675,0.008985123,0.0071111056,0.006857316,0.0070430036,0.0070440006,0.007045038,0.007045858,0.0070463982,0.007046709,0.007046855,0.0070469156,0.007046942,0.0070469454,0.007046942,0.007046942,0.0074080788,0.0054842657,0.0047996086,0.013535097
0.01465437,0.0034595153,0.006305356,0.00645728,0.005949659,0.0066766464,0.0062969727,0.006646507,0.0060650054,0.007048741,0.006331432,0.007203084,0.0066309134,0.0073756673,0.006036637,0.0054770038,0.0046462477,0.0054889102,0.004891251,0.0048956275,0.0045598373,0.005270443,0.00406638,0.004416367,0.004570795,0.0050461343,0.0038493709,0.002919118,0.0029747556,0.0018975376,0.0033187065,0.0031103431,0.013246185,0.030106302,0.3371306,0.044246305,0.004536642,0.0015541575,0.003425822,0.0056255395,0.005420922,0.0057847863,0.006930997,0.0064039063,0.005863367,0.0070424494,0.008271805,0.007213294,0.0043916716,0.0050012665,0.005982536,0.008093653,0.0037965416,0.0035517684,0.0060499245,0.0043135756,0.004468102,0.0048388336,0.0069242157,0.007391386,0.007007053,0.0075329463,0.0077959355,0.008421901,0.0095538385,0.0093407435,0.009278886,0.00909281,0.007819539,0.006362199,0.0045741247,0.0035438181,0.003015844,0.002625702,0.0031001994,0.0050408924,0.0029246705,0.003262933,0.002553984,0.0027758782,0.0035107594,0.0039794263,0.0028865081,0.0041893017,0.0035730156,0.003135472,0.005697546,0.013912005,0.33579555,0.015642012,0.005002394,0.0023282198,0.0036170925,0.0047563664,0.003716327,0.003371448,0.0040641753,0.0047249664,0.0052313376,0.0042636506,0.0032443763,0.0027237788,0.0046945163,0.0057774656,0.005985392,0.004840354,0.0057748836,0.006253376,0.008474959,0.005839241,0.0051127733,0.006784461,0.031290498,0.25892177,0.33150378,0.29364464,0.28935084,0.2163571,0.046054292,0.028310971,0.023788081,0.008722295,0.003602764,0.004003893,0.0065566483,0.008831313,0.006614162,0.0077485167,0.004691852,0.0046469118,0.003622281,0.0053821756,0.006895301,0.008649979,0.0061637056,0.009334198,0.012376635,0.03703762,0.28689745,0.3033752,0.043899592,0.010124713,0.0031265363,0.0029507142,0.0054145213,0.00806198,0.009217719,0.008753023,0.009210431,0.009079407,0.0073706107,0.0059655774,0.006299906,0.0058865296,0.005958213,0.0065402724,0.0064690253,0.005893568,0.0071466146,0.0087621,0.006971866,0.004938086,0.007363598,0.0074067437,0.007369553,0.006856842,0.005850399,0.0065443288,0.0063553504,0.006328454,0.006834049,0.00858996,0.00858553,0.007193311,0.006381762,0.0061781695,0.0069330223,0.0072030025,0.007534875,0.00686437,0.006785181,0.006417234,0.0067294594,0.0074153724,0.006670154,0.00539415,0.004271774,0.003288383,0.003950456,0.0036903257,0.0046386565,0.004618183,0.0056237257,0.0074589807,0.00725071,0.014480371,0.006869794,0.007348076,0.0062431195,0.0067488244,0.0063878,0.005569489,0.0064323125,0.0070219855,0.0074953767,0.00758176,0.007748128,0.0069808406,0.006981036,0.008482848,0.010306812,0.0101501355,0.007964895,0.006397692,0.006256737,0.0058195125,0.0053127953,0.0050487067,0.004184606,0.0043077366,0.003535342,0.0052657058,0.0076267296,0.012265919,0.010751506,0.010252593,0.007498211,0.007526312,0.0072295666,0.008201548,0.007887453,0.0070011066,0.006775704,0.007485624,0.008922281,0.010044192,0.0103746075,0.008239822,0.007073518,0.006854283,0.0070429663,0.0070440867,0.007045134,0.007045935,0.0070464383,0.0070467186,0.007046859,0.0070469156,0.0070469324,0.0070469384,0.0070469356,0.0070469356,0.0074080713,0.0054842606,0.0047996063,0.013535097
0.017581148,0.004235262,0.005052665,0.0077165733,0.0061353263,0.006548788,0.0065730554,0.0070276638,0.005864265,0.0064597763,0.0060937344,0.0067767026,0.0068050176,0.0072419797,0.0066207503,0.0060496605,0.004405968,0.0037364515,0.0038117608,0.0055383337,0.0060609076,0.005597038,0.00506449,0.005246752,0.005153359,0.005437689,0.005446939,0.006187161,0.005628797,0.0036045895,0.005706408,0.008449809,0.46440166,0.069403954,0.37783018,0.55468273,0.022325357,0.006676166,0.0025362778,0.0049012545,0.006644319,0.0074073947,0.009067141,0.008129509,0.0054054717,0.004770572,0.006007604,0.0066547543,0.0055074273,0.008351334,0.006724085,0.0063624335,0.004852174,0.0056585586,0.00958075,0.0057436773,0.005242344,0.005342346,0.0077973767,0.007795061,0.008284583,0.009177488,0.009704424,0.010017986,0.010614205,0.010601848,0.009354714,0.007775616,0.006608772,0.005335628,0.0043884823,0.003266468,0.0036649846,0.003502658,0.0023655295,0.005802714,0.0046534976,0.00609044,0.003718356,0.0053777434,0.00395034,0.004312179,0.0066507678,0.007825409,0.0058910465,0.005855804,0.007306481,0.0092926305,0.015908064,0.006141272,0.0026825557,0.0025038014,0.0033916493,0.004649294,0.0036243016,0.005638015,0.0045096814,0.0047878204,0.0039636837,0.0038606413,0.0035217432,0.0060375673,0.00512609,0.009193546,0.0053027654,0.0060597933,0.006654687,0.009016176,0.008465272,0.005572778,0.008746058,0.017581519,0.2786368,0.37481347,0.2754502,0.03398603,0.017222282,0.013201119,0.012121288,0.0075989654,0.0053495443,0.0030813415,0.0037054971,0.0052516074,0.006600794,0.006396701,0.006461775,0.0056737214,0.0038357892,0.004312529,0.004032068,0.006439121,0.0076822652,0.005569645,0.0042822994,0.0073310114,0.013706389,0.29104134,0.033742275,0.022411996,0.007700732,0.004278477,0.002889015,0.004099022,0.005426843,0.007646457,0.007628264,0.007877173,0.008275804,0.007941765,0.0069779065,0.0053970134,0.005674757,0.005387094,0.006275927,0.0051548965,0.0059076515,0.004313633,0.010269199,0.0074956142,0.006761391,0.0055931117,0.005905249,0.005877284,0.006177853,0.006684029,0.0059579783,0.0069826855,0.0067413263,0.006519746,0.0068004588,0.0078044226,0.008299142,0.007378918,0.0059806705,0.005782003,0.0069151823,0.0075717857,0.007894636,0.007970802,0.0077240136,0.0072601964,0.006983093,0.00737276,0.006764008,0.006423153,0.0046071354,0.0042277016,0.0036530108,0.0050953035,0.0053999885,0.00558684,0.0038517246,0.0045194943,0.0046098325,0.012243402,0.0076926798,0.009279496,0.0052524796,0.0063711973,0.005700867,0.0051689893,0.006060879,0.0066765575,0.007053071,0.0071887593,0.0072585503,0.006793976,0.0071511767,0.009774645,0.012646835,0.01199824,0.00966168,0.008769508,0.008350276,0.0061580883,0.005528287,0.0058405283,0.0057716975,0.005990742,0.0064262724,0.0079294825,0.009317479,0.012370186,0.011703247,0.012134565,0.010578935,0.009971629,0.009611203,0.010048587,0.010247538,0.010516452,0.010514545,0.008467049,0.007931223,0.0078092325,0.009508167,0.007655482,0.007150632,0.006925236,0.0070432397,0.007044377,0.0070453575,0.007046068,0.007046509,0.007046752,0.007046869,0.007046912,0.0070469286,0.0070469356,0.0070469324,0.0070469324,0.007408065,0.005484255,0.0047996086,0.013535097
0.013754929,0.0039607496,0.004870619,0.0073936153,0.007365421,0.0072504724,0.0061097955,0.006207714,0.0054509677,0.0054825884,0.005460655,0.006041039,0.006854605,0.0066628093,0.0064515765,0.0062201307,0.004941187,0.0041525685,0.0040904037,0.007557634,0.009235726,0.00731301,0.007993109,0.0086219525,0.00726527,0.006966042,0.005699518,0.006201701,0.006380039,0.004724968,0.006303564,0.0073748543,0.014910396,0.01247104,0.028797466,0.016280897,0.0059175147,0.0019557925,0.0020216915,0.0028328502,0.0030218659,0.004555152,0.0049724737,0.00539137,0.0045586983,0.0054938523,0.007055977,0.0075476626,0.004543018,0.004070074,0.004246776,0.0044505848,0.0039113164,0.004874409,0.009096837,0.0068122493,0.007719228,0.007781015,0.008057303,0.007188103,0.008201726,0.009479425,0.011128424,0.010389045,0.009694014,0.009736923,0.008364931,0.007414432,0.006523744,0.005321208,0.0046651163,0.0036496955,0.0028746212,0.010521692,0.0064835344,0.016177207,0.007915297,0.015718272,0.00778949,0.0074326345,0.0039557903,0.0068410006,0.00477237,0.0054579494,0.004825076,0.0032343254,0.002965612,0.0035257717,0.0058612274,0.005012286,0.002980714,0.0025510835,0.0034048578,0.0025956612,0.0027329817,0.002390887,0.004880605,0.0057189316,0.004432654,0.0053631742,0.0049819057,0.0045938636,0.0046466887,0.0057730493,0.008253897,0.006644785,0.0073701325,0.008423589,0.0085441,0.0061992505,0.005765369,0.008730095,0.013100209,0.017449915,0.014976447,0.0077678245,0.0053224596,0.0031386826,0.0036588346,0.0023556186,0.001997667,0.002802731,0.004060523,0.0053456896,0.0076917633,0.009580388,0.009045779,0.005478313,0.0043975585,0.0049680946,0.004771854,0.0062344456,0.0056982404,0.0049724127,0.003440042,0.004170092,0.016771164,0.023321472,0.015575814,0.0048923674,0.0021791062,0.0036414303,0.0049002687,0.0072945617,0.007871253,0.0081212325,0.0073050354,0.009240095,0.008244851,0.00784719,0.0060893577,0.004698361,0.005380174,0.005479854,0.006861457,0.0050918935,0.0059513287,0.0061968034,0.0106474515,0.007722135,0.005804939,0.005358381,0.0054515162,0.005593449,0.0064562913,0.007341492,0.007108393,0.007907524,0.0077765724,0.007248932,0.0068218024,0.0072341776,0.007069801,0.006316953,0.0056642494,0.006136687,0.0067096413,0.0078032888,0.007828627,0.008129637,0.0077129807,0.0074867825,0.007493553,0.00804681,0.007456104,0.007746988,0.0057496335,0.005845107,0.0047166897,0.0067094923,0.006972529,0.00815361,0.008015766,0.0081742285,0.0066831135,0.007132735,0.005829613,0.0040445225,0.00409155,0.0054136533,0.0066981064,0.007604743,0.007250995,0.0074167545,0.0073011257,0.007285828,0.0070344843,0.006942395,0.008173556,0.010872104,0.012673687,0.010833819,0.010689248,0.009080089,0.009295506,0.006277807,0.0051378314,0.0051245065,0.0055753817,0.0068722866,0.0076136156,0.0076837093,0.008390822,0.009453157,0.010259936,0.012210836,0.012264994,0.012950714,0.01127432,0.011844774,0.010878552,0.011356708,0.009369353,0.007033102,0.00711546,0.0066452096,0.0074941237,0.006988365,0.0069687795,0.0069629713,0.007043787,0.0070448243,0.007045661,0.0070462483,0.007046605,0.007046792,0.0070468853,0.007046919,0.0070469324,0.0070469324,0.0070469324,0.0070469324,0.0074080615,0.005484255,0.0047996016,0.01353509
0.013997841,0.0035283205,0.0058810855,0.0076961713,0.007080527,0.008586573,0.00598107,0.005338615,0.0052640075,0.0057049203,0.0057309014,0.0058987197,0.0059985216,0.006240422,0.0064924913,0.0063382993,0.0054270616,0.0044787773,0.0046591526,0.005790463,0.007121098,0.009191922,0.0069501474,0.006568931,0.005932298,0.0063223937,0.005848563,0.0062297857,0.005934652,0.006304388,0.004917573,0.005783212,0.016964763,0.014617408,0.016104974,0.0069888653,0.0029136478,0.0016203221,0.003293795,0.005244242,0.0056945807,0.006887208,0.008423773,0.007503209,0.0062388615,0.0046372456,0.005359578,0.004474674,0.0024120088,0.0011511566,0.002922787,0.0034631225,0.004635723,0.006036992,0.0065552625,0.005714216,0.0061695767,0.0064220144,0.0067204046,0.0056004445,0.005577579,0.0055133016,0.005847274,0.0056920056,0.006131725,0.0065684426,0.0064557195,0.007008801,0.0070867757,0.0072629806,0.0060636946,0.0052016787,0.0049585355,0.0061458903,0.0063144034,0.009878466,0.014740998,0.3347566,0.018318655,0.014730952,0.0042776014,0.0058967653,0.004107935,0.0070395456,0.005984487,0.0044509335,0.003312818,0.0035468251,0.003331388,0.0033855443,0.003715358,0.004770853,0.002765608,0.0019118759,0.0044118594,0.003035713,0.0055082003,0.0048535606,0.0038233756,0.0045722276,0.0042449073,0.0043078535,0.0053487914,0.004619211,0.0054430272,0.0063198805,0.0078344885,0.008570372,0.007466556,0.003849455,0.0032027282,0.005724273,0.0092357965,0.01002904,0.004332487,0.0017034246,0.0014129786,0.0018347813,0.0034441166,0.0036838658,0.004196005,0.004695962,0.004928087,0.005220321,0.0065254415,0.007203821,0.0061501116,0.0047742184,0.0045945765,0.0048121954,0.0056728683,0.0067981626,0.0056419834,0.0045663654,0.003410524,0.0056000566,0.021929668,0.035100345,0.009808566,0.0018789396,0.0016441207,0.0048805326,0.008251817,0.00786982,0.0069165346,0.005832325,0.0066486443,0.0083261505,0.008153804,0.0063320445,0.0055352855,0.0050703096,0.005688369,0.007276088,0.007050821,0.005561501,0.009540465,0.015007069,0.014678579,0.009275556,0.008567443,0.00624681,0.0061560282,0.0062894374,0.0077142036,0.0082247825,0.008314147,0.008155535,0.00817368,0.007503216,0.00670851,0.0067642964,0.006546,0.0066985125,0.0066369744,0.0070887986,0.006999565,0.0076296865,0.008047621,0.008502194,0.008107922,0.007925364,0.00816604,0.008783466,0.007823591,0.007062317,0.0055477303,0.005477838,0.005340256,0.006887185,0.006858251,0.00816895,0.008279249,0.00826116,0.005975128,0.005022136,0.0044155624,0.0040663937,0.004685859,0.0056736246,0.01131313,0.009292349,0.010404013,0.0093302345,0.009009366,0.008600646,0.00873667,0.007975267,0.008939859,0.011021224,0.011928351,0.010909622,0.012532523,0.010861145,0.009513311,0.0061381534,0.0052290503,0.0065351306,0.0074291253,0.007773196,0.007524655,0.0069903373,0.007502066,0.0085829245,0.008873582,0.010347076,0.0109127965,0.013628814,0.01171336,0.010791274,0.008740673,0.008506516,0.007811412,0.007260399,0.007116915,0.007045521,0.007316726,0.007171074,0.0070817913,0.0070326063,0.007044493,0.0070453407,0.0070459954,0.007046432,0.0070466953,0.0070468355,0.0070468956,0.007046919,0.0070469286,0.0070469286,0.0070469286,0.007046926,0.0074080615,0.0054842504,0.0047995993,0.01353509
0.013235627,0.0034444407,0.005217658,0.00898059,0.0080218725,0.0069876737,0.006736399,0.0066457265,0.0059023784,0.006260367,0.0055971607,0.005983131,0.00653086,0.0060804957,0.006112312,0.0064635873,0.0057715774,0.005138826,0.004331539,0.004693075,0.0049441513,0.0068962607,0.007073504,0.0076711653,0.006612489,0.0057936427,0.004926324,0.005839357,0.0058723106,0.005200265,0.0052157673,0.0053288303,0.0054850667,0.004749983,0.0036593075,0.0023881986,0.0017593707,0.0021202164,0.010008476,0.014735368,0.01688082,0.0122620305,0.008688733,0.004631274,0.003293562,0.0027518992,0.004364292,0.009270965,0.008443914,0.0034443769,0.0022581876,0.002246232,0.0022378445,0.0026628268,0.0032122433,0.003664567,0.0052309902,0.007371145,0.0059568095,0.0049071102,0.004973623,0.0054135122,0.0053951684,0.0058809128,0.0057883007,0.005440645,0.005771126,0.005267654,0.006039648,0.0076031997,0.008005243,0.0072761704,0.006753777,0.008354767,0.0059474427,0.007296776,0.010302182,0.020707333,0.012726098,0.007678406,0.0051748846,0.008603646,0.0050559286,0.003997551,0.0037605553,0.0033943164,0.0028155365,0.002106095,0.0021825565,0.003049071,0.00571427,0.003208959,0.0028115113,0.0028016102,0.006871564,0.009870335,0.0077673243,0.005397451,0.0022565136,0.0028573968,0.0036042794,0.0043983962,0.005359655,0.0041884403,0.0052595995,0.006673039,0.0071283947,0.007621293,0.0061164154,0.0034032154,0.0053953915,0.009152587,0.011660976,0.0033273466,0.0018316853,0.0013832512,0.0035921754,0.0037032764,0.0054092235,0.0053465236,0.005685058,0.0050998377,0.0069209547,0.00531498,0.0064211567,0.0059933774,0.005137264,0.0048225876,0.005897668,0.0063543627,0.0044841827,0.00512823,0.0051560556,0.0050631464,0.008246516,0.01917716,0.28466105,0.38873422,0.023976738,0.0056131626,0.004682462,0.0069183293,0.0063327015,0.004986157,0.0050244555,0.00504489,0.005861386,0.0060061854,0.0050202543,0.0061396747,0.0058808485,0.0055387462,0.006526666,0.0072735087,0.005923405,0.011831359,0.024263766,0.2078886,0.022024473,0.012727128,0.0076781115,0.0076180547,0.007946388,0.008348164,0.009276205,0.008919077,0.008263388,0.008091583,0.008061317,0.0072741974,0.0063893893,0.0063949283,0.0068516773,0.0076652505,0.007704625,0.0077093504,0.007359427,0.0077558304,0.007894662,0.008805023,0.008223628,0.00792898,0.007886207,0.008288043,0.008725161,0.0069932905,0.0052437964,0.004672956,0.004908323,0.005533787,0.0057943924,0.0065249004,0.0067987684,0.0065571973,0.0054375604,0.0043728575,0.004224192,0.003742637,0.004523353,0.0059119207,0.008381329,0.009987172,0.0118951155,0.011193896,0.011792104,0.0083373785,0.0055861836,0.0046403967,0.006332899,0.009029282,0.009713369,0.00985689,0.009570404,0.00817818,0.0077777863,0.0054588136,0.004606635,0.005350463,0.0067367717,0.008633205,0.007610809,0.0076506147,0.007951795,0.008731968,0.008612693,0.009259064,0.009208939,0.01046678,0.009240418,0.008628,0.006789713,0.0070904237,0.006978442,0.0069288835,0.006915746,0.007057725,0.0070878025,0.007076881,0.0070362333,0.0070436997,0.0070452243,0.0070458376,0.0070463023,0.0070465985,0.0070467787,0.007046869,0.0070469053,0.007046919,0.0070469286,0.0070469286,0.007046922,0.007046919,0.007408058,0.005484253,0.0047995993,0.013535083
0.0119229965,0.004133976,0.0061699334,0.00740025,0.008416077,0.0074780285,0.0071201413,0.0066072536,0.0062587913,0.005621777,0.0049537104,0.0057744924,0.0061174673,0.0056888354,0.0053647365,0.0061596353,0.0058853966,0.005721085,0.004961094,0.0046461592,0.0044273776,0.0056860824,0.007547166,0.006457919,0.005458594,0.0057177385,0.0045005265,0.005290054,0.0049775206,0.0055337423,0.0057014776,0.0065162727,0.0075640217,0.007332865,0.00628158,0.007215381,0.0030836086,0.0048696743,0.015082698,0.33026108,0.42983824,0.36341298,0.46597108,0.026819667,0.0092064375,0.001623399,0.0028858026,0.0047385385,0.01331987,0.012357399,0.011627578,0.008793635,0.0073491517,0.0066813785,0.003993086,0.0020431848,0.0032213663,0.0039375145,0.005313871,0.0046820804,0.004145405,0.005110484,0.003688121,0.0030119468,0.004370336,0.007939489,0.004984691,0.00506386,0.0057297545,0.00813144,0.0090196235,0.00893643,0.009239213,0.009475637,0.007503266,0.0075308755,0.008695106,0.014067027,0.011525275,0.009370915,0.007853931,0.007964119,0.005147817,0.0043443204,0.003776269,0.003407109,0.0024522196,0.0033046862,0.0037569657,0.006416096,0.005579687,0.0032768832,0.0006417466,0.0021716044,0.005108591,0.28011265,0.016085312,0.007028831,0.001600997,0.0026648624,0.00416274,0.0057555484,0.005789055,0.004295872,0.0060536903,0.005997214,0.006752405,0.006114922,0.004365152,0.0035329037,0.006727439,0.02764123,0.36821258,0.015828475,0.0028909235,0.0016602268,0.006238621,0.007696223,0.010663562,0.0100914445,0.008081344,0.006496445,0.0100703975,0.0058676074,0.005650542,0.004467746,0.004579254,0.005520991,0.0051996782,0.0049383272,0.003908061,0.0049085165,0.0056115473,0.0041500553,0.0068328246,0.018633913,0.30566084,0.40222862,0.027162535,0.014152813,0.005232114,0.0051921234,0.0043295324,0.0047384533,0.00546232,0.00729651,0.006223601,0.0059909946,0.004996732,0.007979611,0.0076860692,0.007252832,0.0065164147,0.0053380835,0.0064119603,0.009453358,0.010266668,0.017357023,0.011267067,0.009213173,0.008396462,0.009768107,0.009058559,0.009598095,0.010231702,0.008901135,0.007814099,0.007339668,0.0073163654,0.0067166113,0.0063170395,0.006751506,0.007976479,0.0091002295,0.008927284,0.008354901,0.0074085034,0.007594896,0.0080022635,0.009092441,0.009250258,0.009136151,0.008336063,0.007846718,0.0071948473,0.005364214,0.004820069,0.004318264,0.004878044,0.004963295,0.005367574,0.005416399,0.0057941866,0.004885285,0.0049877376,0.0046757716,0.0046329317,0.0040867752,0.004708272,0.0052792374,0.0070903096,0.008884929,0.009821111,0.01039858,0.009164642,0.0059737545,0.004275932,0.0038141536,0.00437898,0.005612894,0.0077191438,0.00845825,0.008360917,0.00634968,0.005924078,0.005426925,0.0052020615,0.006860577,0.008341319,0.008798895,0.007451744,0.007429318,0.007538385,0.007895103,0.0073615797,0.007141798,0.0070306123,0.0076902783,0.0067265504,0.0065782415,0.0055324985,0.006817527,0.007050313,0.0071298224,0.006991049,0.007105166,0.0071520233,0.0071418895,0.0070915385,0.0070543964,0.0070458446,0.0070462483,0.007046542,0.007046729,0.0070468388,0.0070468923,0.0070469156,0.007046926,0.0070469286,0.0070469286,0.007046922,0.007046919,0.007408058,0.005484253,0.0047995993,0.01353509
0.011913905,0.003295198,0.0060554235,0.0075116656,0.007927385,0.0075283884,0.007848185,0.006938766,0.006395343,0.005957326,0.00466165,0.004999762,0.0045926557,0.0052323374,0.0060014073,0.007760723,0.0063441284,0.0064423527,0.0054928656,0.004564402,0.0045766267,0.007759832,0.0061126654,0.0058272374,0.004895793,0.0043152454,0.0036424478,0.0039330414,0.004968507,0.005475736,0.006226058,0.0076084184,0.009385313,0.008976584,0.0077040307,0.006428635,0.005374928,0.0037753326,0.0062750056,0.009856192,0.012349934,0.011118809,0.008466325,0.0038668208,0.002520749,0.0014523794,0.003797667,0.008464115,0.44363627,0.34605086,0.055974707,0.035514668,0.020258699,0.011127584,0.003464082,0.0026550575,0.005849256,0.0052697533,0.00580789,0.0052912855,0.0045816214,0.0069762017,0.0043595354,0.004801454,0.004769006,0.005643843,0.0066112294,0.0050535426,0.0050746654,0.010771802,0.0068160095,0.006984422,0.0065693697,0.006880877,0.0069469227,0.008021125,0.00850264,0.008593127,0.009015051,0.0106089935,0.011149411,0.009949524,0.005181258,0.00487424,0.0049953973,0.0062464396,0.007466867,0.007021437,0.011284546,0.014059185,0.0031228915,0.0012002713,0.00075446244,0.011165789,0.019495452,0.41366068,0.01927088,0.009869981,0.0023478935,0.0039318423,0.0041535664,0.005482875,0.004998598,0.0054264185,0.007095589,0.006511796,0.007203121,0.007471919,0.0050194543,0.0064156614,0.012684038,0.26726773,0.3921712,0.022866298,0.0061697955,0.0027366285,0.004766562,0.007818977,0.010026701,0.009371521,0.008073046,0.007120565,0.0076969396,0.0063340785,0.006204846,0.005399533,0.0057165516,0.0072076893,0.008335629,0.006622359,0.006627898,0.0060919467,0.0065085012,0.0050513707,0.004756154,0.01105899,0.029768148,0.037365142,0.012348062,0.005780663,0.0042890287,0.004921093,0.004806898,0.009031859,0.0070989253,0.007102594,0.005324798,0.007658308,0.005217158,0.006647105,0.006334703,0.006471014,0.0047263815,0.006099345,0.007966286,0.007985445,0.006391382,0.009441519,0.009399723,0.008339295,0.00884912,0.0091146445,0.009155835,0.009263491,0.008993776,0.007834867,0.007166028,0.0071752374,0.0072316304,0.006910943,0.0065546636,0.0066422867,0.007466086,0.008437417,0.008471723,0.00804574,0.007297411,0.007739334,0.0077812327,0.008545167,0.008435,0.009098182,0.007965291,0.007409075,0.0061411383,0.005363927,0.004721353,0.0042342707,0.004520831,0.00490741,0.0063852193,0.005559737,0.006899864,0.005488731,0.005218494,0.0046936492,0.0049459627,0.0044772914,0.004527383,0.0041930196,0.005583305,0.006990655,0.007632192,0.008488774,0.006962005,0.0047367103,0.0032934365,0.002938779,0.0036890565,0.004273661,0.005082192,0.006098926,0.0060946643,0.0053105527,0.0052728136,0.005846883,0.006892428,0.008317426,0.009647875,0.008444525,0.0066736583,0.0063208994,0.006653947,0.0068523036,0.0063951467,0.006179247,0.0057157762,0.006314026,0.005494389,0.0061795665,0.005969687,0.007063484,0.0071837073,0.0070887688,0.007015402,0.007045031,0.0070451447,0.0070453743,0.007045681,0.007046008,0.007046309,0.007046548,0.0070467186,0.007046822,0.007046879,0.007046912,0.007046919,0.007046926,0.007046922,0.007046922,0.007046919,0.007046919,0.0074080545,0.0054842476,0.0047995993,0.01353509
0.012804428,0.0029462301,0.005712834,0.008048477,0.008372302,0.008047145,0.00791396,0.007137522,0.0063175038,0.0055620256,0.005264404,0.004573022,0.004763168,0.0050211377,0.006006826,0.008304955,0.007774671,0.006625924,0.005420827,0.0044906605,0.00409873,0.005863799,0.004879984,0.004381257,0.004576153,0.0042923675,0.0036866073,0.0038919712,0.005735658,0.006129523,0.00638629,0.008250616,0.009296639,0.008149139,0.0070178146,0.0066260747,0.0056278124,0.0049053403,0.0048711854,0.005458053,0.0063577965,0.006647672,0.008271394,0.0056305747,0.0045899535,0.0027630946,0.0023317847,0.004567555,0.010001061,0.03163944,0.031909194,0.5626422,0.5446362,0.028019069,0.009032631,0.0015856654,0.0023346094,0.005323909,0.004437029,0.005202703,0.0041150656,0.006885773,0.0057993857,0.0069619594,0.00702964,0.0076925964,0.007125496,0.0058915573,0.007161826,0.008157525,0.0050574085,0.0043807514,0.0037925509,0.0044746287,0.0048590796,0.005759449,0.0056887437,0.0043867263,0.005468027,0.005443822,0.008520531,0.0064037573,0.004848533,0.0033615862,0.004441402,0.0049270997,0.009566842,0.020150093,0.314822,0.43217063,0.014697453,0.004691552,0.0017118908,0.009327542,0.014552071,0.02612347,0.0069836383,0.009125822,0.0056936843,0.012124977,0.0056359996,0.0061638923,0.0063857995,0.0063982285,0.0055677406,0.0051512932,0.005350633,0.004006134,0.0031557863,0.0028956614,0.0057853647,0.017479101,0.02267592,0.012297467,0.0053796563,0.007986702,0.0070666857,0.0055284966,0.005052977,0.0059578847,0.0054105935,0.0049150116,0.0062234886,0.005439739,0.0058207763,0.004848006,0.0070602675,0.0057013533,0.008423932,0.0060250494,0.0057407017,0.005730747,0.0069887787,0.007621289,0.006138063,0.008411692,0.025411336,0.01958356,0.006598034,0.003733272,0.0032423555,0.0049819928,0.0044341185,0.00851493,0.006774415,0.008561406,0.008504666,0.010157588,0.0055001113,0.0075293365,0.0071784654,0.00613911,0.005505978,0.0075886166,0.006617552,0.004728412,0.0049891584,0.005816862,0.006765642,0.007409559,0.009256462,0.009124701,0.008747418,0.008682271,0.008262942,0.0072080307,0.0067663146,0.0067997114,0.006818034,0.0068020723,0.0066510355,0.0065060724,0.0067565287,0.007462575,0.007409275,0.007493947,0.007125553,0.0077288905,0.007769857,0.008232242,0.007550645,0.008225701,0.007218199,0.0069205547,0.0051775957,0.0046061687,0.0045382143,0.0044489135,0.005123821,0.005354159,0.006334856,0.0064455974,0.006697338,0.006977031,0.0070059113,0.006101129,0.0066688526,0.0068926043,0.005794258,0.0049905456,0.0059834574,0.007194326,0.008507139,0.008080637,0.006349235,0.0050853854,0.00486897,0.00534034,0.005439381,0.005802147,0.00579275,0.005454252,0.00592825,0.005441329,0.006145217,0.007024436,0.008594736,0.009681406,0.010028334,0.0077834637,0.0060214433,0.005621609,0.006268711,0.006384556,0.0058321618,0.005681466,0.0057771644,0.0070744622,0.0064360197,0.0071506524,0.006935317,0.0074479,0.00729507,0.0071414164,0.0070651234,0.007045875,0.0070459484,0.0070460914,0.007046265,0.0070464485,0.007046612,0.0070467386,0.0070468257,0.0070468755,0.0070469053,0.007046919,0.007046922,0.007046926,0.007046919,0.007046919,0.007046919,0.007046919,0.0074080545,0.0054842476,0.0047995993,0.01353509
0.012717079,0.002893586,0.0056523136,0.00777676,0.008764552,0.008449673,0.008885348,0.006752872,0.006899897,0.0062680542,0.0052059665,0.005008055,0.0050509777,0.00890169,0.008652051,0.006525021,0.0061042556,0.006269246,0.005092534,0.004465161,0.0043865643,0.0053641456,0.0047603953,0.004471635,0.0050652344,0.003778878,0.0030303318,0.003234361,0.0066184583,0.004407989,0.0046257535,0.007765161,0.011086543,0.010406359,0.009098161,0.008736996,0.009045198,0.008529806,0.0062471856,0.0044773957,0.0026980538,0.0027876017,0.0030847522,0.0039220317,0.004855936,0.004086709,0.0033631409,0.0036953064,0.0051561976,0.006795034,0.005340664,0.012264348,0.011425511,0.009361376,0.0066144997,0.0033426178,0.003304773,0.0038118148,0.0045861104,0.0064086136,0.005202429,0.00510325,0.0054860376,0.0062904293,0.0065145628,0.005218975,0.0041152826,0.003467817,0.0036832567,0.0044934284,0.003391683,0.0027517,0.002755039,0.0029535005,0.0045592007,0.005286617,0.012008176,0.007214049,0.008711063,0.008082273,0.015456768,0.007954774,0.0047112093,0.0041941744,0.004849327,0.004779861,0.0062556164,0.0136575615,0.026327258,0.25679955,0.05432486,0.041510575,0.02884973,0.40100777,0.3871137,0.031511456,0.0101346625,0.0068834163,0.0101352995,0.0123413475,0.0071445648,0.008764987,0.006872856,0.005139557,0.0034825471,0.0031019417,0.005303784,0.009336646,0.010637259,0.008767498,0.0069112205,0.010047615,0.009438483,0.006787871,0.007874281,0.011011109,0.009491011,0.006160076,0.0044351313,0.0040343185,0.003960148,0.0039421213,0.004665455,0.00394462,0.0063784523,0.004859488,0.007133874,0.0051740794,0.0061272453,0.0057327845,0.0059698937,0.0052368664,0.00684265,0.0066397227,0.0087368395,0.012144355,0.26793262,0.02898409,0.009812638,0.0049837474,0.003396196,0.0068619642,0.0054692226,0.0092778215,0.0068053305,0.009867335,0.008475464,0.008199783,0.005889589,0.00704789,0.00796551,0.0070234085,0.007350734,0.005958905,0.0059598535,0.005040541,0.0069975043,0.0065287626,0.006704797,0.006480528,0.008270018,0.008457919,0.008686389,0.008740842,0.008454316,0.0073380526,0.0066932156,0.006639864,0.0069428585,0.0072866073,0.0070954403,0.0068396525,0.006612329,0.006868688,0.006698163,0.006989861,0.006951319,0.0076207416,0.007852259,0.00813608,0.0077242004,0.0071626664,0.006006476,0.0055078114,0.00479276,0.00486991,0.0047199572,0.0047024344,0.0055853548,0.0058235475,0.0068692113,0.006575481,0.0069228555,0.0071845786,0.007070699,0.0065856935,0.0065910923,0.0068800263,0.0064473636,0.0057391427,0.006381783,0.0075598555,0.008857597,0.00868315,0.0075271805,0.0068955915,0.0069394303,0.008512269,0.008615405,0.007848753,0.0072509125,0.006658288,0.0065592076,0.0059218802,0.006093535,0.0063946643,0.007887196,0.008638973,0.008113058,0.006313964,0.0050416454,0.0051115802,0.0058939233,0.006386641,0.006286184,0.0060592648,0.006133288,0.0066538746,0.0064081643,0.007020224,0.006809944,0.00715873,0.0071350597,0.0070764422,0.0070604444,0.007046415,0.007046459,0.0070465286,0.007046619,0.007046705,0.0070467857,0.0070468453,0.0070468825,0.0070469053,0.0070469156,0.007046919,0.007046922,0.007046922,0.007046919,0.007046919,0.007046919,0.007046919,0.0074080545,0.0054842476,0.0047995993,0.013535083
0.012465405,0.0027571346,0.0055143423,0.0076070786,0.008710512,0.009333426,0.008920734,0.0078109023,0.0065808534,0.0069969967,0.0066573797,0.0062928684,0.0059740944,0.0091388235,0.008805555,0.006721916,0.0066057146,0.005840617,0.005454094,0.0049236948,0.0038101731,0.003328095,0.0035825165,0.004295099,0.004773249,0.003983878,0.0029012426,0.00295444,0.004687688,0.005038365,0.004062014,0.0065656244,0.008603667,0.009384022,0.008932314,0.009016141,0.007466744,0.0057985857,0.005377537,0.0039314874,0.0042202845,0.00488919,0.0064054113,0.012378123,0.0069359485,0.0062637525,0.0047326954,0.004317575,0.002346596,0.0023121675,0.002518357,0.006365675,0.007847751,0.0070753032,0.0064873626,0.0046477984,0.0037776486,0.004851136,0.0037465114,0.0044750515,0.0039322367,0.004968639,0.005665955,0.006381777,0.0058269356,0.0048901928,0.004369911,0.0044372478,0.004118031,0.00500515,0.0046833316,0.003937578,0.0037790542,0.0045102937,0.008215581,0.004200171,0.0076861493,0.0031038874,0.0070207953,0.0043045944,0.008935201,0.006719586,0.005659525,0.005260927,0.005224166,0.0047054393,0.004761464,0.004572553,0.021054333,0.055147372,0.5071793,0.48172483,0.034352783,0.01780936,0.0062276456,0.007379812,0.003734964,0.0050144102,0.00864207,0.011310431,0.008261176,0.0097562885,0.0066052293,0.004161985,0.0031659296,0.005713552,0.0094741965,0.01496928,0.014414627,0.0059685525,0.00303407,0.0036841424,0.003436263,0.0039929627,0.0061022975,0.0106096,0.009534222,0.006113668,0.004304678,0.0039579086,0.0034935675,0.0031294103,0.0040004775,0.005189905,0.006287682,0.0050709113,0.0047628535,0.0045941756,0.00828067,0.00801691,0.008081478,0.0069334395,0.0066017443,0.0042580506,0.0036783516,0.009327454,0.027260736,0.2801066,0.010966982,0.0042366097,0.0025542572,0.007112769,0.00548243,0.009507629,0.008318547,0.009120892,0.010351667,0.00842882,0.00657157,0.007036733,0.01028202,0.007269702,0.007224647,0.004178423,0.0054582725,0.0060936534,0.012217486,0.009094529,0.008626347,0.0077175475,0.008921712,0.0086526405,0.0085633565,0.00889801,0.008779166,0.0074457186,0.0066523203,0.006797007,0.0071298927,0.0073241265,0.0071245073,0.006915899,0.006697684,0.006878818,0.0066380464,0.0069047273,0.007021224,0.0077350955,0.008012945,0.008264091,0.008131459,0.0071371505,0.006480083,0.005571679,0.0052821008,0.004996317,0.005195368,0.005299398,0.006321462,0.0068763657,0.0067405025,0.006157729,0.006037504,0.0063704606,0.006406965,0.006631582,0.0065818354,0.0072566713,0.0070194122,0.0069701695,0.0068703303,0.0076010376,0.0077432897,0.0072763707,0.006808728,0.0065811495,0.006820553,0.008405526,0.00819691,0.0074905604,0.0067991964,0.0065919044,0.0065009734,0.0061282734,0.006205043,0.0061662705,0.006524069,0.0071808407,0.0066441176,0.005642636,0.004577252,0.0049820286,0.0056637954,0.0063878912,0.006329849,0.0059492383,0.006007461,0.0064284164,0.006153018,0.0066387667,0.0066701476,0.0071549998,0.0071443757,0.007093462,0.007055767,0.0070467186,0.0070467317,0.007046765,0.007046802,0.0070468425,0.007046872,0.0070468993,0.007046912,0.007046919,0.007046919,0.007046922,0.007046922,0.007046922,0.007046919,0.007046919,0.007046919,0.007046919,0.0074080545,0.0054842476,0.0047995993,0.013535083
0.012504682,0.0027803537,0.005734676,0.007672991,0.0080069285,0.007990436,0.0081745265,0.007029181,0.0073850537,0.0062844385,0.006966289,0.007371145,0.0074447743,0.007518184,0.008214008,0.006285927,0.006971622,0.0062887664,0.0065464466,0.007151485,0.0044873087,0.0036344514,0.004142707,0.0048238854,0.0048614414,0.0040303716,0.0034554899,0.0036934442,0.0051704403,0.0047341106,0.0034278247,0.007912238,0.006249951,0.0073490436,0.0057878257,0.005782864,0.0056873844,0.0038040478,0.0038912706,0.00412048,0.008968113,0.0055901185,0.0057426943,0.005985633,0.007255757,0.006194866,0.006457105,0.006628539,0.006288692,0.0056983456,0.0051002637,0.004202236,0.0031505523,0.00458275,0.0067913863,0.0075827586,0.006833317,0.005425708,0.0047506997,0.0052035446,0.0049885022,0.0058593135,0.0055727945,0.005952107,0.005900386,0.0056905104,0.004897454,0.0053832247,0.005591669,0.005661108,0.00569565,0.0051321704,0.0057709804,0.004694329,0.0059490865,0.0050001964,0.0060051237,0.0042365147,0.0037833077,0.0034836512,0.0063475533,0.006756474,0.0063627716,0.0065061,0.0072009503,0.0069990945,0.0063471533,0.004734268,0.010114095,0.034499742,0.44658363,0.40177095,0.03851887,0.009290431,0.004406244,0.008584434,0.005149378,0.004957635,0.005447993,0.00498515,0.005027612,0.0065186345,0.004415579,0.0040590195,0.0033036908,0.009103093,0.024374947,0.28844637,0.36367217,0.018139457,0.007485404,0.004990027,0.0063606435,0.006427122,0.006807013,0.010282627,0.009816536,0.006586707,0.0042087897,0.0037223594,0.004422628,0.00356258,0.0036126787,0.008971542,0.010058876,0.009925771,0.0058740475,0.004646753,0.0054964484,0.0057827816,0.00636881,0.005343441,0.0054438733,0.0031472011,0.00277294,0.008175044,0.039498787,0.31032544,0.018151233,0.008319888,0.0049862256,0.0066559142,0.0059759975,0.0061659464,0.00787986,0.009263483,0.008347513,0.006195206,0.006689134,0.0056322333,0.009735911,0.0068471883,0.008352531,0.0061303303,0.011337621,0.012593153,0.01047461,0.008303664,0.008213134,0.008369535,0.009000506,0.008063749,0.00788854,0.0087315105,0.008929794,0.007945546,0.0071092243,0.0076097106,0.007813926,0.0078679025,0.007441748,0.006991857,0.006754279,0.006843638,0.0067033838,0.0067192554,0.0068399413,0.007587561,0.007988603,0.00789928,0.00817839,0.007350205,0.0062864725,0.005556332,0.0047536837,0.004969891,0.004845152,0.0057872,0.0070766294,0.008111428,0.007237668,0.0065046917,0.006121716,0.006362,0.006568613,0.0067443666,0.006976288,0.007071505,0.0076633827,0.0073158387,0.0075717,0.00692357,0.007430054,0.00683114,0.00665182,0.0068220748,0.007257152,0.007645852,0.006863131,0.0066794367,0.0066098273,0.0068255938,0.00669443,0.0066295094,0.006580997,0.00654091,0.006755895,0.006713987,0.0059548896,0.0050059194,0.0047106454,0.005628386,0.0062418985,0.0067423964,0.0064584087,0.0058895354,0.0057157795,0.00610521,0.0060016895,0.006533462,0.006582718,0.007046909,0.0070468886,0.0070468755,0.007046859,0.007046859,0.007046869,0.007046872,0.0070468886,0.0070468993,0.007046909,0.007046919,0.007046926,0.007046926,0.007046922,0.007046922,0.007046919,0.007046919,0.007046919,0.007046919,0.007046919,0.007046919,0.0074080504,0.0054842476,0.0047995993,0.013535083
0.012661039,0.0027885747,0.0057527334,0.007618682,0.007117502,0.0074803224,0.0076132333,0.00782099,0.006581917,0.0070006554,0.0074139116,0.007435028,0.0082159545,0.0073180483,0.007998718,0.006361023,0.0064009544,0.0058831293,0.006052549,0.0052203685,0.003896225,0.0037723086,0.006030372,0.008843308,0.0062648184,0.0056067524,0.004951647,0.004738406,0.0061333175,0.0048299734,0.0030444653,0.0035655233,0.004429606,0.0039616493,0.004465693,0.0053337053,0.005010327,0.0028995369,0.003334816,0.0033938196,0.008308129,0.005655678,0.0070138373,0.00611454,0.0074639386,0.0068142507,0.0066390997,0.0071745142,0.0054258187,0.006446722,0.005941424,0.006033359,0.005097997,0.004332483,0.005993846,0.005802804,0.0075926036,0.006179575,0.006319647,0.006340637,0.007939451,0.009401628,0.0082204705,0.007263775,0.0065615075,0.007148459,0.007965355,0.0083930995,0.008605481,0.009259575,0.009927018,0.008959599,0.007694901,0.006926689,0.0069923736,0.006086521,0.00670967,0.006196753,0.0067427857,0.006249871,0.006323152,0.0065240227,0.0071853125,0.009177958,0.00906509,0.008121573,0.0071612867,0.0060507217,0.007832376,0.008632519,0.017261405,0.0151104275,0.0071872897,0.0031669664,0.002563853,0.0028702181,0.0023914522,0.0022404245,0.0013550945,0.0013262155,0.0023499203,0.00453399,0.0050848736,0.003984012,0.0066161603,0.017365206,0.2697542,0.046634562,0.02195579,0.006050974,0.0032281948,0.0052704006,0.00637679,0.008748679,0.008388149,0.011397827,0.008777922,0.0062823007,0.004458123,0.004099423,0.0037963036,0.003645313,0.0030890605,0.004719919,0.0076948097,0.0064846314,0.006341911,0.0048743626,0.007375612,0.008514905,0.009039592,0.009156184,0.0045252065,0.003811567,0.005565825,0.010979479,0.23044026,0.07004823,0.027062781,0.005085139,0.0034809636,0.004457704,0.0051158867,0.004581504,0.004914676,0.010402187,0.012766444,0.010070711,0.008525535,0.005508454,0.007189195,0.005691005,0.007016824,0.0074859574,0.01055488,0.0089231795,0.011728014,0.010581287,0.010345216,0.0109581975,0.011242477,0.008734916,0.007983194,0.008644635,0.008818062,0.008157321,0.0070820055,0.0076792166,0.0076102223,0.0076200594,0.007107229,0.00661258,0.006450623,0.0066445707,0.0068340455,0.007241877,0.0071539776,0.0076249833,0.007781354,0.0080101825,0.0079449555,0.008028075,0.0073406924,0.006373691,0.0044067856,0.0040546227,0.004111835,0.0053724,0.006511243,0.007842272,0.0074630063,0.0072957883,0.0070584966,0.0071250675,0.006946123,0.007419915,0.007761836,0.008318134,0.007882876,0.0075299204,0.007419065,0.0069423523,0.0069831386,0.0069785444,0.006937255,0.006966319,0.00678034,0.0065931133,0.0061365217,0.0065250616,0.0068666455,0.0072937305,0.007060866,0.007024722,0.007309193,0.0075429566,0.0074385367,0.0064357575,0.005339436,0.0047573666,0.0052599567,0.0064712903,0.006939453,0.0070811743,0.006534849,0.0058035306,0.005588714,0.00603935,0.006001695,0.0065334593,0.0065827398,0.007046959,0.007046949,0.0070469384,0.0070469286,0.007046926,0.007046919,0.007046919,0.007046922,0.007046926,0.0070469286,0.0070469286,0.0070469286,0.0070469286,0.007046922,0.007046922,0.007046919,0.007046919,0.007046919,0.007046919,0.007046919,0.007046919,0.0074080504,0.0054842476,0.0047995993,0.013535083
0.012859268,0.0028448475,0.0058616414,0.0083367955,0.0078717675,0.0070582926,0.007034454,0.0076040626,0.007177415,0.008290692,0.006968466,0.0075483588,0.0070426464,0.008817558,0.007192967,0.005932596,0.0056641256,0.005934112,0.006384447,0.005302159,0.0038896683,0.0043344335,0.00536029,0.009029683,0.0076939096,0.007357407,0.0069532217,0.005648292,0.0047625783,0.0036935653,0.0028605342,0.0026925027,0.0034847686,0.0023788037,0.0046935296,0.0037761293,0.0050497246,0.005053039,0.0059329453,0.0061152065,0.009878736,0.0063865865,0.0051918994,0.00409081,0.0049268315,0.0048149503,0.005740166,0.0074199326,0.0067347907,0.00585241,0.005731162,0.0059284386,0.0050387136,0.0046153953,0.0047789128,0.005076604,0.0064059757,0.0055250977,0.007048934,0.007946902,0.019030476,0.013100689,0.009264493,0.0070506874,0.007676328,0.008385119,0.009166291,0.009763695,0.010207242,0.009547794,0.0091941105,0.009274246,0.009905197,0.0084957285,0.007992776,0.0069884053,0.007064166,0.0075987717,0.0068484237,0.006436318,0.006149269,0.0071739163,0.0077556944,0.008825342,0.008613927,0.007174191,0.0054743993,0.0061882525,0.007982435,0.0066886805,0.008609555,0.009592875,0.00833339,0.006946627,0.0053663286,0.0033284682,0.001637857,0.0020849868,0.0012778504,0.002088457,0.0027041002,0.00910333,0.003389257,0.0018894252,0.001930124,0.006680705,0.011564618,0.023270097,0.01283558,0.005834587,0.004298947,0.0064156526,0.006238663,0.010407101,0.008902788,0.00918653,0.0053482507,0.004614909,0.0036486972,0.0041592824,0.003502505,0.0031446128,0.003338341,0.0051865624,0.006210435,0.0049090893,0.0055733356,0.0046535283,0.0049123005,0.0070935464,0.008010941,0.007456308,0.005251488,0.0036474438,0.007004585,0.018748904,0.32870764,0.39133155,0.23075093,0.015733195,0.0058719898,0.005797932,0.004716703,0.0035976018,0.006097637,0.01551459,0.02539969,0.01428294,0.0074683735,0.0059049274,0.007416313,0.009509641,0.012055051,0.012519658,0.009820226,0.0075510386,0.0068073478,0.0058457577,0.006262221,0.006533827,0.009702734,0.007872396,0.00789759,0.008584811,0.009454108,0.008434972,0.007163752,0.0081039965,0.008165887,0.007805383,0.0070539494,0.0066868877,0.0066004754,0.00694789,0.007376505,0.008003521,0.007967918,0.008206995,0.008094266,0.008508189,0.008091178,0.0073642316,0.006292421,0.0050468384,0.0039990433,0.0041762907,0.004735733,0.005070384,0.0061552487,0.0069432925,0.007251973,0.007454601,0.007554556,0.007921035,0.007571693,0.007931943,0.008206708,0.008764353,0.008436555,0.007841886,0.0072280024,0.0068038283,0.006572498,0.0071804463,0.007398054,0.007476401,0.0069293985,0.006588701,0.006382406,0.0070191636,0.007409296,0.007612577,0.0071709654,0.007290079,0.007552465,0.007682055,0.007929831,0.0070239375,0.006299324,0.0058071273,0.0068265637,0.008094101,0.008197526,0.0076130494,0.006574659,0.0055119684,0.0053538973,0.0059899776,0.006013991,0.0065334346,0.0065827365,0.0070469757,0.007046972,0.007046966,0.007046959,0.0070469524,0.0070469454,0.007046942,0.0070469356,0.0070469356,0.0070469356,0.0070469324,0.0070469324,0.007046926,0.007046919,0.007046919,0.007046919,0.007046919,0.0070469156,0.0070469156,0.0070469156,0.0070469156,0.0074080545,0.0054842476,0.0047995993,0.013535083
0.012820538,0.00319577,0.006038108,0.008304539,0.006640348,0.0068192612,0.007103602,0.008053054,0.0070913504,0.009123077,0.0073316083,0.0073582362,0.006081227,0.0066949115,0.007101356,0.007415379,0.0069019003,0.0069732564,0.006942516,0.0053007533,0.004546593,0.005812116,0.007530744,0.006916057,0.0060831876,0.0068442184,0.0071235695,0.0060276594,0.0053361394,0.0035639515,0.0028792159,0.0022663353,0.0035407904,0.002453014,0.007241369,0.0057243058,0.006285314,0.005404616,0.004588424,0.0065979995,0.004648528,0.0044628936,0.006848563,0.009034928,0.008253483,0.005398601,0.00423373,0.00792728,0.0076901466,0.006531002,0.005080878,0.004457734,0.0042122225,0.0042713587,0.0051312796,0.0046305642,0.005523712,0.004261953,0.0046121986,0.004394677,0.008168265,0.011153471,0.010527466,0.0082872985,0.009260013,0.009134515,0.008772903,0.008523009,0.009530184,0.009133997,0.008216631,0.0078966,0.009111428,0.010146802,0.009421543,0.008408011,0.007260083,0.0067637456,0.0070646247,0.007403389,0.0065141898,0.007075702,0.0068267668,0.007834925,0.00759916,0.0062569473,0.0048164604,0.0050925314,0.0075975847,0.005316553,0.0044952095,0.004466238,0.007442058,0.00942108,0.008473345,0.003641664,0.0013179936,0.0013952624,0.0020669037,0.0066275657,0.00853517,0.38643637,0.009357265,0.007569285,0.0035919726,0.00762161,0.009009826,0.008778835,0.0042829094,0.0060868296,0.0051484816,0.0049222303,0.004242457,0.0065457798,0.0064415378,0.005979678,0.0040405253,0.004210123,0.003471111,0.005224228,0.0036169323,0.0027789327,0.0033141267,0.0037039064,0.00399396,0.00343739,0.004457503,0.0053031803,0.0051675276,0.0050764163,0.0065348116,0.006750007,0.008935459,0.005297848,0.0045387438,0.0054831062,0.029746452,0.080538586,0.16539165,0.011378169,0.00638669,0.0054587154,0.0045120902,0.0036017748,0.008418489,0.019795148,0.24999201,0.024137732,0.013578802,0.008032021,0.007178628,0.0076958877,0.009231804,0.010093764,0.007799123,0.006155751,0.0057003777,0.00551051,0.005692691,0.005447355,0.007716387,0.0070255543,0.007997427,0.009301546,0.010521741,0.008634969,0.0069963383,0.007499833,0.007817852,0.008305054,0.0077040778,0.0073388135,0.007545152,0.007879237,0.008461543,0.009514367,0.009421753,0.009854885,0.008943295,0.009339261,0.007863638,0.0065658665,0.005245058,0.0047679716,0.004610557,0.0052691987,0.0057444293,0.0059715468,0.006184925,0.006272642,0.007013187,0.00690495,0.0077062654,0.008128479,0.007685825,0.008472815,0.008305518,0.008491549,0.007506626,0.006906121,0.006346019,0.0063834437,0.006387797,0.0066722487,0.007167361,0.007205107,0.0068950527,0.00664543,0.0068298527,0.00733266,0.0076390244,0.008036175,0.0074311225,0.0070940703,0.007500085,0.007747244,0.008234092,0.0074830563,0.0072943824,0.0074017947,0.008447264,0.009757187,0.009934242,0.00897367,0.0073768888,0.005585604,0.0053136745,0.005971139,0.006028,0.006533376,0.006582727,0.0070469854,0.0070469924,0.0070469854,0.007046979,0.007046966,0.007046959,0.007046949,0.007046942,0.0070469384,0.0070469356,0.0070469324,0.0070469324,0.007046922,0.007046922,0.007046919,0.007046919,0.007046919,0.0070469156,0.0070469156,0.0070469156,0.0070469156,0.0074080545,0.0054842476,0.0047995974,0.013535083
0.011932212,0.0034271555,0.0057077063,0.0081926705,0.0068011642,0.008092483,0.006666178,0.0077059953,0.006762006,0.008866288,0.0066718385,0.0074706073,0.006365169,0.008095736,0.006718644,0.006880186,0.0068678553,0.0074303206,0.0074703842,0.0059306277,0.0055524968,0.005967888,0.00802694,0.0070633874,0.006899684,0.0062991357,0.006396998,0.005250726,0.004759702,0.0038900787,0.0047620833,0.003558885,0.0073535526,0.009954289,0.0059506795,0.004303119,0.0057248157,0.004721364,0.004316579,0.0046270555,0.0032908563,0.004453605,0.0076597533,0.015900467,0.0069028474,0.0035713795,0.0025586502,0.0068561016,0.007371657,0.0075580208,0.007040973,0.0066138227,0.0049755634,0.004312251,0.004285104,0.004607888,0.005210599,0.005018347,0.0042203427,0.0035775597,0.0056583844,0.008344171,0.009731099,0.009654156,0.009223321,0.008814716,0.008106649,0.008116927,0.007761197,0.00795456,0.007662357,0.0074586947,0.008377284,0.009212503,0.0090707615,0.0075066476,0.007114503,0.006888891,0.006875867,0.00715073,0.0072422815,0.0076408465,0.007091286,0.007692178,0.0074407165,0.0062721404,0.006144303,0.005632551,0.009006709,0.007512394,0.0072420277,0.0075508533,0.010849544,0.011023329,0.007483088,0.0041110674,0.0021885368,0.0028137125,0.002248872,0.00761821,0.005860683,0.011842882,0.0066493377,0.006133963,0.0046228827,0.0073380074,0.0047806166,0.0074005476,0.006014148,0.0077182963,0.005305397,0.0038305854,0.0032629273,0.0042880066,0.0049427813,0.0045222924,0.004028531,0.0039368356,0.0029195538,0.004851057,0.004860203,0.006242543,0.007123034,0.004970674,0.0038467625,0.0033232078,0.0042815614,0.0048303106,0.004847194,0.0046112835,0.00524264,0.0047227577,0.0056588724,0.0064789867,0.004745864,0.006213326,0.021801073,0.3033627,0.03297212,0.0075492556,0.002748593,0.005538237,0.005401585,0.004543208,0.008635017,0.011293141,0.020876637,0.013304081,0.009190823,0.007282525,0.009565876,0.008607549,0.009449777,0.008077297,0.0071092984,0.0057491073,0.0059038973,0.0047678626,0.00568488,0.005797772,0.0076632267,0.0074741757,0.0077764886,0.009495377,0.010409322,0.008650072,0.0072880667,0.007457014,0.0085355975,0.0091209,0.008478738,0.007988686,0.007966271,0.008227269,0.008530914,0.009773851,0.010076551,0.010664352,0.00842947,0.007857234,0.006258946,0.0047185034,0.0039347326,0.0042624865,0.0050389715,0.006081187,0.006511959,0.0070108566,0.006075685,0.005973259,0.0066981283,0.006966655,0.007873823,0.0074755517,0.008013131,0.008104272,0.008541233,0.0080606,0.007658112,0.007204162,0.0069880206,0.0064562545,0.006297826,0.0065643773,0.0070609497,0.0070472425,0.0068424493,0.006787032,0.0074658175,0.008165388,0.008496624,0.008509838,0.008164365,0.0076681566,0.007520092,0.0073121698,0.0077920044,0.00795181,0.008304799,0.009026796,0.008856031,0.009139795,0.009849735,0.009180495,0.0075203483,0.005921648,0.00541737,0.006152817,0.0061580585,0.006568038,0.0065973303,0.007046999,0.007047012,0.007047009,0.007046999,0.0070469826,0.0070469687,0.007046959,0.007046949,0.007046942,0.0070469356,0.0070469286,0.0070469286,0.007046922,0.007046919,0.007046919,0.0070469156,0.0070469156,0.0070469156,0.0070469156,0.0070469156,0.0070469156,0.0074080504,0.0054842476,0.0047995974,0.013535083
0.012660538,0.0031828512,0.004998157,0.0076362053,0.00665926,0.008061996,0.006638109,0.006748227,0.0058720987,0.0072052944,0.005827798,0.006556533,0.0058576553,0.0077040116,0.0072882595,0.0075780195,0.0065239333,0.0072391103,0.006246475,0.0058492757,0.005755688,0.007811959,0.0063522826,0.0062691714,0.006477493,0.007027736,0.0075804475,0.006475538,0.0056831012,0.0037673782,0.0032700936,0.0032024651,0.0034725647,0.0037609371,0.0075230394,0.0056860796,0.00534169,0.0046637347,0.004071924,0.0042305994,0.0032549857,0.010487033,0.02034632,0.5005138,0.025471881,0.008012047,0.0034113864,0.008969164,0.0046397955,0.014521488,0.0071411557,0.007703491,0.004817165,0.0043202206,0.00395438,0.0046675056,0.0051386557,0.0063566184,0.0064270734,0.004819497,0.005115008,0.0055807005,0.010058041,0.008360248,0.008629823,0.007885924,0.008050072,0.00808022,0.007348519,0.007300231,0.007164942,0.0065917075,0.007066495,0.007499063,0.007682804,0.0068208342,0.0069784382,0.007873294,0.00881772,0.008392524,0.007725366,0.007731122,0.007424236,0.0068849255,0.0065462445,0.0060084835,0.007053178,0.0060350094,0.0071722725,0.0066856174,0.006858654,0.008760534,0.010873842,0.009449585,0.0070163356,0.004789725,0.0032625846,0.003049403,0.0027277998,0.004772044,0.0061355387,0.00933942,0.007387514,0.009147368,0.006930386,0.008268207,0.0055947322,0.0067900666,0.005562477,0.0062898123,0.005524649,0.0040367623,0.0032200406,0.0054660956,0.0036335825,0.0062094494,0.0058166473,0.0056657107,0.0039198827,0.0037822204,0.0047197468,0.0041625877,0.0055258363,0.0085529275,0.0056894934,0.006462516,0.006710427,0.00654724,0.0043483423,0.0052706082,0.0049019293,0.00425415,0.0049222326,0.0052750753,0.004069869,0.00564059,0.01639188,0.2998594,0.021474063,0.0093524605,0.0034151687,0.0056246407,0.005782294,0.004980759,0.007957101,0.008261633,0.01209271,0.01002778,0.008850094,0.009146509,0.010827495,0.008920738,0.0100298915,0.007124268,0.0069952514,0.004980939,0.0055854395,0.005719374,0.007748231,0.00839799,0.008492828,0.008203786,0.00784231,0.009760039,0.011001943,0.009720155,0.0076411683,0.0070316806,0.007698572,0.008109774,0.008182355,0.008170302,0.00797432,0.008347647,0.008518082,0.009421268,0.009711049,0.01015027,0.0081529785,0.0073971194,0.0057127667,0.0052860933,0.0043115383,0.0047626053,0.0056198896,0.0069583603,0.007263586,0.007438833,0.00666704,0.006413188,0.0071278512,0.0069840285,0.0075286273,0.006922397,0.0075833104,0.0071519553,0.0077271573,0.0071886545,0.007201175,0.0069773877,0.007012851,0.0064635174,0.006428465,0.006340465,0.0066138203,0.006700038,0.007022711,0.0070764385,0.007570313,0.0084215505,0.00924033,0.009017974,0.008853475,0.007919113,0.007675155,0.007429849,0.009016099,0.009546645,0.009713759,0.009856379,0.008386182,0.008704519,0.0094486885,0.009549824,0.0083227735,0.0069021643,0.0060369032,0.006635135,0.00629893,0.0065495484,0.0066137225,0.007047009,0.0070470423,0.0070470357,0.0070470227,0.007047002,0.0070469826,0.007046966,0.007046955,0.0070469454,0.0070469384,0.0070469356,0.0070469286,0.007046922,0.007046919,0.007046919,0.0070469156,0.0070469156,0.0070469156,0.0070469156,0.0070469156,0.0070469156,0.0074080504,0.0054842476,0.0047995993,0.013535083
0.011399747,0.003573058,0.004919013,0.007730229,0.0066163396,0.0070856377,0.0064933863,0.00694715,0.0056297258,0.0065209884,0.0056089223,0.0062989662,0.0058146864,0.0074554263,0.0066060172,0.006652932,0.006455169,0.006142815,0.0062826127,0.0065367157,0.005881239,0.006264233,0.0070169307,0.0074741472,0.006571857,0.006826958,0.0065640784,0.005748055,0.005652083,0.004390948,0.0039040332,0.004227555,0.0048787016,0.0045722406,0.0057184333,0.0048658634,0.00880655,0.00616867,0.0049959538,0.0046310103,0.0042246594,0.0061914637,0.0077759507,0.02492815,0.008374559,0.0056839506,0.003250314,0.0044984673,0.0025559037,0.003448109,0.006334634,0.019432193,0.008087971,0.0068979105,0.005117707,0.006291139,0.0061721117,0.0074642845,0.008839388,0.007981222,0.006890372,0.006020071,0.007482561,0.008664821,0.0071170437,0.007852441,0.008458259,0.009410229,0.008303161,0.007079884,0.008337516,0.006849043,0.006728306,0.006203614,0.0065664453,0.0056460565,0.0062371437,0.007464617,0.007572861,0.0070346515,0.0068280054,0.008068244,0.007892474,0.006609341,0.0065459628,0.0072644176,0.0076260907,0.0058813556,0.0051909685,0.0058640847,0.007537279,0.009411977,0.01106369,0.007544877,0.0050165113,0.0045887856,0.0074723894,0.0076139825,0.006221113,0.0062987865,0.003952994,0.005293992,0.0054579573,0.007286466,0.0074172076,0.0073434943,0.006641563,0.006820957,0.005858791,0.005650521,0.005136447,0.0062346994,0.0044673765,0.0051255864,0.003288011,0.004490976,0.0047253473,0.005489522,0.0052751102,0.005080153,0.00524174,0.006163472,0.0056806044,0.009038913,0.006025258,0.011934641,0.006946959,0.005678671,0.0039882967,0.0071473154,0.007218856,0.007476554,0.005978924,0.005537864,0.005125725,0.0057818852,0.007474473,0.015784279,0.008868501,0.0060398937,0.004196435,0.0050113495,0.008625862,0.00576432,0.0071011973,0.006639437,0.0077166897,0.0071680606,0.008903567,0.0090838615,0.013951821,0.009422932,0.0085093435,0.0060276827,0.0062544425,0.00600899,0.00742625,0.0074343057,0.009062532,0.012741025,0.012320835,0.009492153,0.008172404,0.009256343,0.010003984,0.008926958,0.007737954,0.0072756475,0.007500443,0.0074907974,0.007964184,0.008366441,0.008226728,0.008303871,0.008289924,0.0091098705,0.008582048,0.009195036,0.006987088,0.0064443154,0.0048453724,0.005234304,0.0045174137,0.0053904187,0.006134815,0.007301765,0.007648005,0.007874814,0.0073066335,0.0070484173,0.0072594406,0.0072894464,0.0076840254,0.0073111653,0.007699799,0.0072497902,0.007819199,0.007512885,0.0075689442,0.0074536516,0.007299249,0.0069125304,0.0065471786,0.006486794,0.006579887,0.00687976,0.0071835136,0.0072048954,0.007264346,0.007824313,0.008670796,0.008533483,0.008887184,0.008172435,0.007956836,0.008247944,0.009147814,0.009839583,0.010596617,0.009300861,0.006822181,0.0066318084,0.007442312,0.007948631,0.0076490478,0.007917701,0.007148445,0.007638045,0.0066839335,0.0067041307,0.0066995593,0.0070470395,0.0070470823,0.0070470725,0.007047052,0.0070470255,0.007047002,0.007046979,0.007046966,0.007046955,0.0070469454,0.0070469356,0.0070469286,0.007046926,0.007046922,0.007046919,0.0070469156,0.0070469156,0.0070469156,0.0070469156,0.007046912,0.007046912,0.0074080504,0.0054842476,0.0047995974,0.013535083
0.011363541,0.0033034317,0.0045230524,0.007632257,0.0066563366,0.0073834634,0.006265884,0.0063817017,0.005566957,0.0051797275,0.0049168733,0.0057879216,0.006154383,0.006563938,0.0068117697,0.0063820975,0.0055694496,0.0064610983,0.0069761854,0.0071064713,0.0060137883,0.006358679,0.0073041054,0.0072616125,0.0067077735,0.0069226683,0.0069488212,0.0059439535,0.0050090123,0.004573847,0.00503447,0.0043400615,0.004854514,0.0038085626,0.0052267164,0.0048312666,0.008520394,0.006085832,0.006283101,0.0051551703,0.00459939,0.0050159236,0.0054693758,0.007793519,0.0054249465,0.0038073112,0.0033459873,0.0038292264,0.0027638096,0.0035957987,0.004546837,0.011975482,0.0077844434,0.008099585,0.0064832577,0.007947966,0.007825165,0.008396914,0.010316218,0.010200616,0.00876345,0.0070276638,0.0066014505,0.0053519253,0.005459466,0.0050458782,0.005362373,0.004686638,0.0047281515,0.004665023,0.0064843274,0.006843762,0.0058220318,0.004723861,0.0044520893,0.0027041517,0.002114537,0.0023565476,0.0032720088,0.0039413013,0.0057347366,0.008215624,0.0072336984,0.006139532,0.005696714,0.0074981684,0.0076754712,0.006348323,0.006856248,0.00844169,0.010196655,0.011205275,0.011167774,0.007431242,0.004000928,0.005593719,0.008274352,0.014364009,0.006541676,0.0044080517,0.0036307285,0.0058798282,0.005872764,0.007985645,0.008173691,0.007661505,0.008219075,0.008303954,0.00729613,0.0068850815,0.0064372146,0.0065720123,0.004529111,0.00361969,0.0028227994,0.0038835872,0.0045965943,0.00684558,0.0061979075,0.010259548,0.0059279804,0.006047089,0.0041616433,0.0060665263,0.0057096905,0.008049277,0.008937913,0.0061576767,0.0044066166,0.0069996975,0.0056854244,0.0073421104,0.0074159964,0.010135701,0.0071795224,0.005032839,0.0043329312,0.0058422396,0.0073508597,0.0041814595,0.004238543,0.004783224,0.009146413,0.0050128615,0.007309124,0.006930708,0.008643974,0.007806953,0.009112272,0.00859893,0.011864559,0.008226487,0.008793827,0.0058517302,0.006352322,0.0061721643,0.0072064265,0.006978088,0.0064281696,0.0074867364,0.00800997,0.008067313,0.0072627165,0.0080752345,0.0089160595,0.0075908178,0.0070447274,0.007724883,0.008645273,0.008411852,0.00862448,0.0091963215,0.008979622,0.009262275,0.008791691,0.009329247,0.008087336,0.008134399,0.007704861,0.0068541993,0.0064956257,0.0065463902,0.005739589,0.005444553,0.0065773753,0.007722059,0.007877236,0.007578116,0.0076295272,0.0077505223,0.00811862,0.007966342,0.008043838,0.007481909,0.007416534,0.0071060136,0.0074981973,0.007322241,0.007201481,0.0070401593,0.0068231444,0.006613804,0.0063272514,0.006579008,0.00689327,0.007272855,0.0074455,0.0072076684,0.0072266376,0.0068544005,0.006757325,0.0070552016,0.008227273,0.007672577,0.007720813,0.008354898,0.00945017,0.009531345,0.008742797,0.005670137,0.0039211023,0.0047227447,0.0061574583,0.008957905,0.0074498784,0.008108589,0.0069656856,0.008320333,0.007047656,0.006871177,0.0068587908,0.0070470925,0.0070471396,0.0070471354,0.007047099,0.007047066,0.0070470325,0.0070470055,0.0070469826,0.007046966,0.0070469524,0.0070469384,0.0070469324,0.0070469286,0.007046922,0.007046919,0.0070469156,0.0070469156,0.0070469156,0.0070469156,0.007046912,0.007046912,0.0074080504,0.0054842476,0.0047995974,0.013535083
0.011122239,0.002983128,0.004602314,0.007845642,0.006201045,0.006381091,0.0060451324,0.006514264,0.005596123,0.0054660668,0.004720804,0.005164366,0.0053850273,0.006847211,0.005648718,0.0056764493,0.0059519154,0.0072417124,0.007413726,0.008425346,0.007515531,0.006085189,0.0065836185,0.0069772955,0.006876467,0.0062609334,0.0058683227,0.0052585397,0.0049177622,0.004802051,0.00686768,0.0041658725,0.008959912,0.004350878,0.009015745,0.004854293,0.007119345,0.006101485,0.006124775,0.0057764086,0.0060075405,0.0058730594,0.00512283,0.004216523,0.004588718,0.004230545,0.0045910254,0.0057121846,0.0052477955,0.005124959,0.006326967,0.007889939,0.012713398,0.010834432,0.008707478,0.00908794,0.00857414,0.008607659,0.010002072,0.010263418,0.008269458,0.0063749417,0.005650256,0.005783555,0.0048713107,0.0040664747,0.0045817494,0.0023519201,0.00123946,0.0011056561,0.0030446462,0.0049296604,0.005391299,0.0048456257,0.0061359517,0.0035195565,0.004504042,0.004414447,0.0055283788,0.005509376,0.004274136,0.0057492866,0.0067648506,0.006267844,0.00724126,0.008242932,0.007669085,0.0060529504,0.008002116,0.009570358,0.011050275,0.01129647,0.010287326,0.007683397,0.0035941454,0.00808267,0.011389411,0.5049699,0.015146604,0.009057973,0.0030022513,0.005660236,0.006355742,0.006915464,0.008132894,0.0075802966,0.009694225,0.009506493,0.009870904,0.009126,0.008324233,0.0077892323,0.0052555674,0.003892581,0.0032939718,0.003348827,0.0038084306,0.010551076,0.0066172453,0.0068583614,0.0048758504,0.0057485597,0.0049994825,0.0054462804,0.0063878307,0.0068317223,0.0062102024,0.006353821,0.0038203872,0.007358542,0.0067525073,0.0070867487,0.0049470514,0.0046262215,0.0037816905,0.002675122,0.002300894,0.0019776432,0.0035301687,0.005148767,0.0053553325,0.008862312,0.007908242,0.0052752476,0.0066083902,0.006593207,0.008086567,0.007082385,0.008252781,0.0069370843,0.00976411,0.00797308,0.0072110035,0.006106808,0.007279795,0.0073354687,0.007678468,0.0071313917,0.006306961,0.0072297994,0.0067277034,0.006557571,0.006480347,0.0068803066,0.006489994,0.0057485565,0.0062347446,0.0066730804,0.008322088,0.008205858,0.009006476,0.009347064,0.0099605555,0.010486904,0.009516442,0.009420413,0.007972103,0.007920065,0.006196204,0.006083706,0.0065345024,0.007070203,0.006596287,0.0060911644,0.006640924,0.0075457655,0.0074521634,0.007379222,0.007247824,0.0075580175,0.007601494,0.007813027,0.007952009,0.007829942,0.0077538933,0.007760213,0.007925458,0.0076399753,0.0073705926,0.0072456836,0.0070089204,0.006686308,0.0066511207,0.0069333073,0.0075679026,0.007494319,0.0078000636,0.0073154955,0.0070335423,0.0062850607,0.0059883287,0.006719386,0.007962002,0.00966326,0.010144681,0.010214283,0.008670356,0.007889207,0.0061489344,0.004593277,0.0030445852,0.003922229,0.0050404784,0.009479528,0.00794879,0.009001714,0.007382859,0.008075723,0.007049639,0.007017319,0.006991364,0.0070471857,0.0070472327,0.0070472127,0.007047169,0.007047119,0.007047076,0.0070470325,0.007047002,0.007046979,0.007046959,0.007046949,0.0070469384,0.0070469324,0.0070469286,0.007046919,0.007046919,0.007046919,0.0070469156,0.0070469156,0.007046912,0.007046912,0.0074080504,0.0054842476,0.0047995974,0.013535083
0.0109414095,0.0028944074,0.0051700776,0.0074767335,0.0073329383,0.007233822,0.006419295,0.0064320145,0.0062843217,0.0059658173,0.0053775315,0.005679354,0.0050839786,0.00613164,0.0061431,0.0059393123,0.005761803,0.0067488053,0.007569704,0.006445653,0.0072783474,0.0065080393,0.007095535,0.006768472,0.0059604016,0.005913429,0.006243646,0.0052772295,0.0046422384,0.0047583445,0.0055905245,0.0030120153,0.0030637577,0.0039334544,0.008035084,0.0047889333,0.004600082,0.0042796386,0.0051694303,0.005599751,0.0063968403,0.007430036,0.007583999,0.005720903,0.0046044705,0.006953647,0.0091214385,0.009726689,0.00914116,0.008784505,0.009885114,0.009419007,0.00983136,0.0075762016,0.008075708,0.0067104427,0.0073450613,0.008808128,0.010417138,0.009620899,0.0064381026,0.003802234,0.0033192271,0.003199997,0.0034820242,0.0022560004,0.0019287788,0.001888795,0.0028940921,0.003205092,0.003681077,0.0032581757,0.0023093205,0.0060538454,0.013296184,0.009722074,0.0072310143,0.006946127,0.012993293,0.0102269845,0.0053461078,0.0066391467,0.0068906825,0.007437404,0.0077071255,0.006002446,0.0053729196,0.0047733076,0.0064993845,0.008568808,0.010045163,0.009545963,0.0074034343,0.0048990115,0.0027522303,0.0030759722,0.0042114304,0.011689169,0.0070533687,0.00330912,0.0032617734,0.0060002306,0.0069692517,0.0077057364,0.009187298,0.009616289,0.010821776,0.010222284,0.009883424,0.008420272,0.0065652416,0.0068270285,0.0039349957,0.005634856,0.0031846124,0.003724043,0.0042528356,0.007207713,0.0073415996,0.005560596,0.006666279,0.0066145216,0.005955429,0.004859767,0.0065684053,0.0097884415,0.009699426,0.008945405,0.005096851,0.004662734,0.007566646,0.0057199295,0.0050919782,0.0043446957,0.005599518,0.0044605196,0.004055124,0.0043106624,0.0034382052,0.0047636065,0.004242306,0.004487424,0.0062361327,0.0051645795,0.0063260435,0.0063709733,0.007624886,0.00982061,0.0098326085,0.008738768,0.008838783,0.0077556837,0.0072847484,0.008451911,0.007981098,0.009497431,0.009822298,0.009382666,0.0082366895,0.006320432,0.00654671,0.0070875403,0.007565686,0.0062871194,0.005121758,0.0038760977,0.0045769718,0.0053483546,0.0071365256,0.007479151,0.00844601,0.0094367135,0.010162532,0.01124516,0.0106636435,0.009280061,0.007163701,0.006368164,0.0054747523,0.0055005006,0.0063076424,0.0069971066,0.006505034,0.0060380334,0.0066649397,0.0074596517,0.007378545,0.006991066,0.0068574166,0.007126893,0.0073357914,0.0074308557,0.0074024675,0.0072504934,0.0071859453,0.007110154,0.007221675,0.0070830556,0.0070414795,0.0070552086,0.00725152,0.0069623846,0.0071026804,0.0071336306,0.008072168,0.008148418,0.008394672,0.007735714,0.0070458376,0.0060566003,0.006084935,0.006756222,0.007795363,0.00889912,0.0091934465,0.009303264,0.008063704,0.006792711,0.005241705,0.005268896,0.003792576,0.0045700883,0.0063027693,0.01435944,0.017210633,0.011906564,0.0082398765,0.0077101095,0.0069742994,0.007091337,0.0070418455,0.0070473426,0.007047373,0.007047326,0.007047263,0.0070471894,0.0070471293,0.007047076,0.0070470357,0.007047002,0.0070469757,0.007046959,0.0070469454,0.0070469356,0.0070469286,0.007046926,0.007046919,0.0070469156,0.0070469156,0.0070469156,0.007046912,0.007046912,0.0074080504,0.0054842476,0.0047995993,0.013535083
0.011874374,0.0033405107,0.005173154,0.00841827,0.0075839353,0.006899629,0.006224545,0.0066262186,0.006977028,0.0066031707,0.006041835,0.006610766,0.00572452,0.0064538727,0.0064734095,0.0056938627,0.0060646543,0.005614749,0.0066318675,0.006105659,0.006625117,0.0059667025,0.006704539,0.0067530833,0.007070521,0.006398756,0.005676313,0.00508987,0.004609012,0.0050774496,0.0052566295,0.0032825135,0.0029047555,0.005958758,0.0064272922,0.005452413,0.0063735344,0.0077572325,0.009036563,0.007318242,0.006565008,0.006560028,0.0061663757,0.0060826596,0.0066286395,0.006585144,0.0061915815,0.00796894,0.007404012,0.007951899,0.008443203,0.010177201,0.011225736,0.008463395,0.0070322137,0.005843846,0.006383226,0.007428053,0.006910982,0.005902157,0.0045306184,0.004529816,0.0042070276,0.0043715667,0.0035601517,0.0025887599,0.0043126973,0.004484811,0.010970721,0.0070854262,0.0038964492,0.0017760745,0.0015502069,0.006575986,0.014004476,0.33978906,0.04685935,0.4492033,0.31674564,0.027011313,0.005686503,0.003670885,0.006856653,0.006007649,0.0037094885,0.002313763,0.0028786492,0.0033541417,0.005036458,0.0057490794,0.0064550927,0.007331088,0.0062693143,0.004309185,0.0037487722,0.004352694,0.0060676876,0.010897243,0.004971434,0.0034361014,0.004184264,0.0064616404,0.008351244,0.007641946,0.008698415,0.009541961,0.010657885,0.0110736545,0.009068804,0.005285755,0.004222792,0.008062475,0.0062915348,0.0059468024,0.004695697,0.0041336324,0.005397743,0.0072845104,0.0077128354,0.0053160866,0.005790364,0.005933597,0.0056890086,0.004801381,0.0050573586,0.0063381135,0.0054946737,0.008282448,0.0060886997,0.005255936,0.007747508,0.0073157176,0.0054493966,0.004861268,0.009108157,0.012028394,0.0038833455,0.0013009574,0.0010526498,0.002729527,0.0043262285,0.0058424724,0.00649199,0.004991116,0.0062950184,0.006779916,0.009858691,0.014584908,0.02079054,0.013001611,0.0070808562,0.0053917407,0.006626476,0.007943253,0.0072980677,0.007815929,0.008246215,0.008522139,0.0069207544,0.0070493952,0.008121992,0.008739351,0.008409728,0.0062846434,0.0044551827,0.0035237784,0.0048571317,0.0053825406,0.0062356894,0.0061804685,0.006848806,0.007262857,0.008212341,0.009620749,0.010185169,0.010099994,0.007946538,0.006691409,0.0053318385,0.005463369,0.006277224,0.0065364437,0.006746648,0.006684095,0.007001693,0.007519632,0.0073043643,0.006899354,0.006837328,0.00701805,0.007120414,0.0071388097,0.007106902,0.0071112136,0.007149437,0.007168939,0.007193287,0.0070070093,0.0070287045,0.0071613304,0.0077509074,0.0077895266,0.007928691,0.007804153,0.008372381,0.008541152,0.008686142,0.008018985,0.007110523,0.006420454,0.0065251444,0.0069213705,0.007388882,0.008290078,0.008951003,0.009651288,0.008516609,0.006712556,0.005559518,0.0055245655,0.0048227524,0.0053120516,0.0055097886,0.008240602,0.009310549,0.012203838,0.008362791,0.007239587,0.006796466,0.0070760204,0.0070584924,0.00704757,0.00704756,0.0070474828,0.0070473826,0.0070472825,0.0070472024,0.0070471293,0.007047076,0.0070470325,0.007046995,0.0070469757,0.007046955,0.007046942,0.0070469324,0.0070469286,0.007046926,0.007046919,0.0070469156,0.0070469156,0.007046912,0.007046912,0.0074080504,0.0054842476,0.0047995974,0.013535083
0.011632764,0.003080485,0.005117583,0.0068797106,0.0076057436,0.007766968,0.007157788,0.007631697,0.0063932957,0.0064463704,0.006261978,0.006718316,0.005961382,0.0071130926,0.006142303,0.005521543,0.0051981388,0.0054848175,0.0057315403,0.0059202723,0.0073929536,0.0059716282,0.0057423543,0.005597036,0.0058757267,0.0058973185,0.0057048984,0.004681245,0.0046436572,0.004864926,0.0049746446,0.0038173525,0.003167049,0.0045370487,0.005105931,0.008563005,0.00950735,0.016271086,0.009905772,0.0070502763,0.0040565836,0.0056442604,0.0062941327,0.0064522093,0.0068848473,0.0077741593,0.0068492573,0.007200933,0.007069537,0.010963631,0.009360748,0.0082163,0.007062458,0.006409652,0.0058287014,0.0052732015,0.006251542,0.0058358344,0.0052590035,0.004371722,0.003841872,0.006981261,0.0053069647,0.0050758356,0.0042709666,0.0027675813,0.008829419,0.0133894095,0.61893296,0.57203233,0.021423426,0.008283365,0.0017780843,0.004217466,0.0052760784,0.0076503684,0.00432863,0.013268661,0.02006012,0.34986615,0.023005797,0.010354163,0.005539529,0.0035733553,0.005536753,0.004432854,0.0051544784,0.0033416538,0.0030324315,0.003189272,0.0047654766,0.0045593153,0.0022231298,0.001978273,0.0038641437,0.009985337,0.0081474045,0.004535565,0.00540438,0.0039221193,0.006790756,0.0074688005,0.008703593,0.008676986,0.009204185,0.010184149,0.010007531,0.009796834,0.007403599,0.0041431026,0.005149898,0.009161655,0.016995128,0.009035932,0.0078724,0.0034824843,0.0055424585,0.005510455,0.0080549205,0.0055282973,0.0056870827,0.0052413247,0.0047220183,0.0045181965,0.0036805125,0.005169207,0.0041439645,0.007881389,0.007127888,0.004839851,0.0053470004,0.006097108,0.004244452,0.008347402,0.012408175,0.5353808,0.014193053,0.012163981,0.002814249,0.0059492555,0.004821661,0.0043240557,0.0056531364,0.004902576,0.0066970303,0.0071525653,0.013420374,0.020003693,0.24155103,0.02286372,0.007462716,0.0037627583,0.0062468955,0.0076821023,0.008354988,0.0076478533,0.008068801,0.006352858,0.0057141427,0.005850596,0.0056578503,0.0077605317,0.0084669,0.00466989,0.0028215647,0.0034346925,0.0052766264,0.007029803,0.007460015,0.007855231,0.00785732,0.008491419,0.00894368,0.010270037,0.0095641725,0.008153607,0.006534796,0.0056807254,0.005680631,0.005958744,0.006674082,0.007121142,0.007356258,0.007141291,0.007248929,0.007727428,0.0075564296,0.0073019927,0.0072112936,0.007266161,0.007227726,0.0070505138,0.0069049466,0.0067745815,0.0067407205,0.0068509863,0.0070591145,0.0070183952,0.007100915,0.007263692,0.007888547,0.008274196,0.008224425,0.0083298525,0.008422067,0.008301065,0.008053431,0.007613417,0.0071710707,0.006670056,0.006771223,0.00672064,0.0068536997,0.00661257,0.0070459316,0.007925862,0.0082263,0.0066604083,0.0065714736,0.0063293176,0.006710668,0.0069250097,0.006126958,0.007942784,0.009202833,0.010592365,0.0079064835,0.007079733,0.0067800414,0.007062518,0.0070535885,0.0070478935,0.007047817,0.0070476867,0.0070475396,0.007047406,0.007047296,0.0070472024,0.0070471256,0.0070470725,0.0070470255,0.0070469924,0.007046972,0.0070469524,0.007046942,0.0070469324,0.007046926,0.007046919,0.0070469156,0.0070469156,0.007046912,0.007046912,0.0074080504,0.0054842476,0.0047995993,0.013535083
0.011738321,0.0030679111,0.004753492,0.006995506,0.006971361,0.0070760334,0.0069301175,0.0069338167,0.0062474106,0.0064061997,0.006399523,0.0072998577,0.006376597,0.0065427134,0.0059468704,0.0053678285,0.0054208497,0.005178015,0.005173824,0.005735892,0.006177303,0.0056722504,0.00602399,0.0054846616,0.0060613845,0.005756034,0.005687697,0.005347911,0.0055789887,0.0057801805,0.005846939,0.0050373725,0.0043712556,0.0060497522,0.0056295097,0.0095827505,0.014741822,0.3079821,0.02262609,0.009164746,0.0042687594,0.006023093,0.006358016,0.0091340095,0.009048096,0.0082886815,0.0073110545,0.0064503113,0.0047376077,0.006251447,0.0065094945,0.0072428538,0.0046878303,0.005271611,0.0051209275,0.005238896,0.0049213427,0.0044046585,0.003287055,0.0034373656,0.0035968637,0.004618214,0.006665805,0.0061572418,0.004958352,0.0032792233,0.0061984304,0.009578579,0.0355618,0.027767032,0.008792975,0.002798857,0.0022739475,0.0044426667,0.004174201,0.005594173,0.0033492264,0.008701508,0.021342115,0.06099019,0.021298189,0.008416865,0.0022760557,0.0018271029,0.0047742096,0.011782573,0.008177527,0.0033654575,0.0021597422,0.0028217607,0.0029004193,0.0046938877,0.005370637,0.007324016,0.015857471,0.41354528,0.026552627,0.012937262,0.004855915,0.0051231603,0.0065464526,0.008402737,0.00948119,0.010028187,0.009113942,0.008867453,0.008122246,0.007900385,0.0064275544,0.0034158505,0.005796945,0.01258018,0.23238373,0.018391525,0.007553198,0.00302238,0.0033834954,0.0038622166,0.0061693336,0.006049222,0.0064998497,0.005831772,0.0055300146,0.005644801,0.0047731674,0.0037809073,0.0041428194,0.0050334716,0.007030079,0.004346472,0.005669153,0.0056333095,0.005034133,0.005490079,0.0054834126,0.010842597,0.0069616754,0.005963154,0.00847268,0.0047319517,0.0034458225,0.0025852115,0.0047430294,0.0046580317,0.006903786,0.006647448,0.009971983,0.010581771,0.018431662,0.0058539333,0.0029077774,0.0029882211,0.0063550314,0.005987049,0.004372235,0.0019907553,0.00315726,0.0029935203,0.0043640723,0.0047611203,0.008982011,0.009630391,0.0064865085,0.0037161172,0.0035278997,0.0042554922,0.006416203,0.008181411,0.009295699,0.010038025,0.00906673,0.009016802,0.009027106,0.00987895,0.0095024025,0.007942332,0.005473133,0.0049768947,0.005365451,0.0058215684,0.0060348865,0.006476615,0.006551804,0.0068043405,0.006938064,0.0073072836,0.007526935,0.007791053,0.007703433,0.007526692,0.007113675,0.0069288374,0.006927614,0.0068183825,0.006901037,0.007078399,0.0072659687,0.0070587806,0.0070032254,0.0072438484,0.007863214,0.007926208,0.008422116,0.007996913,0.007980834,0.0075862897,0.007710937,0.0069963816,0.0067256903,0.0065892506,0.006537843,0.007381604,0.007581528,0.008058751,0.00823181,0.008883783,0.008367078,0.006839854,0.0070406487,0.007854354,0.008083026,0.008581213,0.0070636044,0.007633582,0.0072544278,0.009292788,0.0073225745,0.006906239,0.006692344,0.006983979,0.007033149,0.00704832,0.0070481505,0.0070479433,0.0070477403,0.00704756,0.007047413,0.0070472923,0.007047192,0.007047119,0.0070470623,0.0070470227,0.0070469854,0.007046962,0.0070469524,0.0070469356,0.0070469324,0.007046922,0.0070469156,0.0070469156,0.007046912,0.007046912,0.0074080504,0.0054842476,0.0047995974,0.013535078
0.011107904,0.0028831926,0.004279698,0.0068008103,0.006957546,0.008080179,0.0076131504,0.006120921,0.0057637896,0.005965215,0.007326083,0.0067568584,0.0068169814,0.0075871977,0.006260429,0.005805179,0.0057595233,0.0051619783,0.0053531,0.005447621,0.005861678,0.0056855995,0.0057118484,0.0056697116,0.0059586647,0.00599319,0.006135187,0.0057327496,0.0054741297,0.0054978374,0.0056924806,0.005833367,0.0055331755,0.0054118535,0.0048206155,0.007956615,0.011006753,0.01931033,0.010384952,0.0071822586,0.0051634917,0.0061818855,0.0060120956,0.0069887326,0.008592425,0.010022319,0.008036304,0.0057796077,0.0047438173,0.005884022,0.005253,0.0048643136,0.003992811,0.0045781345,0.0045598457,0.0046266713,0.0038735946,0.0036623061,0.0038471243,0.0040656384,0.0043908395,0.005490459,0.006718807,0.008915402,0.011257064,0.002881088,0.003911311,0.007277631,0.048434563,0.022354946,0.0054555014,0.0013905128,0.0017904371,0.0024006253,0.003969028,0.004412928,0.002651817,0.0066993367,0.018104399,0.459546,0.43900916,0.020031517,0.0042972453,0.004845865,0.020543791,0.52921724,0.018155865,0.0030906969,0.00090365164,0.0015974431,0.0026404997,0.0053273365,0.009812323,0.0064986576,0.00633055,0.0111046415,0.019557618,0.007393888,0.004207579,0.0060508964,0.007016392,0.008937972,0.00850514,0.010294173,0.009053536,0.0070032813,0.0054701674,0.003988768,0.0042723767,0.0031458403,0.00598217,0.0067226705,0.0137106385,0.010901377,0.007202757,0.0040600738,0.0033198283,0.004941787,0.005958766,0.009816262,0.0072003733,0.008295442,0.0063674278,0.0077581718,0.0063195485,0.0050866758,0.0048736017,0.0050287982,0.006610603,0.0039839065,0.0051308684,0.0060530677,0.0071472474,0.0047468394,0.004710525,0.004422716,0.010667215,0.015095283,0.489144,0.018453117,0.011103667,0.0031865933,0.004574746,0.0044738753,0.005994107,0.0038921265,0.0044094766,0.0037250814,0.0073025185,0.0049614403,0.004150816,0.006134576,0.015971692,0.014418583,0.008860369,0.0047351015,0.0068527125,0.003513446,0.0054853763,0.0042705736,0.016777912,0.0067415186,0.00493376,0.0030180973,0.0050378577,0.0055143917,0.0075995405,0.009923943,0.009697649,0.009557156,0.009047314,0.009686281,0.009000531,0.010024879,0.009639386,0.0076471544,0.0062631764,0.005713276,0.0054027834,0.005137471,0.0050981953,0.005700526,0.006066589,0.006514455,0.006556499,0.0069028875,0.007185548,0.007426348,0.0069806096,0.0069780126,0.006907079,0.006890085,0.006741611,0.0067153987,0.007034618,0.0070370864,0.0073925485,0.0073559065,0.007219693,0.0069314237,0.007337209,0.007550835,0.007856528,0.0074787224,0.008009944,0.007866689,0.0074777105,0.0066101584,0.006627512,0.0066040275,0.0065833074,0.0071017393,0.007725304,0.008472252,0.0084585585,0.008426369,0.0076457975,0.0061979545,0.005803305,0.007500955,0.008553784,0.008006837,0.0057540345,0.00568975,0.0075814594,0.007093217,0.007739166,0.0068134083,0.0067237117,0.0068942723,0.0070154485,0.0070488714,0.007048577,0.007048274,0.007048,0.007047757,0.00704756,0.007047403,0.0070472755,0.0070471796,0.007047106,0.007047052,0.007047009,0.007046979,0.007046962,0.007046942,0.0070469356,0.007046926,0.0070469156,0.0070469156,0.007046912,0.007046912,0.0074080504,0.0054842476,0.0047995974,0.013535078
0.010975105,0.0030712395,0.0044510667,0.007332834,0.0073016887,0.008832549,0.008287545,0.0070657358,0.006531593,0.0059641036,0.00584963,0.006039064,0.0068906723,0.0066149696,0.005827621,0.0055875108,0.005913367,0.005325002,0.0052373335,0.005825262,0.006236254,0.006279402,0.0065395255,0.006249652,0.006346579,0.0061369287,0.0060583604,0.005872357,0.0059176907,0.005926129,0.006206816,0.0066351737,0.006723922,0.0073259645,0.0067452006,0.0067622145,0.0074275183,0.011563414,0.009964562,0.0069971927,0.0058664754,0.006239982,0.00621706,0.00746248,0.00872206,0.009313307,0.0071915984,0.005397252,0.0037655141,0.004253684,0.0052125687,0.0069772094,0.0052671693,0.0049916846,0.004779269,0.0046568424,0.005303839,0.004609981,0.0047502583,0.0057337903,0.005930074,0.0056010657,0.0063570403,0.007361354,0.010617896,0.0027754346,0.0059470814,0.008210726,0.41913357,0.01454036,0.004819058,0.0027651319,0.0044192635,0.0047764415,0.005510886,0.0058843596,0.0050214143,0.0060791727,0.006485706,0.011677034,0.008059441,0.00527522,0.0063391137,0.011077982,0.029186038,0.5483817,0.01275188,0.004061175,0.0006466456,0.0008341876,0.00211532,0.007876412,0.5186667,0.020228298,0.0069276,0.0050549814,0.0119839255,0.007525457,0.0068661547,0.005878028,0.007150686,0.008765791,0.008626029,0.009126526,0.007885498,0.0041761496,0.0046160114,0.005164822,0.024517264,0.0060306713,0.0045881285,0.002478064,0.0077178436,0.006954032,0.006149039,0.0042764456,0.0043268814,0.0045655956,0.005443115,0.005746197,0.007607654,0.009055162,0.00724861,0.007438047,0.0059657525,0.00648874,0.0065653967,0.0055797375,0.005876632,0.004823441,0.0067676194,0.007944817,0.0072229477,0.005330946,0.0039166,0.0019504107,0.001878363,0.0051019285,0.021066725,0.019825265,0.006510839,0.0032038065,0.0023797,0.00268632,0.004392841,0.007977165,0.0074155997,0.0038885341,0.0039558015,0.002484026,0.01259801,0.016343478,0.28913316,0.041444954,0.015605974,0.010348287,0.01221538,0.004887142,0.008946816,0.008740247,0.33273485,0.011608802,0.007319116,0.0032474943,0.006566022,0.0068531865,0.0076721665,0.009613896,0.009303791,0.008934952,0.008559229,0.009246055,0.008291574,0.00791596,0.008087791,0.007844896,0.007282625,0.0068457583,0.0059370017,0.005626871,0.005008758,0.005334093,0.0057252906,0.0060357675,0.0061835498,0.0063986867,0.0066691083,0.0066908323,0.0065644076,0.006967546,0.0069359276,0.006931988,0.006898149,0.0069671078,0.0074507417,0.0074747526,0.0077688317,0.0075918958,0.0073635317,0.006919657,0.007199198,0.007098663,0.0074406564,0.006851061,0.0075205513,0.007524873,0.0073816814,0.0068648574,0.0068546473,0.0069968947,0.007076107,0.007545763,0.0075929053,0.008150992,0.007780922,0.007525019,0.006725254,0.00576017,0.0053582415,0.005525569,0.007475711,0.00741153,0.0061322944,0.004262918,0.007186932,0.007258653,0.008983675,0.007378569,0.0066646086,0.006811405,0.006956812,0.0070495424,0.007049101,0.007048684,0.007048314,0.007048,0.0070477463,0.0070475433,0.0070473826,0.007047256,0.0070471657,0.0070470953,0.0070470357,0.007046999,0.007046972,0.0070469524,0.007046942,0.0070469286,0.007046926,0.007046919,0.007046919,0.0070469156,0.0074080504,0.0054842453,0.0047995974,0.013535078
0.010994692,0.0032633846,0.004625367,0.0068886327,0.007191847,0.0087531,0.008209309,0.006765757,0.0059091556,0.0055981823,0.0058391416,0.005697608,0.0068421215,0.006846867,0.005810289,0.0052611516,0.0052086934,0.0067455326,0.006693577,0.006560609,0.006111634,0.00649036,0.0068894946,0.0067361053,0.0067845797,0.0066433214,0.0065533128,0.0062255035,0.006337651,0.0065018544,0.0068115112,0.0070853466,0.0068060486,0.0067565287,0.006446132,0.006869062,0.0071086753,0.006781018,0.0064450544,0.006125843,0.00686618,0.007259244,0.0077747996,0.0085046785,0.008368511,0.0079528475,0.006080812,0.0045523047,0.0039724847,0.0047305846,0.006672837,0.0076220003,0.0071259104,0.0054888083,0.004885867,0.0048346813,0.005275678,0.006391206,0.0070055802,0.0075248443,0.006844157,0.0064882296,0.0062990612,0.0062801787,0.0067343055,0.0023588894,0.005238733,0.007935637,0.4293443,0.017348802,0.012841296,0.007264576,0.00926084,0.006034191,0.005549654,0.0066003874,0.0064206636,0.0064357296,0.005332451,0.0077296216,0.0044368706,0.003476927,0.013036064,0.028190868,0.38488272,0.047082968,0.0052677616,0.0012752891,0.0011891287,0.0022128157,0.0042194286,0.010001835,0.36349759,0.016866185,0.005012869,0.0020058574,0.006343873,0.0067407205,0.0063553504,0.0057550655,0.0064555053,0.007434785,0.005980316,0.0062298356,0.0063978895,0.0036275114,0.0042663827,0.0059007164,0.022862693,0.010621479,0.004804248,0.0023462612,0.0042144232,0.0053855204,0.0071882666,0.0064835222,0.0055060745,0.0040672934,0.0034077975,0.0039804867,0.0058217556,0.007144977,0.0058531533,0.0063469335,0.006018248,0.0073318626,0.010351794,0.0072790887,0.0047544935,0.004396513,0.0044226195,0.008302702,0.0050798515,0.00399854,0.0033020019,0.004650243,0.0028151525,0.003734031,0.017432053,0.45692822,0.022807296,0.011681124,0.0022098275,0.0030377514,0.005541226,0.01988137,0.021373263,0.016222782,0.007635111,0.0127149895,0.37629807,0.0484554,0.48780754,0.2970944,0.39878833,0.38753948,0.3111637,0.03459475,0.0093356315,0.0064776368,0.01048261,0.007178846,0.004442401,0.0042334083,0.008159366,0.007335459,0.007703115,0.009671591,0.008621904,0.008361771,0.0075955684,0.008909619,0.009357362,0.008520305,0.00885424,0.008352515,0.008699768,0.009237737,0.0076256576,0.006740576,0.005937947,0.0061533474,0.0063334126,0.0063045435,0.0062270733,0.006016571,0.006472232,0.006441406,0.0068142023,0.0072427136,0.0076123294,0.0072180727,0.0069197714,0.0068634525,0.007301361,0.0075743976,0.008114186,0.0077794315,0.007389344,0.006831893,0.00698822,0.0075015617,0.0074255187,0.007433008,0.0070667192,0.0071013393,0.0068115275,0.0067098704,0.0068182694,0.007167205,0.007689237,0.007794283,0.007593107,0.0074121435,0.0068654884,0.0062748925,0.005999451,0.0058251107,0.0049579805,0.0045415633,0.0052925157,0.0055345083,0.006685858,0.005235997,0.013378523,0.010431241,0.011438503,0.0083029615,0.007103844,0.006874757,0.0068920306,0.007050357,0.007049739,0.0070491815,0.0070487037,0.0070483037,0.007047977,0.00704772,0.007047513,0.007047356,0.0070472327,0.0070471424,0.0070470725,0.0070470255,0.0070469924,0.007046962,0.0070469454,0.0070469324,0.0070469286,0.007046922,0.007046919,0.0070469156,0.0074080504,0.0054842453,0.0047995974,0.013535078
0.011488443,0.003346975,0.005094941,0.00699936,0.006808051,0.008363451,0.008184402,0.0075484016,0.0068812123,0.0055725453,0.005394757,0.0054825754,0.0062404694,0.0064199124,0.0057650115,0.004721716,0.004100778,0.0046182466,0.005781022,0.00522287,0.0049252952,0.0057211285,0.006573893,0.007212188,0.007006343,0.0065537384,0.0059632473,0.005660002,0.0057802848,0.0059939255,0.0062398366,0.0063687824,0.0059610773,0.0055991244,0.005777326,0.005828226,0.006293122,0.0068170945,0.0063828207,0.00666114,0.007294514,0.008215985,0.00835453,0.008469031,0.007356937,0.005647055,0.004858646,0.004261592,0.0044040023,0.00592956,0.007177684,0.007616062,0.00658438,0.0052155815,0.0046793725,0.0053412393,0.00602812,0.0066300523,0.007017023,0.007899601,0.0076571484,0.007037773,0.006343308,0.005439208,0.0053317025,0.002863954,0.0037212048,0.0060528237,0.018552624,0.018970083,0.018595511,0.30218247,0.29267126,0.031077685,0.012580416,0.0069284895,0.0061624083,0.0059537753,0.004664988,0.0038093622,0.0016066503,0.0050182133,0.010264663,0.41726425,0.0814662,0.026691161,0.0014927825,0.0010662382,0.0022848381,0.009571908,0.010593884,0.01511866,0.038557425,0.011515204,0.0048501506,0.0036401197,0.0074701686,0.0071202987,0.0063713873,0.0051111826,0.0048632454,0.004234369,0.0030340175,0.0027100786,0.0037598673,0.0027401496,0.007270452,0.011614762,0.45421672,0.04302439,0.012930918,0.003420626,0.005172653,0.006883732,0.008508329,0.00813216,0.0071899067,0.004355644,0.0031039906,0.0029337283,0.005593619,0.0068767336,0.0070421197,0.006174288,0.0063119265,0.0059427368,0.0064916266,0.01020627,0.0061475593,0.005761817,0.0048017637,0.006453689,0.006088044,0.0077126855,0.006795211,0.0064716954,0.0042790924,0.0017889625,0.0066558924,0.013628347,0.021887233,0.005482235,0.0013158884,0.0041237255,0.019680535,0.31029457,0.39567402,0.038482737,0.020237291,0.0069532814,0.005126148,0.004429991,0.0103047155,0.015286072,0.012397999,0.022667931,0.025167894,0.33515623,0.015338217,0.013997386,0.00794151,0.008500449,0.0056418013,0.0052076336,0.0079818005,0.007673539,0.0077316076,0.0086398395,0.009120948,0.008489353,0.00825179,0.009744977,0.00995138,0.0093097575,0.0082372585,0.0085663535,0.0081804665,0.008623359,0.007346891,0.0069214655,0.0063206535,0.006351693,0.0065109744,0.006404701,0.006105092,0.005921642,0.0064747306,0.007150026,0.008736824,0.008215772,0.008508841,0.007498747,0.006905758,0.0067605875,0.0072480123,0.0073225047,0.0076196953,0.0073574525,0.007304535,0.007090934,0.0070885173,0.007876639,0.007937378,0.008203096,0.0070072417,0.0067350524,0.006295752,0.006365778,0.006895425,0.0073548723,0.007707294,0.0076992563,0.007375144,0.006732173,0.006559133,0.0062342267,0.0062676985,0.0063863536,0.005894703,0.0055032163,0.005208965,0.0051469896,0.005255702,0.004835196,0.005841334,0.006793402,0.00794538,0.008683695,0.007827249,0.0070334454,0.006881284,0.0070513217,0.0070505003,0.0070497827,0.0070491745,0.0070486674,0.0070482604,0.0070479307,0.00704767,0.007047473,0.00704732,0.0070472024,0.007047119,0.007047056,0.007047009,0.007046979,0.007046955,0.007046942,0.0070469324,0.007046922,0.007046919,0.0070469156,0.0074080504,0.0054842453,0.0047995974,0.013535078
0.013132959,0.0032317825,0.005384627,0.006954286,0.006779916,0.007575585,0.0076174103,0.0069290115,0.006493103,0.006959972,0.0061777504,0.0058426913,0.0067003244,0.00724887,0.0058556986,0.004750152,0.0038628608,0.004178619,0.0035171225,0.0041348557,0.0041901157,0.005799686,0.0060393186,0.006569989,0.006602977,0.0061468543,0.0054648616,0.005038551,0.0049288394,0.0047754054,0.005585039,0.0055983895,0.0061531235,0.005399233,0.0060158353,0.0058659557,0.0067751496,0.0063759834,0.005639456,0.007405352,0.0076485914,0.008998851,0.0070841927,0.006281952,0.0051213913,0.003920415,0.0044830465,0.00481815,0.006804118,0.0070574405,0.0070618726,0.0066730767,0.005746649,0.0054920428,0.0058106827,0.0060467394,0.0067347907,0.007347899,0.007370139,0.0071474267,0.0071494775,0.007970126,0.00744079,0.00672491,0.005958405,0.0045579197,0.004833273,0.005581227,0.0076910816,0.0062752673,0.006427052,0.01049468,0.019222515,0.013096336,0.0075912634,0.0062882365,0.006948897,0.0076634195,0.006428599,0.0059498255,0.0031749262,0.008384691,0.016251719,0.4364217,0.37749562,0.03378162,0.0016364417,0.0013434073,0.0038911763,0.43483594,0.07203296,0.037809756,0.011470647,0.0038673072,0.0039715753,0.0058909208,0.0076894774,0.007280695,0.0069369334,0.006362304,0.0053640157,0.0035386144,0.0024188834,0.0026068178,0.0056206095,0.0068442994,0.01042452,0.020183057,0.45895693,0.49677098,0.036137026,0.015295032,0.00536956,0.007880519,0.007965224,0.0078922715,0.0072846627,0.004871348,0.0037100753,0.0034943644,0.0072933435,0.0067888647,0.007612509,0.005912745,0.008757831,0.0060185962,0.0057275766,0.0085569555,0.0075089857,0.008387664,0.0066751605,0.011250563,0.010017267,0.0069123437,0.0055094357,0.006895585,0.0081148045,0.0026089575,0.0037486905,0.011088007,0.44955158,0.011509901,0.0048691384,0.003598689,0.033080693,0.35855213,0.090265095,0.28868008,0.4307666,0.015859839,0.0074100774,0.0031769488,0.0052531525,0.009680816,0.006392148,0.0057924534,0.007718157,0.011007637,0.005330951,0.0059829922,0.007021513,0.0059995875,0.0050626975,0.0053160894,0.007942952,0.008245787,0.008186071,0.008347711,0.008524967,0.008298302,0.008195883,0.009526984,0.009816248,0.009753889,0.00925805,0.009837326,0.009085184,0.008734181,0.007845623,0.006924373,0.0063675907,0.006601122,0.0068712574,0.0066910256,0.006363899,0.006153351,0.006429424,0.006708523,0.007769456,0.008120821,0.008869418,0.008022423,0.0074635423,0.0075590224,0.007672182,0.007387214,0.0071966904,0.0069813896,0.006723489,0.0068920557,0.0073376284,0.007890764,0.00748667,0.007625127,0.0070141265,0.0063882265,0.0062176143,0.006463217,0.007156121,0.007539195,0.00865156,0.008844044,0.0082815625,0.007293537,0.0072483597,0.0069341417,0.0068026753,0.006968988,0.0064587146,0.0059280787,0.005826549,0.005957267,0.0076674526,0.0076994174,0.012001875,0.006502646,0.006964425,0.0077607413,0.0076991874,0.0071118935,0.0069024456,0.00705245,0.0070514013,0.007050497,0.007049739,0.007049108,0.007048594,0.0070481836,0.00704786,0.00704761,0.00704742,0.0070472755,0.0070471726,0.0070470925,0.0070470325,0.0070469924,0.007046966,0.007046949,0.0070469356,0.0070469286,0.007046922,0.0070469156,0.0074080504,0.0054842453,0.0047995974,0.013535078
0.01272692,0.0030606845,0.0057599517,0.0073167672,0.0068945433,0.0070965053,0.007028698,0.007481438,0.006691907,0.0061205355,0.0053165075,0.005275916,0.00598775,0.007091119,0.0071917824,0.0055702683,0.0042481315,0.0035856785,0.004130407,0.004300317,0.004655711,0.0056217927,0.0059343935,0.0061703688,0.005803063,0.004909986,0.00457131,0.004671213,0.006852197,0.004832491,0.0058735465,0.0052552135,0.0059334147,0.00528746,0.0063739447,0.0061713783,0.006384405,0.005943528,0.005115314,0.0063634375,0.00708747,0.005732336,0.0048184358,0.004546839,0.0047056493,0.0038684222,0.004401082,0.005169136,0.0067244447,0.006750253,0.0068481513,0.0058736494,0.0055416753,0.005373371,0.006015892,0.0067532496,0.006822336,0.0064721243,0.006417799,0.0072213057,0.0074146944,0.008160234,0.0073059173,0.0074523147,0.007778243,0.008698888,0.007865844,0.006467251,0.0050467886,0.004221483,0.00453141,0.0072787614,0.011804313,0.009475782,0.0077982005,0.005498206,0.0056480276,0.004915457,0.005159885,0.005571053,0.004496467,0.005389468,0.011958161,0.056388646,0.48387757,0.22348952,0.004873958,0.002871407,0.005471905,0.41079506,0.48563734,0.39047274,0.007166754,0.0029497633,0.0021347713,0.006146339,0.0074545587,0.006820301,0.00583483,0.0050193327,0.0050516776,0.0045118826,0.0019280069,0.0017447735,0.0011999164,0.0012104529,0.002113353,0.003670526,0.01572684,0.017553916,0.009826157,0.0061767055,0.0056557963,0.008339657,0.008596853,0.008335791,0.008605433,0.0069297366,0.005673982,0.004842194,0.00799832,0.010773976,0.008803454,0.00618888,0.005024336,0.0056038364,0.0053270105,0.0073946165,0.0073234057,0.007015648,0.006926338,0.009567209,0.010881979,0.006239488,0.005069559,0.005572918,0.0077695665,0.0031170968,0.0030588636,0.008100766,0.037910797,0.0042355536,0.003246431,0.0028801402,0.34064466,0.038270682,0.01418873,0.0066901576,0.011347636,0.008472355,0.00280751,0.0016597939,0.0026619253,0.0029125107,0.002028554,0.0020197607,0.0023856235,0.004420974,0.004143122,0.0038099973,0.0054470296,0.005899693,0.004667213,0.005340464,0.0073762154,0.007246949,0.00734832,0.00750966,0.008376254,0.008986435,0.009780786,0.009533088,0.008766975,0.008391544,0.009317686,0.008888537,0.008194794,0.0077604842,0.0073313694,0.0067545255,0.0066901604,0.0068357512,0.00703642,0.006725824,0.006531213,0.0064970045,0.0064606606,0.006330841,0.006741084,0.007355492,0.007874769,0.0074637583,0.0071654986,0.0075626182,0.007443921,0.007121584,0.006942474,0.006743696,0.006626467,0.006822582,0.007431126,0.0075432956,0.007372526,0.006690601,0.0063226605,0.006176931,0.0063618068,0.0068779583,0.007761433,0.008499553,0.009530044,0.009834177,0.008722113,0.0077184825,0.0074877962,0.0070858225,0.006864441,0.0067203217,0.006739925,0.00743922,0.007839401,0.0075682215,0.007170375,0.0058350763,0.005912198,0.005308495,0.005385681,0.007970825,0.007603671,0.007031884,0.0069949296,0.0070537725,0.00705246,0.0070513417,0.007050403,0.007049622,0.0070489882,0.007048484,0.0070480905,0.00704778,0.0070475396,0.007047366,0.0070472294,0.0070471326,0.007047066,0.0070470157,0.007046979,0.007046959,0.007046942,0.0070469324,0.007046926,0.007046922,0.0074080545,0.0054842476,0.0047995974,0.013535078
0.011921103,0.002952561,0.0059239944,0.008023584,0.0074860845,0.0071605104,0.0056690183,0.0057409112,0.0059701824,0.0069847857,0.0057933927,0.0056184162,0.0061978316,0.0070491177,0.0060234475,0.0046259225,0.0046650474,0.0042586536,0.0056637633,0.004296082,0.0076931384,0.0055471966,0.006690417,0.005184607,0.00439193,0.0039069476,0.003980799,0.004751205,0.0064523225,0.0046704262,0.0050159567,0.004872723,0.006063031,0.005117039,0.0055689374,0.0057366504,0.007024317,0.005260268,0.004497908,0.005578081,0.0061812703,0.004703113,0.0041555157,0.004180977,0.005322548,0.0052784365,0.006119068,0.0057388055,0.006769071,0.0060038576,0.006165327,0.00594698,0.006440836,0.0069226557,0.0071446965,0.0065933256,0.006581443,0.0063461373,0.0071446723,0.008059571,0.00850496,0.0076394617,0.006481673,0.007719377,0.007998445,0.007861194,0.007533563,0.006284001,0.0063863895,0.0049638464,0.003962125,0.003058404,0.004348346,0.0054932637,0.008278548,0.0059411563,0.006571611,0.004787534,0.0061355354,0.0047739036,0.0051781526,0.0044598947,0.0053630746,0.016418241,0.030776517,0.21008202,0.0073655327,0.00690841,0.0069342596,0.3110701,0.4278883,0.057484232,0.014956602,0.0036401523,0.0045385174,0.005768163,0.0042064344,0.004881795,0.0041365917,0.0038295577,0.002026084,0.0024023764,0.001816765,0.004521243,0.0037796234,0.0055863345,0.009272595,0.010640633,0.021327548,0.01381438,0.0082523795,0.0075303228,0.0056768344,0.008132433,0.008146449,0.007815368,0.008499389,0.008110242,0.005965871,0.005024448,0.0067755696,0.0118076,0.009228569,0.00907555,0.004618483,0.0070141796,0.0050585554,0.00817818,0.0062664007,0.0062704342,0.007002718,0.010065939,0.0151305655,0.0053080115,0.0033922973,0.003280737,0.0064744977,0.0024375117,0.0041845464,0.007870762,0.37424293,0.0072943275,0.0025049425,0.0034804347,0.23393627,0.020861242,0.0052637905,0.0028958707,0.008432643,0.004913461,0.0032790285,0.0036313513,0.0047041243,0.0039248103,0.0045788623,0.0045419447,0.005365909,0.004072027,0.004273342,0.0045810537,0.0068712253,0.006484112,0.0065779765,0.0063654557,0.0076798564,0.0073044784,0.007004054,0.0071206973,0.007040816,0.008119392,0.008894727,0.00870891,0.008117937,0.008038205,0.0090423515,0.008464156,0.007955275,0.007272744,0.0067002606,0.006932126,0.00727481,0.007371472,0.007364717,0.006787035,0.006572283,0.006697998,0.0067135044,0.006442957,0.006042829,0.0065472,0.007093435,0.0072850487,0.0070953197,0.0075057563,0.0076346844,0.007348372,0.007273464,0.007310587,0.0072413767,0.007097692,0.0074125472,0.007216044,0.0069642016,0.0063612103,0.006586261,0.0065369112,0.006764431,0.007171933,0.008172303,0.01067733,0.012034283,0.011345026,0.00882992,0.0074005267,0.0073316223,0.006884191,0.0065347687,0.0064834454,0.006527912,0.007648447,0.008302604,0.008150981,0.0072385357,0.0058809514,0.005191971,0.0042105867,0.007602444,0.0077825356,0.0073799035,0.0069079194,0.0070344247,0.007055342,0.0070537054,0.0070523303,0.0070511815,0.0070502334,0.007049459,0.007048838,0.0070483536,0.0070479736,0.0070476835,0.007047466,0.0070472993,0.0070471824,0.0070471023,0.0070470395,0.007046995,0.007046966,0.007046949,0.0070469356,0.007046926,0.007046922,0.0074080545,0.0054842476,0.0047995974,0.013535078
0.012515085,0.0029545382,0.005876688,0.008743743,0.007593121,0.0073488243,0.0065178443,0.006843253,0.0060630566,0.0059310272,0.005722802,0.006286484,0.006304388,0.00685207,0.006575148,0.0044715265,0.0042372593,0.0043019177,0.006800462,0.0054676696,0.005304868,0.005047131,0.00529467,0.0045579523,0.003995951,0.003353068,0.003596062,0.0051363916,0.005850513,0.0065222955,0.0055124336,0.005029249,0.005423745,0.005170151,0.0051704235,0.005135251,0.0051631443,0.004997028,0.0042488193,0.005462245,0.0065268115,0.0057564,0.0043983585,0.005112439,0.007363375,0.0065523013,0.00686687,0.0062888744,0.006581287,0.005757254,0.0065747555,0.0067907744,0.006679854,0.0075358134,0.0072929636,0.0076673916,0.007060599,0.0064962227,0.007399438,0.00818102,0.008661472,0.0072835865,0.0063437014,0.006370853,0.0070819417,0.007527601,0.0060922327,0.004407269,0.0055824155,0.0045378995,0.0050319983,0.0049127615,0.0060507506,0.006382654,0.007993566,0.0048486665,0.0035857842,0.003443935,0.004462576,0.004273316,0.005297619,0.0037817643,0.0038592864,0.0041754814,0.013694313,0.018401353,0.0055075292,0.0047583557,0.0073189354,0.033935532,0.2474205,0.054022107,0.027331123,0.009155904,0.007821478,0.007499663,0.00394646,0.0035473192,0.0023674166,0.0028746307,0.0018932448,0.0026600915,0.004238569,0.012103858,0.014468304,0.015926244,0.016841503,0.019834667,0.018923417,0.011089854,0.006694157,0.004447955,0.0037842887,0.007416772,0.007320633,0.0073887245,0.007641685,0.008391385,0.006448521,0.005095898,0.0046369685,0.009412438,0.010602583,0.007127173,0.0046254,0.0057744784,0.0045562694,0.0076962914,0.005228926,0.0050264196,0.007349443,0.008126007,0.008025289,0.004418886,0.0039833346,0.0041784504,0.0062784674,0.0024422328,0.0038623177,0.010648557,0.45430797,0.0073726936,0.001973684,0.0024071753,0.40786317,0.014669044,0.0038970914,0.0013272061,0.0038843693,0.0049264855,0.0062108734,0.0049065906,0.004001437,0.0040401015,0.0054449765,0.0068626856,0.007320418,0.0073890295,0.006669705,0.0061214836,0.008876497,0.006637452,0.0070128646,0.0052559385,0.006956627,0.006604075,0.0069238166,0.0068455706,0.007582443,0.008610544,0.009640297,0.008812575,0.0080593685,0.008354254,0.008710697,0.008918403,0.0074834097,0.0072808214,0.0070659155,0.007148154,0.007598383,0.0073399385,0.0075038834,0.006886983,0.0064297686,0.006528877,0.0067556174,0.006975921,0.006347809,0.0063967225,0.006590836,0.006842011,0.006821464,0.00693384,0.0064717415,0.0065206205,0.006930596,0.007444327,0.0075113205,0.0073881582,0.007908193,0.007268989,0.0066131246,0.0058451598,0.0064078486,0.006640176,0.0065392866,0.0072113858,0.007961422,0.009111484,0.009213452,0.008707453,0.007742023,0.007026609,0.00828432,0.0075818286,0.007230799,0.006389428,0.0068507204,0.008367387,0.008584207,0.007938839,0.006736229,0.0052134194,0.003984279,0.003609782,0.0064833714,0.007513151,0.007466023,0.0069542793,0.007079103,0.0070572263,0.0070551615,0.007053482,0.007052083,0.007050938,0.0070499997,0.007049252,0.0070486604,0.0070482004,0.0070478534,0.0070475833,0.0070473864,0.0070472425,0.0070471424,0.007047066,0.007047012,0.007046979,0.007046959,0.0070469384,0.0070469286,0.007046919,0.0074080545,0.0054842504,0.0047995993,0.013535083
0.012747996,0.0028666393,0.006262461,0.0077093393,0.00816199,0.0077516446,0.0068379045,0.006516143,0.0068874066,0.0068238485,0.0064738328,0.005703833,0.005514622,0.0057584196,0.005429757,0.004824696,0.0050843772,0.005565553,0.006382092,0.00605223,0.006235291,0.0060593197,0.0056081377,0.0045292294,0.0040850174,0.00411121,0.0042524645,0.0043128016,0.0037734124,0.0047675935,0.005803883,0.005572236,0.005654978,0.0057527497,0.0068225334,0.0062651657,0.0064368094,0.0053869765,0.004734971,0.0064406195,0.008943908,0.007363584,0.005670892,0.004402102,0.0049307644,0.004711949,0.005511051,0.005434085,0.006024815,0.0066601713,0.0071414025,0.007915866,0.008177632,0.007870397,0.0069871014,0.006943733,0.0067474404,0.00667455,0.0077227857,0.007852181,0.0077381553,0.0059599527,0.0051203393,0.004954364,0.006082692,0.005829262,0.0055691935,0.005342858,0.0056485096,0.005652879,0.006136437,0.005721519,0.006349418,0.00604492,0.0050783767,0.004303507,0.005374895,0.0051242397,0.013188424,0.0057403697,0.0065608984,0.0039694766,0.0075637316,0.003492437,0.004436043,0.0055669784,0.005475742,0.0047214017,0.0052731666,0.007351938,0.022344075,0.024219597,0.4546534,0.3802178,0.055369243,0.026104666,0.009666167,0.005116097,0.0015217165,0.0016890117,0.0032052288,0.013737094,0.037188277,0.28894955,0.4024799,0.4371168,0.37034416,0.5054027,0.10022675,0.424239,0.018829552,0.0063435244,0.0035174382,0.008094752,0.0074277613,0.0069671767,0.007258279,0.008669779,0.005974179,0.0046854345,0.00413765,0.008613976,0.007240523,0.0065170075,0.00462699,0.0043849153,0.0038149178,0.004624401,0.0057575516,0.0044650803,0.004902639,0.0063776844,0.010669112,0.0038594513,0.0033237578,0.003642275,0.005873427,0.0022619576,0.0042038667,0.008232612,0.33668104,0.011500351,0.0018772805,0.0015404974,0.021944279,0.008232378,0.003926833,0.0038392579,0.007573463,0.0064706067,0.005215047,0.0064964416,0.005531877,0.0048763338,0.0050265295,0.005930507,0.0055652284,0.004887448,0.0046445546,0.006255714,0.011217951,0.0077407155,0.0057316786,0.005756597,0.006982692,0.0066988925,0.0074455813,0.007638873,0.008396942,0.008692348,0.0083697885,0.008621961,0.008073035,0.009525252,0.009660841,0.009674395,0.008506452,0.00769533,0.0075926282,0.007637091,0.007676401,0.007226289,0.0074591497,0.007032363,0.0065838527,0.0066982773,0.0070479237,0.0074718697,0.006596521,0.0062811547,0.0061830785,0.0068381215,0.007262396,0.00743178,0.006932904,0.0066476404,0.006905843,0.007463716,0.00795134,0.00818712,0.008157256,0.0070392424,0.006612802,0.006097938,0.006797097,0.006858589,0.0072005442,0.006937801,0.007283866,0.008044314,0.008129671,0.007773622,0.007026346,0.006940692,0.009148756,0.009257122,0.008753593,0.007123992,0.0069723646,0.009440703,0.008798695,0.007769585,0.005300899,0.004808726,0.004430893,0.004369446,0.0064348704,0.00687534,0.00712411,0.006981945,0.0070770886,0.007059462,0.0070568523,0.0070548044,0.0070531247,0.007051742,0.0070506237,0.007049726,0.007049015,0.0070484574,0.007048037,0.00704772,0.0070474865,0.007047309,0.0070471857,0.007047099,0.0070470357,0.0070469887,0.007046962,0.007046942,0.0070469324,0.007046926,0.0074080545,0.0054842476,0.0047995993,0.013535083
0.014099481,0.0032911566,0.0050640497,0.007381185,0.007627722,0.008874328,0.007836512,0.007682946,0.006387567,0.0060384884,0.0056769885,0.005821163,0.0058994666,0.0061827297,0.005699024,0.0052534663,0.0056941025,0.00851441,0.00841499,0.00653198,0.0060529187,0.005227324,0.0048102685,0.004582985,0.005000517,0.007857461,0.006654095,0.003799026,0.0043846215,0.0051331175,0.009913291,0.0068040215,0.0076074176,0.0074902805,0.007428109,0.006607432,0.006276186,0.006127341,0.0058996733,0.006274459,0.009539785,0.009134489,0.0063156364,0.0044985637,0.0051583555,0.005360367,0.005552868,0.0049751857,0.007476401,0.006562471,0.0072603235,0.008329132,0.009001136,0.008441755,0.00740626,0.007357094,0.007160948,0.00738554,0.00789829,0.0077878134,0.0071694893,0.0055158143,0.004794027,0.004151971,0.0041495822,0.0041673086,0.0046358462,0.004897456,0.0059339176,0.0067845024,0.0060241497,0.0062097847,0.006129572,0.005275565,0.0049153897,0.0047882637,0.0055946023,0.004291921,0.0063046096,0.005934618,0.0069278106,0.0050700954,0.005982201,0.0042591654,0.0042735673,0.0040650284,0.0049536517,0.004809942,0.0047582947,0.0030298738,0.003793949,0.0032027515,0.005744149,0.011980127,0.017443031,0.36250475,0.037711788,0.011993308,0.0021832066,0.00346436,0.013124483,0.39896357,0.40829793,0.47982606,0.4221992,0.35999957,0.2939746,0.0563398,0.034438428,0.43259278,0.024763612,0.0075675985,0.0031609447,0.008592351,0.008649843,0.007109961,0.007251664,0.008556381,0.006262094,0.0049956674,0.004593166,0.007961678,0.006302423,0.0058059115,0.005429291,0.0049246224,0.0035631575,0.0044802553,0.004848625,0.0035821248,0.0033580624,0.0029916395,0.0047169765,0.0062174727,0.00523095,0.006057562,0.011502352,0.0024048313,0.0034364117,0.006081118,0.43143,0.012552364,0.0027217527,0.0012621435,0.0056672846,0.004476824,0.0028056416,0.0038454651,0.0065695,0.00814562,0.0050280034,0.0043934505,0.0045266007,0.0058842422,0.005308996,0.003634301,0.0038166908,0.0039009375,0.004797937,0.006792769,0.008572065,0.0052891006,0.0045964983,0.005734967,0.007106616,0.0072100195,0.008107815,0.008171999,0.009679385,0.009653727,0.008627237,0.00976015,0.008272576,0.01057391,0.009873714,0.011326888,0.01013485,0.008316116,0.0074885157,0.0072296113,0.0070616086,0.006981304,0.0073692226,0.007173662,0.0068555013,0.0069316793,0.0075086267,0.007954906,0.0067906654,0.0062447055,0.0059443964,0.006327015,0.006966507,0.007564809,0.0073015164,0.006935337,0.0065111686,0.0070319134,0.006694256,0.007490589,0.008229374,0.0072968863,0.006722607,0.006184309,0.0069603208,0.0070558405,0.0069067455,0.0071232934,0.0067312573,0.0066547254,0.0065508145,0.007138063,0.00790697,0.008778868,0.0107266335,0.009599845,0.008254975,0.007121469,0.007763805,0.009602411,0.008504308,0.007673525,0.005708968,0.0037122844,0.003659285,0.004279263,0.0062580355,0.006814267,0.006977982,0.0070527242,0.007075889,0.007062006,0.0070587737,0.0070563047,0.00705431,0.007052667,0.0070513347,0.0070502628,0.007049415,0.007048754,0.0070482534,0.0070478767,0.007047593,0.0070473864,0.0070472355,0.0070471293,0.0070470623,0.007047009,0.007046972,0.007046949,0.0070469384,0.007046926,0.0074080545,0.0054842476,0.0047995993,0.013535078
0.014343871,0.0032523398,0.00477213,0.0074571627,0.0067874277,0.007256894,0.007292087,0.008228141,0.0069226953,0.0070524365,0.0068631894,0.006134887,0.005517047,0.0054683797,0.005483964,0.005792541,0.005387334,0.0055037877,0.005712802,0.0065445174,0.0064533586,0.0052499687,0.004450587,0.004761609,0.005150194,0.007048617,0.0054198266,0.0042620357,0.0042010886,0.0054677213,0.008920467,0.0076571815,0.008008682,0.008549345,0.009151406,0.008082479,0.0068850424,0.0055921758,0.0063435426,0.0063075675,0.00890767,0.008711619,0.0070868563,0.0050140605,0.004988886,0.004998403,0.0056987945,0.0063772947,0.007030502,0.0074924966,0.0075940588,0.00849152,0.009294992,0.008408158,0.007882619,0.008079571,0.008092314,0.007968544,0.008363736,0.007324082,0.006628498,0.006058349,0.0059342105,0.0051074424,0.0050524757,0.0049816975,0.0057838787,0.0060739657,0.006774851,0.0072548026,0.007361877,0.006777065,0.0057721273,0.005243142,0.0041933656,0.0040770825,0.004734043,0.0052758334,0.0069023147,0.0071311994,0.008442529,0.0079152705,0.008823102,0.0066758688,0.0064755413,0.006052942,0.006556185,0.0071192677,0.0058057043,0.0024302248,0.0012013505,0.0010344993,0.0038129904,0.00792727,0.02568966,0.31638116,0.54447055,0.017151805,0.005324389,0.0044053737,0.020405158,0.43490803,0.3912184,0.048251897,0.02734341,0.027169213,0.03120236,0.021586834,0.02382147,0.07064454,0.016947374,0.0046159914,0.0027255581,0.008837847,0.008005209,0.0069081285,0.0074280137,0.007843118,0.0067044734,0.0058661895,0.0044863396,0.0058405255,0.008221307,0.0056606545,0.0053759147,0.0058959546,0.003872817,0.0032631333,0.0034291446,0.0035518897,0.0032462042,0.0034830454,0.008306437,0.009254559,0.009462833,0.009902817,0.012246079,0.0032931925,0.004432736,0.0093564475,0.025759386,0.008608033,0.0014739037,0.0022713125,0.0066627837,0.0074502197,0.004790534,0.003507143,0.002814534,0.0041446513,0.0036179207,0.002591529,0.0031045985,0.004228085,0.0042468086,0.003409895,0.003742294,0.0041063456,0.0056429654,0.007487268,0.009684268,0.0060791755,0.005621529,0.006503249,0.0076579857,0.00803,0.008916435,0.009431009,0.0098910425,0.008790369,0.009301066,0.008615335,0.009244618,0.0085207485,0.00891831,0.0098738205,0.009433754,0.008883719,0.0076751336,0.0072443048,0.0069532646,0.007159097,0.0075606788,0.0074642175,0.007276494,0.007434605,0.007860942,0.008372884,0.0073413495,0.0066126515,0.006109865,0.0063173934,0.006494718,0.0070291003,0.007343327,0.0077560316,0.0074156392,0.007492,0.0072804154,0.007130089,0.0075959023,0.007366634,0.0076315203,0.0067864824,0.006869348,0.0064535304,0.006878277,0.0074486015,0.006796499,0.006915418,0.0076015876,0.008908736,0.0096861115,0.009924108,0.010907193,0.009474855,0.008611431,0.008224647,0.009374882,0.010705817,0.009325322,0.0075896,0.0045673405,0.0031249034,0.0034409624,0.0054017613,0.006778266,0.006714782,0.0070065083,0.007056929,0.0070705977,0.0070647923,0.007060933,0.0070580053,0.0070556398,0.0070537026,0.007052133,0.0070508644,0.0070498693,0.0070490884,0.0070484937,0.0070480504,0.0070477133,0.0070474697,0.007047296,0.007047169,0.0070470856,0.0070470287,0.0070469826,0.007046955,0.0070469384,0.007046926,0.0074080545,0.0054842476,0.0047995993,0.013535078
0.015006752,0.0037852381,0.004272119,0.0065633073,0.0062160883,0.007174222,0.007225009,0.0070597967,0.0068273586,0.0068992525,0.0066914246,0.0063285353,0.0056662317,0.005281835,0.0048918403,0.004767008,0.0053307563,0.0054755188,0.005270303,0.0052797757,0.0055493093,0.0045767482,0.003920184,0.0045983945,0.006036955,0.0056346743,0.00442238,0.0043288996,0.0037678936,0.007820605,0.007357707,0.0069125397,0.0068472563,0.0067172856,0.006966315,0.006883011,0.0069924197,0.005629958,0.004679246,0.004726276,0.0066319527,0.008170959,0.00761006,0.004824135,0.003928568,0.004065669,0.0046645715,0.006426455,0.007640257,0.00786311,0.008373371,0.008649745,0.00920786,0.008711031,0.008752675,0.008420901,0.0082525825,0.0082825925,0.008565365,0.007551167,0.006980144,0.006332626,0.007401924,0.006527062,0.0074630063,0.007624207,0.0070777554,0.0074218637,0.0075866375,0.007429902,0.0070456513,0.0059789554,0.005664744,0.0052499934,0.005310323,0.004727539,0.00579832,0.0057549677,0.006757303,0.0077611604,0.009797005,0.010980525,0.011943236,0.009178842,0.008263708,0.007879006,0.008539262,0.007750882,0.0068438617,0.0035211507,0.0023605174,0.002209997,0.004052673,0.0071907714,0.0046079075,0.009337302,0.009526408,0.0069818627,0.0025149432,0.00351136,0.014464158,0.015699,0.022211868,0.011068292,0.010574584,0.028210927,0.036032293,0.03627711,0.028912086,0.46933687,0.02567441,0.0061933426,0.0030758302,0.009624153,0.009221155,0.008110576,0.006914783,0.007614379,0.0067012724,0.0065737776,0.004557498,0.004101501,0.004896211,0.007882261,0.006512736,0.006530232,0.0046502957,0.0053830054,0.0057186224,0.004997924,0.0037171815,0.0026798982,0.003770171,0.004303928,0.013428293,0.009883686,0.009283732,0.0035954863,0.0052891653,0.016550273,0.019360814,0.004090093,0.0009891099,0.0034622436,0.004436833,0.015183985,0.0066154585,0.004508027,0.0050052283,0.008036757,0.0066953814,0.005769014,0.005791641,0.004782849,0.0039331275,0.004044799,0.008139963,0.0062038023,0.005245948,0.004310546,0.004694726,0.0053236387,0.0055376743,0.0066724033,0.007516772,0.008343871,0.008696104,0.008340723,0.0074572233,0.006937508,0.0070991237,0.0072019254,0.0076389415,0.007161429,0.0070314608,0.008494126,0.008848258,0.009343633,0.008071336,0.007282752,0.007075306,0.007521302,0.0080750855,0.008279002,0.008034537,0.008260531,0.008374017,0.008747373,0.007880725,0.0070101754,0.0065129185,0.0066282433,0.00684022,0.00731747,0.007361622,0.0077346857,0.0077590197,0.0070824954,0.0069215274,0.0069331466,0.0079844175,0.008281191,0.008504095,0.0079216575,0.007274693,0.0067532687,0.007460244,0.00842566,0.008500369,0.008440517,0.0074768155,0.008289552,0.009199203,0.009472465,0.010289204,0.008573683,0.008229172,0.00795914,0.009326612,0.009288039,0.007490167,0.007898764,0.005086881,0.0043999623,0.004312036,0.0066575063,0.0067879027,0.006948025,0.00709829,0.007083133,0.007074224,0.0070677637,0.007063317,0.0070599,0.007057126,0.007054861,0.0070530176,0.0070515387,0.0070503736,0.007049465,0.0070487703,0.0070482474,0.00704785,0.00704757,0.007047363,0.007047216,0.007047113,0.0070470423,0.007046995,0.007046966,0.007046942,0.0070469324,0.007408058,0.005484253,0.0047995993,0.01353507
0.016487781,0.0036430294,0.0046015843,0.006705921,0.0062095434,0.006728395,0.005996446,0.0062896186,0.0055235545,0.005905739,0.0061123436,0.0054841097,0.0051647113,0.004936788,0.0057184435,0.0052271676,0.005186843,0.0041865935,0.0046756226,0.0049937074,0.005614949,0.0051137293,0.0046870313,0.0048240456,0.004442859,0.0043764547,0.0028672882,0.0032046407,0.0023630024,0.0058466615,0.0045142476,0.0058191046,0.00454601,0.005433461,0.0052573797,0.0060436623,0.0056894636,0.008760464,0.0078054788,0.0064174947,0.0070592314,0.0075729573,0.0069477125,0.0043633035,0.003537012,0.0053720153,0.0070431135,0.008137865,0.007745456,0.006363339,0.009227801,0.009557282,0.009694541,0.0090766195,0.0092935655,0.008631875,0.008751037,0.00905541,0.008943878,0.008173707,0.007433096,0.0068116924,0.0070761642,0.0073628873,0.008616933,0.009284622,0.009001548,0.008511789,0.008221656,0.008379621,0.007128769,0.0062865973,0.0054609138,0.0055391034,0.0052487706,0.00435643,0.0044592028,0.0052942857,0.007504661,0.00801924,0.008326709,0.00895215,0.009753189,0.0092442995,0.008225238,0.0074759168,0.00700234,0.006272922,0.0064290646,0.0034353994,0.005011209,0.009476707,0.20457417,0.2551988,0.011534547,0.004948599,0.0038082262,0.006941931,0.0053565037,0.0030556223,0.004019301,0.004419883,0.0041857366,0.0025683895,0.0038900916,0.1432682,0.33988324,0.28635222,0.11329066,0.34293616,0.020296117,0.0029976848,0.0014343706,0.005750151,0.007850045,0.0078668045,0.0077598575,0.008358604,0.006888108,0.0073715765,0.0053288327,0.004588888,0.0036380084,0.008604986,0.0076099485,0.0061681326,0.003904178,0.005056293,0.005449562,0.00684548,0.006848716,0.00546679,0.0062394436,0.005060464,0.0071325195,0.0066944617,0.004465144,0.00510902,0.012287545,0.27920234,0.008263747,0.0032352498,0.0006799375,0.0066825855,0.006624236,0.5327189,0.029278697,0.01938985,0.0047923964,0.0060392125,0.008724043,0.010663698,0.00804348,0.0062761414,0.0049022734,0.0025650447,0.0025553715,0.0039894576,0.0033521883,0.005041823,0.0055858446,0.006958232,0.0073333024,0.008358422,0.007813134,0.007992953,0.007769229,0.0073716855,0.006008387,0.0052764714,0.006373857,0.006844241,0.0078989845,0.00624346,0.0062211095,0.0067235306,0.0080570625,0.00917026,0.008894764,0.007835259,0.0075707464,0.008495143,0.008873212,0.009004905,0.008866321,0.008998363,0.009183194,0.009234814,0.0082588205,0.006992728,0.00668634,0.0070074247,0.007350358,0.007789601,0.007549706,0.0075105173,0.007943351,0.0076934365,0.0074572545,0.0073905713,0.008406222,0.008360766,0.008231592,0.0077259247,0.0071588936,0.007305028,0.0078091766,0.009007978,0.0103167975,0.009060722,0.00805483,0.0077642566,0.0082989335,0.0078683905,0.008557286,0.008238766,0.007988516,0.0074266503,0.008353084,0.009125366,0.0071965507,0.008168992,0.0047885086,0.0061253323,0.00562463,0.007436657,0.0067364653,0.007012124,0.007105597,0.007088342,0.007077819,0.0070709526,0.0070659425,0.0070619998,0.007058777,0.0070561375,0.007053999,0.0070522833,0.0070509273,0.007049872,0.007049068,0.0070484574,0.0070480034,0.0070476728,0.007047436,0.007047266,0.0070471494,0.007047066,0.007047009,0.007046972,0.007046949,0.0070469356,0.007408058,0.005484253,0.0047995974,0.01353507
0.016939893,0.0038327419,0.0053159734,0.006732348,0.0059139193,0.0058508455,0.0051290626,0.0051779244,0.00598365,0.005719669,0.0051421816,0.004968033,0.004909525,0.005343608,0.005320736,0.0049660373,0.005029418,0.004041863,0.0041295635,0.0042238045,0.0060911356,0.0046725413,0.0045315563,0.004476401,0.0067219324,0.0045914287,0.002545301,0.0023045815,0.002805958,0.008360174,0.006872488,0.009353014,0.0036586141,0.0045433547,0.004342668,0.006310802,0.007350553,0.00713732,0.009827466,0.00731631,0.010197924,0.0068261954,0.0060212356,0.0040280353,0.0045673754,0.0064010727,0.014787804,0.010815954,0.0071196593,0.0061253873,0.010105029,0.00860601,0.009128781,0.00822007,0.007925886,0.007473192,0.007416239,0.0075504347,0.007597031,0.0075188316,0.0071694655,0.006981423,0.0066665155,0.007465242,0.0076421085,0.008371483,0.0075758575,0.00835509,0.008800101,0.008214066,0.0066527654,0.0059175785,0.005957219,0.005764415,0.0060326643,0.005122067,0.004775995,0.0067716045,0.008655407,0.0077208243,0.0041929716,0.0044012326,0.005531268,0.007902542,0.0078010634,0.006632527,0.0060134064,0.005246352,0.0060479064,0.0038780961,0.008030946,0.021107273,0.3564616,0.32333732,0.013771959,0.0035548308,0.0018256353,0.0052280505,0.0056389403,0.004049602,0.0034336776,0.002114858,0.0017985317,0.0028452547,0.013966378,0.039425697,0.37249848,0.33219767,0.40678683,0.4231633,0.026405752,0.003950678,0.0021438764,0.0083343275,0.009710801,0.007859045,0.0076691033,0.007821433,0.0065020607,0.0073405816,0.005323043,0.0065312376,0.0032107274,0.005649163,0.005997242,0.0072476733,0.005812416,0.006455099,0.0061434144,0.0060109645,0.0041704266,0.0048011076,0.005054461,0.0072282525,0.011336851,0.0061928285,0.0024424014,0.004815894,0.011292955,0.44893965,0.010808196,0.004648303,0.0012864517,0.00409279,0.002481135,0.012610721,0.009984324,0.53381217,0.02605604,0.026135191,0.22131489,0.046140615,0.029496787,0.008513472,0.005782807,0.0076066935,0.0052066133,0.0036085339,0.0034871222,0.0061753304,0.0055844067,0.006666929,0.0068871523,0.008849533,0.00894507,0.008855935,0.007717435,0.0070850174,0.006225884,0.005630335,0.0066529857,0.007195348,0.007833469,0.0066401,0.0063637127,0.0056979596,0.0069089304,0.008580414,0.009153809,0.009030362,0.008438749,0.009044838,0.009769542,0.009224005,0.009373385,0.00934782,0.009668034,0.009611794,0.008916779,0.007871745,0.0069823684,0.00744997,0.0076503656,0.008277507,0.007871037,0.0078023737,0.007988074,0.00815964,0.007572706,0.00729297,0.008097773,0.008497974,0.00802169,0.008531055,0.008889544,0.009279908,0.009350075,0.010125827,0.010887436,0.009426253,0.008180996,0.0069427826,0.0073395628,0.0072869905,0.0074556596,0.0067327498,0.0069942116,0.0071058995,0.0070761475,0.0064270184,0.004927467,0.0063968007,0.005581413,0.009192634,0.0062521994,0.007330821,0.006639921,0.007084129,0.007106663,0.0070917835,0.007081701,0.0070744455,0.007068831,0.007064304,0.0070605823,0.007057541,0.0070550716,0.0070530977,0.007051535,0.0070503196,0.0070493883,0.0070486907,0.00704817,0.0070477864,0.00704751,0.007047316,0.0070471824,0.0070470893,0.0070470227,0.007046979,0.0070469524,0.0070469356,0.007408065,0.0054842504,0.0047995993,0.013535078
0.017538127,0.0037036284,0.0055349017,0.006567755,0.006445851,0.0059669204,0.0061689513,0.0064684856,0.0055692648,0.005004105,0.0038982616,0.0035864078,0.0044594863,0.005564587,0.005775787,0.0049353503,0.0044805314,0.0040449873,0.0045451755,0.004895049,0.0102277715,0.0067095687,0.006217452,0.0051073967,0.00540927,0.0047265473,0.0028317634,0.0034453492,0.0046301926,0.01977363,0.010966107,0.008649022,0.0034651225,0.007315157,0.0055326377,0.0059276232,0.006446984,0.0056886035,0.011160658,0.0065306188,0.005917158,0.0054296334,0.0053894115,0.0027942,0.006664024,0.010214245,0.3105836,0.020550648,0.013625224,0.0061928025,0.01014064,0.009920576,0.009494301,0.008220859,0.007953375,0.0068896613,0.007427282,0.007079542,0.0074545722,0.008002283,0.0076992936,0.008421259,0.007792435,0.0076943254,0.008324316,0.008140891,0.007167765,0.007269977,0.006597921,0.0067292494,0.006045252,0.0071061417,0.006625597,0.006979235,0.0066166874,0.005760495,0.0051629627,0.00560545,0.0064498778,0.00937227,0.009514605,0.0086983945,0.006972751,0.0071315034,0.0056385817,0.006713685,0.006139689,0.005023516,0.0058397283,0.0043957867,0.005134642,0.007406981,0.02317327,0.02723235,0.00892331,0.0046618115,0.0042556515,0.007038686,0.006777993,0.004958637,0.0034445894,0.002384076,0.0020148254,0.004553601,0.012653059,0.048785444,0.080447376,0.26036564,0.31347162,0.39544654,0.048767008,0.0069926423,0.0049548177,0.0074906247,0.0072026034,0.007591062,0.009182438,0.008794712,0.006457087,0.0075245844,0.0065215905,0.006190769,0.0034758549,0.004129793,0.0045322897,0.0051191347,0.0052778455,0.00457429,0.004027324,0.0032908595,0.0032058172,0.0034193438,0.0034584813,0.004939246,0.00555503,0.005953213,0.003337343,0.00471592,0.0059274663,0.015459054,0.006417288,0.0033252474,0.0019983344,0.0031755643,0.002324875,0.010495161,0.014863656,0.028691925,0.009269923,0.0056252885,0.012505442,0.030601641,0.3792775,0.019102773,0.010334818,0.004158188,0.0037634897,0.004249265,0.004078388,0.0049655586,0.0049464083,0.0066325967,0.0077850353,0.009574649,0.008910419,0.007645317,0.0065094237,0.0063496707,0.0064406865,0.00667332,0.0071803103,0.0074559064,0.0075942026,0.007174358,0.0060598766,0.005524403,0.0063218186,0.007789686,0.008156376,0.008182688,0.009322506,0.009290945,0.010009246,0.008677885,0.009015434,0.008777441,0.010203766,0.010549124,0.010791575,0.00920315,0.0076949117,0.0075964094,0.008018609,0.008427151,0.008417665,0.0089359945,0.009358521,0.009004603,0.008065558,0.0071618767,0.007353546,0.007199089,0.007571796,0.007704362,0.008869599,0.009711411,0.0088563375,0.009097847,0.009814709,0.009205294,0.008366619,0.0079985205,0.00780806,0.0075912494,0.007283521,0.0070784087,0.0064725904,0.00643784,0.005492821,0.005366861,0.0047685714,0.0061945193,0.0062592723,0.010689975,0.007323205,0.0070811943,0.006685621,0.0071137757,0.0071095303,0.0070961765,0.0070861275,0.007078295,0.0070719803,0.0070668063,0.0070625446,0.0070590572,0.0070562307,0.0070539727,0.007052186,0.0070507973,0.0070497356,0.007048941,0.007048344,0.0070479102,0.007047593,0.007047373,0.007047216,0.007047113,0.0070470395,0.0070469887,0.007046959,0.0070469384,0.007408065,0.0054842504,0.0047995993,0.013535078
0.013708317,0.0029224926,0.0052909595,0.00649702,0.0063271164,0.0060158614,0.0054565105,0.0076476615,0.007025271,0.0044820844,0.0034547215,0.0037184956,0.005026668,0.0076587973,0.0072864587,0.005465225,0.005914833,0.004870208,0.0046604,0.004013799,0.008296097,0.0063680164,0.006329189,0.005061593,0.012408916,0.010721853,0.00644579,0.008903503,0.012135154,0.5563873,0.024833586,0.013833706,0.002795937,0.0076359636,0.0055195717,0.0055402247,0.0034197825,0.0040375097,0.0034000021,0.0031594231,0.004385463,0.003941189,0.004277197,0.0035520417,0.0049020806,0.0069891694,0.015635816,0.010131875,0.009081844,0.0071188966,0.009950359,0.009021682,0.008058194,0.0069592595,0.0075369333,0.007077789,0.007874423,0.007061772,0.006882891,0.0071543837,0.007606657,0.008481164,0.008217461,0.007939973,0.007764151,0.00613171,0.005499347,0.0063755154,0.006700521,0.007786653,0.0069589363,0.00841899,0.009197304,0.0097293025,0.0083801085,0.007501058,0.006611894,0.0046897526,0.006775781,0.01189149,0.02598943,0.02579754,0.009239728,0.004459624,0.003394142,0.0078902,0.007268645,0.0061722407,0.0063374746,0.005665504,0.0060514417,0.0063919625,0.009909626,0.011343095,0.0068374095,0.005408305,0.004077741,0.006265145,0.0067151035,0.004097971,0.0032344824,0.003563386,0.013227602,0.02573193,0.30784854,0.33602297,0.13530561,0.11449499,0.31303227,0.3341362,0.12722495,0.04952609,0.42727378,0.018779526,0.018900018,0.005841168,0.007872635,0.0070348172,0.0060437024,0.0074954084,0.0065675094,0.008140305,0.005468543,0.005470499,0.007106024,0.0073784394,0.005465787,0.0047677,0.003546756,0.0042715976,0.0035806699,0.003388474,0.0030201927,0.004394084,0.0045512267,0.006642245,0.00682721,0.008960868,0.0064558266,0.008104115,0.0049133957,0.0037703323,0.0028917196,0.0026436963,0.0031135667,0.004623113,0.017984297,0.018939128,0.00938373,0.008258645,0.0100991875,0.013524659,0.023179375,0.011906239,0.008936747,0.007835311,0.008929422,0.0043825884,0.004108228,0.010755792,0.006383797,0.0077193407,0.0076266355,0.009205059,0.008608745,0.007569769,0.0074970936,0.0075822445,0.0070566884,0.0073046484,0.007389652,0.007700903,0.007999974,0.0076407166,0.0062401057,0.0054116566,0.0057784324,0.0071577313,0.007806399,0.007864237,0.008525793,0.008512059,0.009492571,0.008193418,0.008741549,0.00810193,0.008923133,0.009454867,0.011458898,0.011734549,0.0100372,0.009078995,0.009048921,0.009916323,0.009722606,0.009397906,0.009783692,0.0097943675,0.008554002,0.0075441734,0.007570729,0.006951773,0.007159327,0.007268208,0.008016623,0.0092717875,0.009066425,0.008600077,0.008153017,0.008314339,0.008766296,0.0090259295,0.007999883,0.007517191,0.0063350364,0.0054835323,0.006359779,0.01116161,0.013577277,0.010442134,0.007432392,0.005701856,0.009958744,0.011164083,0.008001915,0.006950773,0.006779878,0.007131382,0.0071149413,0.007101783,0.0070911758,0.007082519,0.00707538,0.0070694964,0.007064655,0.007060689,0.007057481,0.0070549115,0.007052887,0.007051315,0.0070501096,0.007049205,0.0070485338,0.0070480406,0.0070476835,0.0070474325,0.007047256,0.0070471326,0.007047052,0.007046995,0.007046962,0.007046942,0.007408065,0.0054842476,0.0047995974,0.01353507
0.010956807,0.0027108043,0.0036309236,0.0064421515,0.007445113,0.007896821,0.007713813,0.0060942224,0.0054887356,0.0040959143,0.0036204434,0.0034635274,0.0054316553,0.0071026036,0.0062573296,0.006653736,0.007236106,0.00572182,0.004977095,0.004109775,0.019807022,0.013192562,0.008252465,0.004498523,0.008659568,0.007093828,0.004461303,0.0053876843,0.005639301,0.022020534,0.004231302,0.0034845518,0.0017456524,0.009275481,0.003512211,0.004080817,0.0025455107,0.0052035097,0.0050245505,0.0049494957,0.0053069997,0.005045263,0.0048057055,0.0039596832,0.004508172,0.006091508,0.009063222,0.007968438,0.0077601834,0.007984636,0.00917113,0.008858162,0.008012536,0.0076928874,0.008365816,0.00854867,0.009269283,0.008552571,0.007675755,0.007426949,0.007750684,0.00778683,0.007742096,0.008344079,0.009137382,0.007178717,0.0061848513,0.0066163954,0.007978924,0.0090008,0.00852762,0.009056718,0.009904169,0.00966677,0.008856371,0.008366086,0.00709133,0.003031081,0.0069935718,0.014539589,0.4283923,0.46046776,0.01888062,0.006329654,0.0024973573,0.00894896,0.008219215,0.0074370154,0.0070892856,0.0069533996,0.006985705,0.0061595473,0.0053675403,0.0045307493,0.005174727,0.009048703,0.010241146,0.008412397,0.008389545,0.0056366385,0.008213604,0.0059152143,0.01504612,0.004671366,0.012735215,0.014295144,0.41297603,0.45781228,0.45818606,0.42364705,0.36858675,0.029017707,0.01635209,0.0050912923,0.007302308,0.0056685507,0.00771807,0.0069527244,0.006662506,0.007586928,0.007313014,0.0107411705,0.009413835,0.008525,0.008424688,0.007335358,0.006122874,0.005792437,0.0041028038,0.006363447,0.004526115,0.004705969,0.002956553,0.0023971503,0.0032394796,0.004444184,0.0059531312,0.008847501,0.003727854,0.0066733076,0.0035647675,0.0047852285,0.0037169168,0.002210689,0.005913263,0.009783812,0.43135247,0.01749534,0.008082063,0.004362121,0.008126519,0.005465152,0.008150445,0.0064285807,0.0078931,0.0069275745,0.0059139947,0.00418688,0.0031696018,0.0039070793,0.005271823,0.007509803,0.008429,0.009034475,0.008124079,0.0069446997,0.007327993,0.007541975,0.0074121156,0.006975439,0.007139263,0.0075798626,0.008301862,0.008185916,0.00763402,0.007111789,0.0064414525,0.0074694264,0.008157071,0.008616562,0.0086824065,0.008909543,0.009608385,0.008345169,0.008262704,0.0072109965,0.008019588,0.008294724,0.0096345255,0.01066231,0.010753043,0.010565513,0.010631701,0.010932604,0.010700227,0.0099935485,0.009630764,0.008592802,0.008091839,0.0078107766,0.0077476217,0.007633489,0.006644533,0.0067987684,0.0067790425,0.0074099055,0.0076176696,0.0076032067,0.0063609835,0.0067559434,0.0070048505,0.008417163,0.008588379,0.007780017,0.006833592,0.0056030527,0.008208875,0.012220333,0.021390472,0.010821516,0.0066868146,0.004731137,0.008066264,0.010840019,0.0077841626,0.0070998464,0.006964488,0.0071393712,0.0071224472,0.007108403,0.0070967413,0.007087051,0.007079009,0.007072355,0.0070668864,0.0070624147,0.0070587974,0.0070559033,0.0070536253,0.007051856,0.0070505003,0.007049482,0.0070487275,0.007048177,0.0070477766,0.0070474963,0.007047296,0.007047159,0.0070470725,0.007047009,0.0070469687,0.0070469454,0.007408065,0.0054842504,0.0047995974,0.01353507
0.009608691,0.002383204,0.0037761023,0.008683038,0.0063272244,0.005975451,0.0055032237,0.005455046,0.0051684077,0.0039432524,0.0036541163,0.0034392574,0.0071781524,0.006072032,0.007627848,0.0063917963,0.007039039,0.003990934,0.0043922532,0.0034368625,0.005511853,0.006044622,0.005803671,0.003734778,0.0043674675,0.0049404902,0.007230257,0.0032542988,0.0022460094,0.0043231132,0.0032233482,0.0030112981,0.0014568911,0.002831039,0.0017719783,0.0026786025,0.002486272,0.004446218,0.006333917,0.008070591,0.008034305,0.0073412764,0.0063778716,0.005378853,0.005788717,0.0054217083,0.0046926606,0.00719248,0.007067823,0.0082456805,0.0076470645,0.008240208,0.0073968847,0.0075767823,0.008405049,0.009200381,0.008931799,0.0077466215,0.0073225014,0.0069354647,0.007782506,0.0075382064,0.007886517,0.0070334924,0.0075503774,0.006164214,0.0067792516,0.007530687,0.008835951,0.010044927,0.009620178,0.00905927,0.009447287,0.008936084,0.008476662,0.0073225843,0.0070882887,0.002970637,0.0064687524,0.013150559,0.39722323,0.48680574,0.021774182,0.008024232,0.0030257571,0.009672966,0.00976654,0.008576642,0.008029358,0.007400716,0.007829034,0.007550235,0.0066875783,0.0051209927,0.0063375793,0.009292213,0.013784664,0.006039187,0.0052399104,0.006754238,0.021995327,0.020303069,0.3850495,0.008227596,0.008182397,0.008089317,0.038388956,0.2679833,0.09250875,0.078424215,0.32028255,0.025808927,0.01806482,0.005210836,0.009066695,0.005738585,0.0069287224,0.0059436182,0.0062633636,0.006815912,0.005758633,0.0061403145,0.0056938245,0.0072035617,0.006271908,0.0061548846,0.0057696705,0.0053833853,0.0079551805,0.0059905117,0.0053071557,0.004118757,0.0034482204,0.0032049092,0.0039354763,0.0074054813,0.007755856,0.006057235,0.007684811,0.01099294,0.010031247,0.0067856405,0.0027871102,0.0024099273,0.0046855393,0.00649032,0.01478795,0.009337038,0.0066384682,0.0043514026,0.005748221,0.006383822,0.0065270807,0.004200227,0.004308978,0.0058740866,0.0073434026,0.0053818077,0.0045948797,0.0049932385,0.0061019445,0.008574076,0.008932669,0.008533125,0.008249597,0.008183896,0.008454956,0.0064696595,0.006056411,0.0055561126,0.0062767896,0.007157653,0.0074312002,0.008275189,0.0083173,0.0077877105,0.007758924,0.0077483226,0.007950963,0.008601679,0.008842477,0.008970007,0.009005723,0.008028458,0.008357734,0.0074642384,0.008099635,0.008416077,0.009530035,0.009749795,0.01034752,0.010359731,0.009964618,0.009805751,0.009651434,0.008684352,0.0081788115,0.008448946,0.008024973,0.008583923,0.008284274,0.008116893,0.0066257417,0.0061560455,0.0058443174,0.007909974,0.007800731,0.007882932,0.0063479384,0.0062756506,0.0068888357,0.0079498915,0.0076714624,0.0069089895,0.0058391914,0.003573328,0.010627118,0.015670657,0.5512226,0.01830156,0.015696967,0.0055980813,0.010557669,0.008732876,0.0073714093,0.0071067573,0.0071146917,0.0071498128,0.0071312366,0.0071156896,0.0071026767,0.007091827,0.0070828074,0.0070753535,0.0070692287,0.00706422,0.007060174,0.007056942,0.0070543964,0.0070524197,0.0070509105,0.007049776,0.0070489314,0.007048317,0.007047874,0.0070475563,0.0070473426,0.0070471894,0.0070470856,0.007047019,0.0070469757,0.007046949,0.0074080755,0.005484253,0.0047995974,0.01353507
0.011640814,0.003025845,0.004095689,0.007738668,0.0062477416,0.0069265184,0.0060223825,0.005266023,0.0045754625,0.0041542193,0.003904675,0.003594357,0.0046584825,0.0039664633,0.0040046065,0.0038342152,0.004952756,0.0043524876,0.0035777297,0.00416325,0.0057317135,0.0060679466,0.005097102,0.0036522192,0.0039762,0.0034984048,0.003538658,0.0047067706,0.004789975,0.00391946,0.0029775186,0.0027589616,0.0024873388,0.0031954676,0.0023943274,0.004596014,0.0035663652,0.0061919717,0.0070114406,0.008486306,0.008095319,0.00702608,0.0072687794,0.0064708553,0.006220965,0.0054655233,0.0057026185,0.00729257,0.007822569,0.007943475,0.0074964375,0.008117131,0.008597553,0.009189755,0.009194146,0.009191136,0.008077717,0.0071886205,0.00715035,0.0071326043,0.008123932,0.0075953132,0.0071270913,0.006938241,0.007302453,0.0069907648,0.0079599535,0.008483879,0.009633625,0.009564393,0.008824996,0.007993377,0.008200722,0.00745825,0.006967493,0.0064606704,0.0062902537,0.0037342936,0.0047389995,0.005848181,0.021204626,0.019990224,0.0076266285,0.0047190725,0.0041400758,0.0072528967,0.009067848,0.008176707,0.0076892483,0.0073169856,0.008068534,0.0072458,0.0062054307,0.0038152514,0.009767134,0.01181031,0.48408866,0.0136838015,0.026607627,0.011031129,0.43369254,0.03411424,0.021448612,0.0034018236,0.0022422685,0.0026554035,0.012967866,0.012521857,0.011538016,0.010763238,0.016501155,0.0060239956,0.0053841923,0.004045992,0.006973527,0.00720231,0.007873469,0.007124751,0.0073105497,0.00712327,0.0061608464,0.0055192574,0.0055089844,0.0065948647,0.006582927,0.0068891323,0.00701921,0.006271941,0.0075461837,0.008555248,0.0071726153,0.0056031193,0.0041937083,0.003002357,0.003965732,0.0070575606,0.007098989,0.00520449,0.01122908,0.01630384,0.33751655,0.017832387,0.008449621,0.0031116607,0.003971704,0.0047534695,0.00962754,0.006058808,0.0047248877,0.005711074,0.0052868025,0.0056479815,0.0058890698,0.0052438662,0.004709776,0.0042504356,0.0056336215,0.004305929,0.0061475416,0.0050883708,0.0071365833,0.0071958113,0.008048766,0.0072947177,0.008077694,0.0072607216,0.009546501,0.0063015274,0.005450903,0.005134973,0.0063177315,0.0072587803,0.00782632,0.008136095,0.008592238,0.008586723,0.008736188,0.008487751,0.007866916,0.0084419735,0.00960595,0.009432208,0.009120301,0.0078053502,0.0077133165,0.006819762,0.0074833217,0.0075569944,0.008226079,0.007943039,0.007823898,0.0075870794,0.0076821456,0.007969075,0.008904025,0.008387482,0.008078256,0.008065413,0.008195685,0.008975333,0.008186443,0.008096475,0.006572753,0.0059524626,0.0048553804,0.005419395,0.0066991113,0.0075045554,0.00718418,0.0072445553,0.0069539864,0.007681978,0.00830681,0.008249983,0.0065836757,0.00444012,0.0051499275,0.0069075795,0.011437652,0.005357845,0.004189399,0.0050316234,0.008417035,0.0075269523,0.0070592286,0.007153642,0.0071765007,0.007161435,0.0071407,0.0071233436,0.0071088374,0.0070967614,0.007086729,0.0070784492,0.0070716464,0.007066087,0.007061595,0.0070580114,0.007055192,0.007053004,0.0070513277,0.007050076,0.007049138,0.0070484607,0.0070479736,0.0070476267,0.0070473794,0.007047216,0.007047106,0.0070470287,0.0070469826,0.007046955,0.0074080713,0.005484253,0.0047995974,0.01353507
0.0135418475,0.005259208,0.0053958385,0.008349795,0.006023847,0.007176617,0.00613628,0.0061228243,0.005607199,0.006824928,0.0049357857,0.0036516103,0.007436555,0.009962779,0.007872359,0.0041056457,0.0037524768,0.003232887,0.0038176463,0.0043892493,0.0058732065,0.006511225,0.0057805395,0.0054428307,0.0052004526,0.0039402647,0.0062157526,0.007420666,0.013732805,0.0049448456,0.0028873591,0.0017052972,0.0024178617,0.0028681306,0.0025703118,0.0044888877,0.004690111,0.006206287,0.0064849625,0.0067048036,0.00757304,0.006680252,0.007481307,0.0074640303,0.007023056,0.0062543005,0.0058724885,0.00805752,0.0079866685,0.00836868,0.0072963065,0.0077284114,0.008957503,0.008968193,0.0098985685,0.008939332,0.008208505,0.0072549917,0.0070393323,0.007545631,0.00724932,0.0066330144,0.0058696326,0.006045278,0.00628445,0.0067148623,0.007686906,0.007978396,0.008825951,0.008617883,0.008082162,0.007629162,0.007905713,0.0071506687,0.006645874,0.0062508783,0.0067833853,0.004607103,0.0045280773,0.0050363406,0.007510549,0.009836853,0.006390664,0.007550664,0.0065027503,0.0065671513,0.009205603,0.0062595685,0.006521174,0.006517641,0.008248392,0.0076422784,0.0064666844,0.004687,0.0051391115,0.0086908685,0.021265551,0.018053357,0.0068936325,0.010064738,0.015701985,0.5952042,0.022630999,0.012969521,0.003936125,0.00473093,0.0064120702,0.004973932,0.005137912,0.0043934,0.0077958354,0.0067896363,0.0072908686,0.005761186,0.0073978123,0.0078452965,0.00779999,0.006955494,0.0067360797,0.0066997847,0.0064563495,0.0056418073,0.005637042,0.006990854,0.008098574,0.008360126,0.008762145,0.008092425,0.009053656,0.008372853,0.008482495,0.009181205,0.0073907394,0.007680311,0.0063757994,0.009453358,0.011093337,0.005267424,0.003947585,0.0050948975,0.010800731,0.0066368612,0.004423705,0.0039980635,0.0068838326,0.0064478153,0.0051834956,0.003912641,0.0043349005,0.005308888,0.005728484,0.00601113,0.0059143146,0.0048268484,0.0048364345,0.004632813,0.005795626,0.005012229,0.004868448,0.0039807856,0.004380128,0.005455853,0.0063664927,0.0067974897,0.008608269,0.0091398815,0.010242993,0.006316609,0.0059240423,0.005666554,0.0068121823,0.007773225,0.008437525,0.008449769,0.009130416,0.009369557,0.009683825,0.008937106,0.007924805,0.0084857,0.009422647,0.009249983,0.008577295,0.0069271545,0.007388585,0.0069967317,0.0075772693,0.008248832,0.009127009,0.009050687,0.007910187,0.0065203947,0.0062581482,0.006172761,0.007148398,0.0076082638,0.007937168,0.008398391,0.008065672,0.0082004545,0.006933603,0.007975826,0.0070063295,0.005252372,0.004844989,0.005798641,0.0075857583,0.008391794,0.009561259,0.008373771,0.007594634,0.0069744317,0.006935488,0.008253133,0.0069391085,0.0049100583,0.005565273,0.006955198,0.010898451,0.0048155007,0.0037800581,0.0053893016,0.0074853264,0.0072269286,0.007123651,0.007188712,0.0072112423,0.007173573,0.007150449,0.007131159,0.0071150996,0.0071017663,0.007090709,0.0070815906,0.007074097,0.0070679807,0.0070630433,0.0070590945,0.007055991,0.0070535885,0.0070517557,0.0070503736,0.007049355,0.0070486073,0.0070480737,0.0070476932,0.0070474264,0.0070472495,0.007047123,0.0070470395,0.0070469887,0.007046959,0.0074080788,0.005484255,0.0047995993,0.01353507
0.016600369,0.0062121125,0.004964263,0.0074718627,0.006857235,0.008203262,0.0082056485,0.009352788,0.0070323693,0.007026203,0.004154079,0.003518289,0.0039715418,0.0028919163,0.0030066704,0.0029252588,0.0041277753,0.004436237,0.004737927,0.0050633913,0.0058473935,0.007118469,0.006728452,0.0068411306,0.0062868833,0.0033234637,0.009468148,0.013456009,0.5789532,0.013880849,0.0061621433,0.001240194,0.0019585842,0.0041008852,0.0048190327,0.005671196,0.0047077914,0.006168097,0.0064644176,0.006343329,0.007122231,0.0069354153,0.006847746,0.0069616754,0.006436471,0.0071331644,0.0068481257,0.008311313,0.0073493007,0.0075786468,0.0065684426,0.007385616,0.008614497,0.0081466185,0.0079867365,0.007854629,0.0073492695,0.0066938973,0.0067349696,0.006446007,0.007365801,0.0071170405,0.0056595947,0.005344673,0.005157247,0.006857995,0.0075776577,0.008266765,0.008513798,0.008140964,0.008182896,0.008109061,0.007784767,0.006991609,0.006909905,0.006451607,0.0065274024,0.0052555725,0.0055035506,0.006927771,0.0071106483,0.002557256,0.0021326016,0.002171783,0.004626487,0.0041919723,0.0066752043,0.005199631,0.0058497777,0.0058422703,0.008479613,0.00863881,0.007999905,0.0056624636,0.0044991616,0.010027875,0.025777074,0.5453597,0.030212965,0.014997023,0.012688195,0.02690675,0.010281773,0.0049194563,0.003460816,0.0053026597,0.0054800697,0.0036616917,0.003820598,0.0040045837,0.0056113503,0.0048471782,0.00620957,0.0068369033,0.0077306675,0.0077691698,0.0076406836,0.0075092344,0.0073514893,0.0066287336,0.006528543,0.0057352176,0.0058029885,0.007006731,0.00765035,0.008541617,0.009497144,0.009973532,0.007988146,0.0071521555,0.006137679,0.0067609623,0.0070154155,0.0074989637,0.007244819,0.0056461585,0.0053910837,0.0034139275,0.0026634422,0.002666384,0.004726666,0.005357769,0.0061451006,0.005325068,0.006939223,0.007987556,0.0066663004,0.004351324,0.0045339596,0.0058726524,0.006023416,0.0053333384,0.0057158307,0.0048648426,0.004661575,0.005499092,0.005924455,0.0044155098,0.0043900684,0.007592974,0.010313453,0.00881865,0.0073373853,0.0052596345,0.007925132,0.009857975,0.010945233,0.00801345,0.007317626,0.0066364557,0.0076142675,0.008243228,0.008685871,0.008793951,0.009158422,0.009223268,0.0089379335,0.008364167,0.0073854798,0.0074873036,0.009052475,0.009763363,0.008890187,0.0076597505,0.0077394117,0.007703979,0.008103636,0.008224056,0.008286902,0.007851397,0.0069783325,0.006296107,0.0062860493,0.0064735194,0.0071638436,0.008279018,0.009166504,0.0093230745,0.0078717815,0.007347868,0.0070242337,0.007141129,0.006835013,0.004771849,0.0046925913,0.0043712906,0.006169427,0.0070443796,0.009227924,0.008285954,0.0061549395,0.006139145,0.006726738,0.008489167,0.008573659,0.008658082,0.0059622363,0.0050779553,0.0048955767,0.005900546,0.0046307114,0.0071446723,0.007315115,0.007250322,0.0072410167,0.0072365,0.0072204717,0.0071859285,0.00716028,0.0071389894,0.007121351,0.007106761,0.0070946882,0.0070847324,0.0070765493,0.007069878,0.0070644845,0.0070601846,0.0070567983,0.007054176,0.007052176,0.007050674,0.007049562,0.0070487508,0.00704817,0.00704776,0.0070474697,0.0070472728,0.0070471396,0.007047052,0.007046995,0.007046962,0.0074080788,0.005484255,0.0047995993,0.013535078
0.020949002,0.0044484157,0.0062943087,0.008219289,0.0075583747,0.009743214,0.009298576,0.009931982,0.006827446,0.0055365874,0.0042712167,0.0033214334,0.004139891,0.0050765728,0.005809331,0.0051805214,0.0060179485,0.0067204805,0.006337186,0.006619499,0.008161226,0.009351444,0.008032147,0.006721257,0.0063638897,0.0037832698,0.0065104566,0.0058251075,0.021927342,0.0040489677,0.0020787092,0.00086735183,0.0011784014,0.0030136053,0.0050073373,0.008117853,0.0063460106,0.0058780666,0.0071560843,0.007384169,0.007956001,0.008134371,0.007399133,0.0069023147,0.006200795,0.007628264,0.0061746687,0.009046933,0.0074132704,0.008728902,0.0074143857,0.0076707765,0.008131717,0.008205722,0.008973157,0.008314194,0.008491496,0.007270294,0.006576964,0.0061311875,0.006917537,0.0073084114,0.0068763555,0.0069594937,0.0067302273,0.00769466,0.00843652,0.008286319,0.007967518,0.008293457,0.00851113,0.007670222,0.0075989943,0.007684829,0.007653993,0.007309421,0.008014481,0.0052744043,0.0069349096,0.0075811367,0.009683299,0.007490628,0.004621582,0.008241104,0.013858989,0.0034971552,0.0045397417,0.0040134257,0.0074996483,0.0070115696,0.008632903,0.008427609,0.008377906,0.0065303,0.0042293076,0.0050223414,0.006428721,0.0188508,0.0077203484,0.010781332,0.016598789,0.04315513,0.012031223,0.005327162,0.002669929,0.0047886632,0.0049521127,0.0043546017,0.004699121,0.0052154777,0.0071402867,0.007945019,0.008124824,0.007981192,0.0072594886,0.0071985167,0.006644558,0.0069900295,0.0077954475,0.0077876775,0.007540308,0.0061735893,0.006287459,0.00649742,0.0075078867,0.008279671,0.009239907,0.010588277,0.0087077,0.007014233,0.0061857067,0.008039384,0.008667337,0.00771493,0.006454273,0.006007749,0.004849536,0.002896248,0.0024351731,0.0019082878,0.0027143348,0.0020622078,0.002043212,0.003548292,0.006328538,0.006827375,0.0074741226,0.0065620705,0.0056324387,0.004716332,0.0050506857,0.004973703,0.00476042,0.0049777096,0.0064047254,0.0077042487,0.0068987985,0.0048814593,0.005330271,0.010427299,0.018480077,0.008438111,0.0044356263,0.0031642367,0.0058524627,0.0081175035,0.009644814,0.009146802,0.007948655,0.006882845,0.007806716,0.008387311,0.008519661,0.009247396,0.008372163,0.008502173,0.008660591,0.008531362,0.0076802666,0.0072788266,0.0092972405,0.010410878,0.010796467,0.009263937,0.009624457,0.009543611,0.010100961,0.010261423,0.011095168,0.009724255,0.008278861,0.006650913,0.0061538117,0.0061812946,0.007166052,0.008711492,0.008668308,0.009761183,0.0077691586,0.0065717013,0.0062819943,0.0063437074,0.006675739,0.0056238915,0.0059054033,0.006073894,0.006708069,0.00672434,0.007850059,0.0073115667,0.0063204467,0.006375953,0.0062421584,0.0077884104,0.008453198,0.009490602,0.0064675543,0.006551913,0.005075501,0.009033234,0.0074723824,0.008586415,0.007682106,0.007416271,0.0073403725,0.0072775004,0.007233144,0.007198387,0.0071700523,0.007146713,0.0071274997,0.0071116714,0.0070985993,0.0070878225,0.0070789717,0.007071746,0.0070659094,0.0070612542,0.007057594,0.0070547573,0.0070525934,0.0070509715,0.007049769,0.007048891,0.007048267,0.0070478236,0.007047516,0.007047303,0.007047156,0.0070470623,0.007047002,0.007046962,0.0074080825,0.005484255,0.0047995974,0.013535065
0.022849126,0.0046237293,0.0063509527,0.007414144,0.0077289524,0.008139813,0.007883051,0.0069620777,0.0041280007,0.0035570762,0.0032610449,0.0035143045,0.004230103,0.0053778733,0.006743128,0.007583113,0.008662122,0.009715452,0.009446506,0.010097934,0.009488917,0.008751587,0.0077914996,0.00733248,0.0073157176,0.003631743,0.0032258003,0.0025557908,0.006839494,0.0024556231,0.0016001422,0.0006409795,0.0018282684,0.004581363,0.015124327,0.00820851,0.004329031,0.0046756137,0.0068042474,0.0069986833,0.007217885,0.0072068362,0.007141058,0.006833214,0.0059993938,0.0069868104,0.006289148,0.009296648,0.008712652,0.009446417,0.007660515,0.0074030664,0.007877706,0.007604545,0.008097146,0.0068585337,0.0074596303,0.0073064286,0.007960583,0.006459201,0.006642189,0.006892118,0.007161361,0.007409338,0.006941047,0.008904543,0.008795439,0.008708643,0.008260899,0.008117845,0.007890801,0.007301326,0.007727564,0.008342095,0.008481349,0.0084156785,0.008356004,0.00558656,0.009520179,0.011914836,0.1656472,0.018817311,0.015624482,0.0058081276,0.006223159,0.0023307297,0.004147953,0.0041148565,0.0068309554,0.0054257466,0.0057015345,0.0066076415,0.007608094,0.0069172913,0.004622957,0.004300329,0.0045286017,0.009190607,0.0034621435,0.0065428317,0.0068769255,0.4304354,0.0112078125,0.009738031,0.0033073446,0.005948517,0.0055504222,0.0055853412,0.0060791904,0.0070107896,0.009092569,0.010305055,0.009677398,0.008580948,0.007829709,0.0073380624,0.006959582,0.0072404374,0.00763407,0.0075455233,0.00735325,0.0068504736,0.006802498,0.0064434605,0.0066582286,0.007070009,0.008012611,0.010317654,0.010145768,0.008831091,0.0075903693,0.008574202,0.007987295,0.0077370354,0.0062392335,0.0061738845,0.0056140306,0.0045841774,0.002992011,0.0026327155,0.004143809,0.0042472784,0.0036791451,0.0028000334,0.002890881,0.0057563945,0.009048096,0.0069770636,0.0056408225,0.0052111573,0.005702237,0.0054445555,0.005478337,0.0059837494,0.008804948,0.010108301,0.0081458865,0.0036647567,0.008378416,0.012873857,0.5662913,0.018577334,0.019300237,0.0056787916,0.008839778,0.00884104,0.007382789,0.010118923,0.0091098705,0.0072441814,0.0073385593,0.007475584,0.007547055,0.008350569,0.0072989725,0.00753551,0.0078727575,0.00830721,0.0077887713,0.0075306334,0.008818283,0.009255071,0.010300369,0.009855783,0.009904833,0.009729431,0.010259883,0.010388907,0.010508282,0.00943469,0.00781404,0.00523958,0.0054587596,0.006651316,0.008164732,0.009801219,0.009575937,0.011065626,0.009371553,0.008854081,0.0071916017,0.006958611,0.0077776616,0.0064333426,0.0075868536,0.0064252284,0.0076615335,0.00728339,0.0075023426,0.007590789,0.0060971836,0.006851454,0.007110436,0.008000743,0.008419722,0.009154264,0.006200901,0.0052290326,0.004400186,0.008148191,0.0074907592,0.008011933,0.0074065467,0.007460982,0.0073755416,0.0072986856,0.007249471,0.007210846,0.007179648,0.0071542244,0.0071334518,0.0071164067,0.007102378,0.0070908098,0.007081309,0.0070735514,0.007067288,0.0070622833,0.0070583555,0.0070553157,0.007052998,0.007051255,0.007049966,0.007049031,0.0070483573,0.0070478865,0.0070475563,0.007047326,0.0070471726,0.0070470725,0.007047009,0.007046966,0.0074080788,0.005484255,0.0047995974,0.013535065
0.021405369,0.003985375,0.005457429,0.0067875884,0.007127692,0.008094419,0.0065597827,0.005731673,0.0030397275,0.0038362504,0.0042338604,0.005442733,0.0057214783,0.0061823223,0.0070062173,0.0072502843,0.0077891657,0.008786489,0.009817805,0.00976045,0.00958452,0.009061436,0.008246223,0.0075034937,0.0072473953,0.0050022677,0.0043686125,0.002677874,0.003005234,0.0015271476,0.0020066174,0.0009769999,0.0024984374,0.006607504,0.5285557,0.018179292,0.010802759,0.004284722,0.00685478,0.0072812526,0.00835124,0.0085893255,0.008541871,0.007899481,0.0066564432,0.007300141,0.006094933,0.007090773,0.007674381,0.009366043,0.00832669,0.007557763,0.00816966,0.007450774,0.008371665,0.007379784,0.008131118,0.007904498,0.00852616,0.007860677,0.006339243,0.0077350033,0.0074922983,0.008501365,0.008174159,0.00948041,0.008033336,0.008114417,0.0074321744,0.0069275973,0.0066226195,0.0060881833,0.0067826486,0.0070249783,0.0074598063,0.008252394,0.0071204244,0.005020226,0.005130666,0.0039917417,0.014586915,0.015740782,0.559442,0.021923246,0.012429367,0.002420301,0.004844791,0.010062386,0.014847299,0.006348146,0.0036860537,0.0021764797,0.0049159355,0.0058265543,0.0050828573,0.0037467426,0.0040829866,0.0036034933,0.002386897,0.0035500168,0.00965888,0.05048195,0.017380876,0.00821369,0.003852555,0.0037145636,0.005676167,0.006080219,0.0068878965,0.007725004,0.009143332,0.010644593,0.0097388085,0.009106199,0.0068484433,0.0071621314,0.0066206465,0.0079044,0.0078119477,0.007560757,0.0074116555,0.00654676,0.0063048927,0.005806503,0.006294824,0.006651029,0.0070074312,0.0072010937,0.007526077,0.0077920626,0.008456123,0.008481517,0.008367921,0.0076500718,0.0060386197,0.006570288,0.005883829,0.0048715603,0.003259672,0.0062045343,0.012049686,0.012706409,0.0071766437,0.003104746,0.0028702603,0.004734027,0.005111134,0.008910221,0.0072955256,0.005914524,0.006645556,0.005917828,0.0059729335,0.0061384817,0.011058229,0.0087079555,0.007242621,0.0045983577,0.0063867467,0.006783166,0.010948738,0.0087863235,0.010322121,0.015066428,0.0077926675,0.0072525293,0.0065296562,0.010427727,0.0086720865,0.007633514,0.007368159,0.0074144597,0.0074919434,0.007811497,0.0066324174,0.006779939,0.008127787,0.008893692,0.008543858,0.007745078,0.008158155,0.008331719,0.009255548,0.008908263,0.009496606,0.008463087,0.00850278,0.008632989,0.009213265,0.008299456,0.006635566,0.0047705923,0.004875792,0.0057487665,0.007683767,0.008377938,0.008373858,0.009176206,0.007983696,0.0062851766,0.005440472,0.006037962,0.007650195,0.008097563,0.008830724,0.008334465,0.0077044247,0.008669906,0.0067592845,0.006310237,0.006737831,0.007596288,0.008448151,0.00802029,0.0073117577,0.010586739,0.007887984,0.007801026,0.0052121663,0.008708404,0.007930604,0.008089685,0.0074797133,0.0075146733,0.0073966184,0.007321673,0.0072662095,0.0072231656,0.0071889437,0.007161419,0.0071391147,0.007120909,0.007105957,0.0070936373,0.0070835217,0.0070752595,0.007068586,0.0070632603,0.007059078,0.0070558405,0.0070533715,0.007051522,0.007050153,0.0070491577,0.007048444,0.0070479405,0.0070475894,0.007047349,0.0070471894,0.0070470786,0.007047012,0.0070469687,0.0074080857,0.005484255,0.0047995974,0.01353507
0.021820381,0.0040603266,0.0059263734,0.007161605,0.0075220987,0.007286587,0.006051668,0.006100568,0.0029096084,0.002661953,0.0033275825,0.0046132538,0.006034257,0.006296486,0.0069163414,0.0073523456,0.008209391,0.009610265,0.010502685,0.011085791,0.009358595,0.008352887,0.0069216327,0.0066694273,0.0060398253,0.0049565434,0.0034596699,0.0026852384,0.0031500328,0.0018140865,0.002007992,0.0011906566,0.0058999555,0.0045747245,0.011461566,0.005441303,0.004481725,0.0043281596,0.007232,0.007843934,0.008032918,0.008619805,0.008334013,0.007981034,0.0071463343,0.0065550394,0.0054197935,0.005679446,0.0069421874,0.008253319,0.0088057965,0.0076064304,0.0070268875,0.006789736,0.007495611,0.0068428894,0.007869027,0.007827186,0.009831619,0.008160647,0.0063170395,0.0058317995,0.0062539596,0.0073542944,0.006836748,0.009198764,0.008651303,0.009139678,0.007555192,0.0063531618,0.006177101,0.006164754,0.0072782584,0.0077300505,0.009143838,0.008868974,0.0068691955,0.0056943507,0.0045305686,0.004618525,0.009080664,0.013773539,0.015248571,0.005763497,0.0036656011,0.002568469,0.007389438,0.011196499,0.018836858,0.007854603,0.004343947,0.0025527135,0.0038181054,0.0030483666,0.0042583602,0.0033799536,0.0039198715,0.0035477674,0.0021202203,0.0028391085,0.0067497804,0.07206844,0.050612822,0.020234635,0.009159923,0.0050675804,0.006017757,0.0061554653,0.007975905,0.0080887815,0.008518698,0.009029427,0.008751711,0.0087899575,0.00732995,0.008006114,0.0074940887,0.008301155,0.007961197,0.007346998,0.006775147,0.0062580532,0.0057890466,0.005698616,0.0061258897,0.0064843637,0.0066338223,0.0066999937,0.007329162,0.0072659687,0.007318873,0.006832602,0.006826011,0.007707636,0.008387994,0.008596927,0.0073015713,0.006178386,0.004500537,0.00855505,0.010105129,0.6071071,0.030644737,0.020281525,0.002510545,0.0022144641,0.0027736719,0.0060068434,0.008513275,0.007145427,0.0071011814,0.006769264,0.007070913,0.005486716,0.005861506,0.0048234873,0.005839122,0.005232134,0.007046462,0.0068722996,0.00716787,0.015249087,0.013646632,0.6274769,0.016707579,0.019302048,0.004991654,0.010722105,0.009139562,0.008308078,0.00744203,0.0074420795,0.006622218,0.007044453,0.006255308,0.007196669,0.008658349,0.009030489,0.008289767,0.007435305,0.007938339,0.0080467565,0.008247347,0.007831394,0.008180269,0.007599243,0.0075762193,0.0072092693,0.0067925756,0.0050041312,0.0044292,0.003920778,0.0059887855,0.007457632,0.007941149,0.008222298,0.0079895025,0.009021375,0.0078964215,0.0068596057,0.006581483,0.006370427,0.0071679587,0.0071119918,0.007757684,0.008039923,0.0077554523,0.0070674084,0.005469622,0.005645963,0.006194205,0.0073833973,0.008739764,0.008903154,0.008919596,0.00998578,0.0064188787,0.007060856,0.005353083,0.008726448,0.008222037,0.008256892,0.00756777,0.007554881,0.0074325968,0.0073460634,0.007283059,0.0072351503,0.0071978043,0.007168196,0.007144412,0.007125098,0.007109281,0.007096257,0.0070855683,0.0070768334,0.007069781,0.00706416,0.007059743,0.0070563243,0.0070537194,0.0070517655,0.0070503233,0.0070492746,0.0070485272,0.0070479936,0.007047623,0.007047373,0.007047199,0.0070470893,0.007047019,0.0070469757,0.0074080825,0.005484255,0.0047995974,0.01353507
0.021483203,0.004015071,0.005996424,0.007317778,0.0076015657,0.0072288443,0.0046592522,0.004139366,0.0043203477,0.005457041,0.0050593023,0.0050336504,0.0052049537,0.0066649746,0.007444404,0.0068444586,0.00841706,0.009611181,0.011419303,0.01015408,0.008762692,0.007306623,0.006206696,0.0058050826,0.005241648,0.004325263,0.0039046712,0.0035270366,0.0026702743,0.004927551,0.0032566849,0.0015751588,0.0021199246,0.0023964196,0.0064627794,0.005940188,0.0074764537,0.006213938,0.008235358,0.00982973,0.010474967,0.010628155,0.009330988,0.008765398,0.0076443874,0.006684029,0.0060861893,0.0051076245,0.005968281,0.0070243864,0.007185898,0.007179519,0.007120812,0.006815777,0.008031805,0.0065487423,0.007319258,0.006663333,0.008606039,0.007571112,0.0079627065,0.006697373,0.007004515,0.006645767,0.0057826582,0.007869198,0.0069247866,0.007513258,0.0067414795,0.005652595,0.005434969,0.005753541,0.007067275,0.0066498127,0.006003971,0.005579118,0.00543911,0.005234358,0.0041215564,0.0038290278,0.0044277348,0.0060576107,0.01125682,0.0077792993,0.0063642217,0.0034981638,0.00932493,0.011307595,0.47981328,0.039638728,0.02579061,0.007900827,0.0031297763,0.002433671,0.0039995047,0.006288826,0.0046642525,0.0045070597,0.004436412,0.012371514,0.034042988,0.5528459,0.49546477,0.023862898,0.011991628,0.003743839,0.008998861,0.008433121,0.008585498,0.007303549,0.00676677,0.0072441194,0.0064619463,0.007431319,0.006498615,0.00860019,0.007202324,0.0074446546,0.006796566,0.0071814465,0.006691605,0.0059264237,0.0056319553,0.005642259,0.006266231,0.006581289,0.0076917084,0.007302094,0.008074191,0.008249749,0.00881225,0.008350371,0.008012877,0.007276564,0.008171458,0.008369607,0.007393349,0.005780904,0.0048879166,0.006202591,0.007025065,0.020368434,0.017325202,0.49302655,0.0085516,0.0045241495,0.001684472,0.0050674938,0.006042823,0.007583149,0.007142623,0.0061231144,0.005155405,0.00430798,0.0038435368,0.0039961785,0.0052586296,0.0055084643,0.00703729,0.005459425,0.004701147,0.004690247,0.005353235,0.013403458,0.008307874,0.0071369414,0.0069666253,0.011866024,0.009050802,0.007430964,0.006347042,0.0066345986,0.0065126033,0.0067580296,0.007080728,0.007948331,0.009460903,0.00856884,0.008032518,0.0069655897,0.0079637915,0.0073006386,0.0074281367,0.0077645537,0.0085628955,0.008151867,0.0070580416,0.0058348193,0.0055853124,0.0040702787,0.004192902,0.004124601,0.007429666,0.006970334,0.0077146855,0.006840706,0.00790298,0.008340944,0.0083591575,0.008145874,0.006913568,0.006183157,0.007957352,0.00751663,0.0070294766,0.0061841244,0.00687421,0.0073165623,0.005973092,0.0057919347,0.006433815,0.008224094,0.009371424,0.010015869,0.009120099,0.008844617,0.0070435,0.007806358,0.0063424935,0.009342398,0.009196256,0.008480727,0.007756197,0.007616649,0.0074709784,0.007370862,0.0072995084,0.007246541,0.007206083,0.0071744495,0.0071492544,0.007128907,0.007112284,0.0070986194,0.0070874034,0.007078248,0.007070859,0.0070649656,0.0070603383,0.007056755,0.00705403,0.0070519894,0.0070504765,0.0070493817,0.007048594,0.0070480406,0.007047656,0.0070473934,0.007047216,0.007047099,0.0070470227,0.0070469757,0.0074080857,0.005484258,0.0047995974,0.01353507
0.020352285,0.0036960596,0.006088333,0.0072862906,0.007364264,0.0075266603,0.004053258,0.008888457,0.007673002,0.009971474,0.007097188,0.0058432706,0.0061267694,0.0073470473,0.007509596,0.008024563,0.009970448,0.010260677,0.009461568,0.01003154,0.009544476,0.008983959,0.0057042628,0.0054403306,0.004806011,0.0037438548,0.002730876,0.0021098615,0.0019293296,0.002129605,0.0026722066,0.0025206471,0.0026981684,0.0026383884,0.00334139,0.0047216285,0.0061227405,0.00683335,0.0075150817,0.008336322,0.010536217,0.0110840285,0.010320416,0.008723676,0.007060318,0.0066763237,0.006450366,0.0058390307,0.0072213295,0.0082181925,0.008552324,0.0071231183,0.008251169,0.006551891,0.014698425,0.0071431748,0.007690406,0.006135082,0.007454474,0.0074688545,0.007963664,0.0072154007,0.006305386,0.0058285384,0.006288686,0.008057146,0.007452586,0.009498104,0.007859982,0.006826447,0.0063384264,0.007895954,0.008961182,0.008556785,0.0076233638,0.007069995,0.00693473,0.0066207945,0.006126607,0.006830988,0.00648645,0.0062274863,0.0054460843,0.005600479,0.0053351447,0.0054975064,0.0085025225,0.014791987,0.052071594,0.42112398,0.413489,0.05641333,0.0058410433,0.00269131,0.0047525126,0.0155838365,0.0057432144,0.0051986594,0.004179909,0.01714385,0.009134494,0.00936538,0.007164223,0.0038346252,0.003465129,0.003632958,0.0076677944,0.005195043,0.005567947,0.005280605,0.005191587,0.0068513914,0.004992234,0.015536426,0.008612994,0.011173516,0.0074335537,0.00771355,0.00691127,0.0067773797,0.006286878,0.0061821467,0.007027933,0.007040552,0.0069541633,0.0065989275,0.007222335,0.007945827,0.008754152,0.008840663,0.009007122,0.008274192,0.008778047,0.008626131,0.0091442745,0.008836206,0.0074971,0.0055690715,0.0039505013,0.0043278737,0.0042526317,0.0093847,0.010246088,0.0147924805,0.0065304916,0.0044577443,0.002695016,0.0043994673,0.0059655886,0.0081590535,0.009331984,0.009009838,0.0056674946,0.003960026,0.0039558373,0.0042116744,0.004945162,0.00526375,0.0058842083,0.006117714,0.0053994944,0.0038154998,0.0027236391,0.0054960055,0.007466892,0.0111876065,0.0087719625,0.0116998395,0.00822413,0.0076295165,0.006130548,0.0063366066,0.005926278,0.0060153273,0.006824834,0.00784687,0.009404013,0.007928447,0.007370684,0.0067581707,0.006959412,0.0064902273,0.0057199053,0.005940647,0.0074199364,0.006386393,0.005690206,0.0043352237,0.0035831481,0.0030027737,0.0035874425,0.004308146,0.0070201443,0.008152099,0.00765821,0.007579221,0.008438821,0.008203379,0.009216034,0.008748928,0.008395362,0.007320491,0.008495331,0.007694883,0.0070877858,0.0065121166,0.0069371797,0.0063217767,0.005720567,0.0056781056,0.0070217927,0.008138697,0.009290725,0.009017862,0.009722868,0.008123687,0.006448237,0.006516424,0.005986164,0.010015826,0.009389188,0.008583871,0.007982846,0.0076839677,0.007509308,0.0073946863,0.007314908,0.007257021,0.007213595,0.007180067,0.0071535707,0.0071322666,0.007114924,0.0071006767,0.0070889974,0.007079472,0.0070717796,0.007065652,0.0070608463,0.007057123,0.007054293,0.007052169,0.00705061,0.0070494716,0.007048654,0.0070480835,0.0070476797,0.00704741,0.0070472294,0.007047106,0.0070470255,0.007046979,0.00740809,0.005484258,0.0047995974,0.01353507
0.015217471,0.0031375536,0.00584744,0.0070691016,0.0072386037,0.007865421,0.0031633493,0.0076363613,0.0077992734,0.24751833,0.011200653,0.009297373,0.0046180626,0.008095499,0.008757012,0.008539722,0.009631551,0.009603551,0.00885478,0.008521812,0.0052479296,0.005464297,0.003791528,0.0044797594,0.0033811291,0.002912544,0.002227178,0.0017770377,0.0017015145,0.002500287,0.0027814037,0.0028629967,0.0021512236,0.0032636654,0.00444778,0.007888416,0.0077275555,0.008481886,0.008162497,0.008447472,0.010425877,0.010836113,0.010887113,0.00906643,0.008168845,0.007459693,0.006800182,0.00707041,0.007528816,0.0071725748,0.0071716853,0.0066584684,0.0077302363,0.006435584,0.0072851866,0.0061160903,0.0064758696,0.0061255908,0.00683691,0.0074028983,0.007100956,0.005221559,0.0052616238,0.00468226,0.0045280987,0.0049003363,0.0053537935,0.007055767,0.006316938,0.005904981,0.0063578924,0.007724029,0.0074709146,0.0060347146,0.005312001,0.0050762426,0.0063993623,0.0075659263,0.008125409,0.0075757354,0.007128472,0.0075083883,0.0076619834,0.007884197,0.0050470876,0.005638563,0.009575295,0.015518495,0.02798057,0.043749224,0.23918538,0.44341394,0.013369513,0.009528905,0.0064923987,0.4608788,0.013191383,0.018308898,0.008201346,0.5712261,0.011559104,0.011201668,0.006336618,0.0070196814,0.0081439065,0.0056524584,0.010070439,0.006002253,0.0054765753,0.0049340273,0.005454324,0.010251955,0.005433332,0.007215142,0.0062794792,0.009274426,0.008325776,0.01015351,0.008259477,0.0075112353,0.006341514,0.0057986276,0.0059783547,0.005219695,0.0068944483,0.006193595,0.0075547774,0.0074032806,0.008692664,0.0089394925,0.008985157,0.008195007,0.009134105,0.009203411,0.009737079,0.008430782,0.006827543,0.0056608636,0.00554142,0.004998828,0.0045668767,0.004823762,0.004880292,0.008879602,0.00624596,0.004665663,0.0027786118,0.004446746,0.0055840407,0.0069922446,0.006618759,0.0044614514,0.0053705503,0.0041589723,0.0054771286,0.0062078782,0.0065205838,0.0061695585,0.006357835,0.0044776145,0.005442991,0.005804554,0.00590296,0.0052767517,0.0064739394,0.007093261,0.008727467,0.010449532,0.008000746,0.007759218,0.006666159,0.006645978,0.006358471,0.0070464257,0.008189099,0.009832148,0.009867017,0.008672812,0.0081146285,0.00843764,0.008164303,0.00657332,0.0058743763,0.0053585875,0.0055332435,0.005809774,0.0046438137,0.004004072,0.0044276654,0.004934772,0.005254164,0.0051170443,0.0077478304,0.008248641,0.009446069,0.0077119777,0.007825364,0.0074324273,0.008959662,0.008949493,0.00849672,0.007123395,0.008250022,0.007866079,0.00844199,0.0070790327,0.007930619,0.007133178,0.0068178466,0.007275151,0.0076726964,0.0076135932,0.007609116,0.009313523,0.00916062,0.0081804665,0.007478879,0.008307155,0.013100546,0.01055608,0.0097734,0.008586959,0.008088701,0.007749143,0.007544241,0.007416039,0.0073285797,0.0072662504,0.007220161,0.0071849218,0.007157257,0.00713511,0.0071171345,0.007102391,0.0070903124,0.0070804735,0.007072533,0.0070662145,0.00706125,0.0070574237,0.007054507,0.0070523196,0.0070507103,0.0070495424,0.0070487037,0.007048114,0.007047703,0.0070474227,0.0070472355,0.007047109,0.0070470287,0.0070469826,0.0074080857,0.005484258,0.0047995974,0.013535065
0.0136061665,0.003065293,0.0054578665,0.007374634,0.009152067,0.015176044,0.008610942,0.008476214,0.0065348926,0.01376173,0.007173407,0.0067734905,0.00584731,0.007338413,0.008054125,0.007526379,0.0082411785,0.0071011405,0.0052006077,0.0065331995,0.009175702,0.021054382,0.0074121333,0.0042799376,0.0022253012,0.004631791,0.006064511,0.003425052,0.0025550993,0.0016219128,0.0025355695,0.002719225,0.0020949496,0.002976896,0.0047920938,0.008516439,0.0092780795,0.009951206,0.010312966,0.010106612,0.011782501,0.010647456,0.010688775,0.008677458,0.008436216,0.0076765753,0.007215996,0.007581082,0.008078978,0.0077441996,0.0072307647,0.006981727,0.0070700054,0.0059159547,0.0071041062,0.0062460015,0.0067075794,0.007024573,0.0074177133,0.008967854,0.007611417,0.0061063883,0.0044411863,0.0038320974,0.0039421082,0.0048782662,0.0055590617,0.006265973,0.0061197146,0.006092224,0.006663835,0.0071834796,0.009608331,0.009766572,0.011843591,0.007200193,0.007759751,0.009202294,0.010815775,0.009889287,0.0090468945,0.008948225,0.010226449,0.009620413,0.0046448126,0.010407774,0.013149587,0.3874438,0.018679934,0.015491033,0.017850393,0.016717162,0.0067719733,0.0035879146,0.006358582,0.018564627,0.008179395,0.0046871495,0.0037903483,0.008002797,0.00692519,0.0027997778,0.0049389084,0.008409939,0.0070262826,0.005042834,0.0049759597,0.0055516805,0.0053906664,0.0049435883,0.004697549,0.0054223463,0.0045555686,0.006846164,0.0072819833,0.009874213,0.008736634,0.009064327,0.0080284625,0.0061222585,0.006482945,0.006295075,0.013301164,0.0066501475,0.006393641,0.0046938364,0.006379489,0.0067699403,0.008141441,0.008202743,0.0075690127,0.0071829082,0.007565604,0.008399734,0.009581814,0.008988682,0.008447799,0.0072871866,0.006851058,0.0066286013,0.0068476223,0.0058222916,0.004974291,0.0061355853,0.0040285424,0.004353837,0.0026207091,0.0029004868,0.0021346675,0.0055753947,0.008613519,0.0035210068,0.005540451,0.005513892,0.0077626,0.008305164,0.0079695955,0.008127041,0.0071002897,0.004502304,0.0069282893,0.008538228,0.014007176,0.004550946,0.004388924,0.0045058806,0.00879887,0.009580927,0.007724785,0.0075928518,0.0066786613,0.006890353,0.006250028,0.0071830545,0.0072097294,0.008185393,0.007956506,0.0075474237,0.008340569,0.0077682617,0.007757934,0.0065152915,0.005898328,0.006036912,0.006065025,0.0059105624,0.005309978,0.0042975675,0.0044116187,0.0042991205,0.0049626287,0.006059368,0.009206929,0.010547542,0.011809524,0.00892285,0.008360391,0.0072305826,0.0076832687,0.007690988,0.007722976,0.006821292,0.007067917,0.006666234,0.0069022956,0.006149733,0.006556878,0.005801525,0.0062651956,0.0070634275,0.007950207,0.008940359,0.00676935,0.0094026225,0.00909645,0.009937277,0.010599613,0.009150792,0.013349682,0.011288628,0.010228674,0.008895634,0.008229463,0.007800163,0.0075723804,0.0074335393,0.007339862,0.0072738873,0.007225567,0.0071888925,0.007160236,0.007137377,0.0071188705,0.007103716,0.007091324,0.007081231,0.007073099,0.007066629,0.0070615583,0.0070576374,0.007054657,0.0070524304,0.0070507876,0.007049592,0.0070487373,0.0070481338,0.007047717,0.0070474297,0.007047239,0.007047113,0.0070470287,0.0070469826,0.00740809,0.005484258,0.0047995974,0.013535065
0.012635588,0.0027939142,0.0055636717,0.008355545,0.012001689,0.014682192,0.009969653,0.011108234,0.009282855,0.015280108,0.00946223,0.006688503,0.008267581,0.008638586,0.00924882,0.007376344,0.0067288764,0.0057752253,0.004011941,0.006549474,0.009746435,0.022135092,0.008469387,0.0046393396,0.004153681,0.010489532,0.01328636,0.005649069,0.0030363319,0.0023087251,0.0027062409,0.0027147077,0.0029154962,0.0045526875,0.004469044,0.005582781,0.0065015526,0.0090635605,0.010596608,0.010748221,0.012767208,0.011183814,0.01135993,0.009319597,0.010204131,0.00952954,0.009075439,0.009011354,0.008101911,0.0074416567,0.007377612,0.007122818,0.007896821,0.00669875,0.006489364,0.0055351253,0.005813193,0.006471781,0.007256832,0.008116263,0.006394813,0.005536472,0.003981875,0.0041022818,0.0033361681,0.004611338,0.005199858,0.0053864657,0.005341102,0.005560148,0.006846154,0.006515547,0.007195944,0.008043814,0.008018473,0.0064135557,0.006202215,0.007544056,0.008483646,0.008439472,0.00790228,0.008063063,0.010738784,0.0113208825,0.006693311,0.01385588,0.017333379,0.32996938,0.030363942,0.015059,0.009590211,0.012227296,0.006734775,0.0037654103,0.006126871,0.013911645,0.0103546865,0.003903952,0.0022188376,0.0042590313,0.002869425,0.011036078,0.017918175,0.47980952,0.018241426,0.011696646,0.0041453107,0.0061165714,0.006698772,0.0056918785,0.0059154923,0.0058103353,0.005925137,0.0063822307,0.006540672,0.008135929,0.007790747,0.009380233,0.012513405,0.013746432,0.010437405,0.0054189195,0.0048516677,0.0041688187,0.010634851,0.005299222,0.0077945148,0.0064636734,0.0077186874,0.0068259137,0.0069776885,0.0075597377,0.008113665,0.008353139,0.008683063,0.008063147,0.008256689,0.007743759,0.008059811,0.008701203,0.00825275,0.0072875493,0.004778357,0.0047259373,0.0031843176,0.0032728752,0.0021364884,0.00506312,0.003735885,0.0018718025,0.0017005759,0.00239947,0.0051660105,0.005253511,0.005983415,0.007398737,0.006686913,0.0077644624,0.0051102443,0.0030364576,0.00857781,0.009039241,0.6471708,0.010398236,0.012313659,0.0035214685,0.0074981116,0.00762249,0.0074802907,0.007837476,0.0068476032,0.007879934,0.006869381,0.008057596,0.008245268,0.009478454,0.007528053,0.008367624,0.007954533,0.008368811,0.008144152,0.0064787413,0.006595952,0.006265943,0.007916986,0.006646891,0.007119538,0.0059532584,0.0060418155,0.005580844,0.005202646,0.005923385,0.008940549,0.009845811,0.0104432525,0.009045843,0.008716645,0.0075263646,0.007366872,0.0076516536,0.0070531247,0.0061103893,0.0061340323,0.0055388906,0.0058368607,0.005118117,0.0059230174,0.005943148,0.0063264184,0.0066025606,0.007645194,0.00980858,0.0094797695,0.008401219,0.007776745,0.008735613,0.01130469,0.014396706,0.017081987,0.010717539,0.009812508,0.008806297,0.008270601,0.007831168,0.007591501,0.0074461205,0.0073481947,0.007279602,0.0072296145,0.007191837,0.0071624154,0.0071389964,0.007120077,0.007104621,0.007091991,0.007081724,0.0070734574,0.007066889,0.0070617427,0.007057771,0.007054754,0.007052497,0.007050831,0.007049622,0.007048754,0.0070481473,0.007047727,0.0070474325,0.0070472425,0.007047113,0.0070470325,0.0070469826,0.00740809,0.005484258,0.0047995974,0.01353507
0.012149235,0.0028102493,0.0055469074,0.009751813,0.011203928,0.01672381,0.0125713935,0.012736214,0.010613809,0.009579366,0.007653193,0.0073543116,0.010875314,0.009869506,0.00986269,0.008340356,0.008861541,0.0066379714,0.0045679216,0.009773695,0.02161742,0.5503683,0.03485125,0.014141355,0.009454322,0.011813511,0.38219178,0.010231364,0.0062386924,0.0017987876,0.003661617,0.0034557579,0.0039523803,0.0077099274,0.009399047,0.008047788,0.006944861,0.0076818005,0.009488984,0.010185692,0.012338976,0.010515617,0.010861305,0.009016474,0.009764399,0.009055937,0.00855118,0.009002935,0.008367731,0.007365543,0.007214049,0.007296994,0.007441058,0.0063135596,0.006172229,0.00519235,0.005674321,0.006446972,0.0073817163,0.0091025075,0.008207217,0.008201582,0.0059142476,0.006319046,0.005717525,0.006503222,0.006640874,0.007557667,0.0067961765,0.0068893344,0.0076536275,0.0063689547,0.006995626,0.0070278896,0.008230833,0.006633326,0.0065126554,0.007053923,0.008481698,0.008432859,0.007881948,0.0071660383,0.0076962877,0.0082402,0.007480836,0.0065906737,0.013488185,0.037946798,0.3121876,0.27744892,0.023801459,0.0063904696,0.0030938848,0.0021831712,0.005167278,0.0099373385,0.007444947,0.0026754988,0.00206473,0.0027234603,0.004138975,0.0042302595,0.009233588,0.011878681,0.008891364,0.00642178,0.0057874224,0.007325285,0.007322883,0.006350567,0.0061687897,0.00520587,0.005979735,0.0058629173,0.0069716317,0.008103931,0.007796477,0.010836421,0.0137400385,0.021138187,0.011017217,0.005756588,0.0043512005,0.0052071717,0.0064240745,0.00378694,0.002847477,0.0022868307,0.0030136425,0.0044546346,0.006657349,0.008151783,0.0083194,0.008344162,0.008451719,0.007885643,0.008826251,0.009270304,0.009112237,0.009207821,0.006312531,0.008137338,0.0100306505,0.01278828,0.006244276,0.004275776,0.0014694191,0.0017195,0.001533466,0.0017076592,0.0018659872,0.0022418736,0.0037312082,0.006047912,0.006031815,0.010919788,0.0036356652,0.008644284,0.005774686,0.0060168994,0.0071868096,0.01152337,0.03213457,0.008376464,0.004031643,0.0029598542,0.0076782177,0.008076334,0.0076040626,0.0073001236,0.0066475365,0.0068239775,0.0062347115,0.006633448,0.00731219,0.008411307,0.0082735345,0.007866127,0.007430328,0.006387434,0.007917644,0.0068416228,0.007874479,0.006337483,0.007147494,0.0068472754,0.0077522825,0.0068596415,0.0074445843,0.005115345,0.0058056167,0.0061073545,0.010869422,0.01018116,0.011350622,0.0094447,0.00823683,0.007762692,0.0063907155,0.006126267,0.0057103834,0.005887375,0.0062251,0.004820984,0.0047812406,0.004665459,0.0061839307,0.0067348164,0.005197067,0.005754373,0.0059722853,0.0066656917,0.005969232,0.0075680492,0.008078497,0.009876959,0.012157439,0.015013084,0.014162877,0.009744517,0.009499554,0.008905574,0.008283878,0.007840543,0.007600408,0.007453129,0.007353156,0.007283115,0.0072321203,0.0071936348,0.007163701,0.007139912,0.0071207276,0.0071050716,0.007092308,0.007081939,0.0070736045,0.007066987,0.007061809,0.0070578116,0.0070547806,0.007052514,0.0070508406,0.007049629,0.0070487643,0.0070481505,0.007047727,0.007047436,0.0070472425,0.007047116,0.0070470325,0.0070469826,0.00740809,0.005484258,0.0047995993,0.01353507
0.011957132,0.002792897,0.0055872193,0.0076271193,0.007243135,0.00817441,0.008188173,0.009245828,0.008950052,0.0088295145,0.0073695327,0.0069884546,0.00867732,0.008269333,0.007535478,0.0072162454,0.009201825,0.007949229,0.007475074,0.0051627425,0.0047859442,0.014443134,0.017760864,0.4608059,0.011855775,0.013505167,0.008836464,0.011015098,0.0063460977,0.0046126605,0.0038874554,0.0035883358,0.0031950197,0.0035797057,0.0045558284,0.0063100723,0.005909192,0.007845582,0.0087618595,0.0092499135,0.010299703,0.009924314,0.0105900355,0.008706671,0.009042591,0.008079028,0.0076768263,0.0080994135,0.0063039702,0.005914976,0.005860194,0.0058852937,0.007360267,0.0065683867,0.007184612,0.0062973243,0.006368876,0.0063912966,0.0064729983,0.008019835,0.008144511,0.008600894,0.008071431,0.009055149,0.00823597,0.009982716,0.009669572,0.0100642955,0.008439839,0.008531846,0.007532665,0.006965447,0.0071614524,0.0071261534,0.007929024,0.006939789,0.006734947,0.0056160544,0.005875833,0.0059142103,0.0065794727,0.006348706,0.006757028,0.007044327,0.007250902,0.0062229964,0.006102329,0.0076968665,0.0292932,0.02879704,0.5719717,0.012181634,0.011700137,0.0024283654,0.012368892,0.0054702736,0.006063226,0.003344739,0.0026362361,0.002343442,0.0025012707,0.003838527,0.0049114935,0.008130437,0.0058174306,0.0055377665,0.0052695507,0.007153297,0.0077826316,0.006521915,0.006067337,0.005151582,0.0060071647,0.006802092,0.007841838,0.00804866,0.0065249684,0.0152674,0.02109063,0.55230075,0.025517251,0.011826649,0.0038282184,0.005320665,0.00566041,0.007140815,0.0071503916,0.008575267,0.010424412,0.009879552,0.0068389927,0.0045118956,0.005247036,0.0053762565,0.0076480736,0.008354032,0.009027929,0.008558174,0.0083056195,0.007206181,0.0062806606,0.009782005,0.014037515,0.019802023,0.005806379,0.0040552486,0.0025266176,0.00445135,0.003341898,0.0029823242,0.005846639,0.0032501703,0.0033765354,0.004189604,0.00364192,0.020834737,0.0069883517,0.008376927,0.0049662846,0.0030859767,0.0060746768,0.011291986,0.050307687,0.012952043,0.006525055,0.0040326943,0.0069529223,0.007402639,0.0077869333,0.007830375,0.0075229676,0.005289677,0.004483436,0.0047613895,0.0073642186,0.009224397,0.008124574,0.007570123,0.00731101,0.0065319617,0.007162649,0.0074266293,0.007975731,0.007040329,0.0077947984,0.007254984,0.008065348,0.0077585904,0.0077758776,0.0055034095,0.0058683557,0.005917943,0.009359289,0.009851996,0.00989547,0.0094734365,0.008387367,0.009633925,0.0075092446,0.008156036,0.005320645,0.0057667745,0.006429397,0.0060504777,0.005595202,0.00575008,0.0070493454,0.0069349986,0.0067727948,0.0061536566,0.0059156157,0.0072646174,0.007536395,0.007354354,0.0087289065,0.008565689,0.010312178,0.013835982,0.012697098,0.00869769,0.008944542,0.008603412,0.008130302,0.0077776983,0.0075827693,0.00745434,0.0073545063,0.0072842413,0.007232949,0.0071941894,0.007164037,0.007140084,0.007120785,0.0071050613,0.007092257,0.0070818686,0.0070735347,0.00706692,0.0070617525,0.0070577646,0.0070547443,0.0070524868,0.0070508174,0.0070496122,0.007048748,0.0070481435,0.0070477235,0.0070474325,0.007047239,0.007047113,0.0070470325,0.007046979,0.0074080857,0.005484258,0.0047995974,0.01353507
0.01204531,0.002674606,0.0058007496,0.007796596,0.0067201783,0.0062121744,0.0058457996,0.0060227737,0.0070616785,0.0073270015,0.006761961,0.006327678,0.0072814454,0.007007773,0.0061816163,0.006010329,0.01295467,0.011274532,0.009683226,0.004334201,0.0050296164,0.007814857,0.021305492,0.014744393,0.00664459,0.0048132893,0.011060575,0.020044144,0.010750234,0.005755448,0.0047363355,0.0046356353,0.0028981213,0.002675879,0.003276005,0.005168241,0.005718262,0.0071502966,0.007311394,0.008206246,0.00923916,0.009653996,0.010149249,0.008179654,0.007684858,0.0069470806,0.006972932,0.0070367698,0.0060666897,0.0052874875,0.0051843785,0.005723434,0.0075145597,0.007224483,0.007447999,0.006450275,0.007301465,0.0071054283,0.0065576574,0.0067983656,0.007003285,0.008681028,0.008108102,0.008547199,0.008671373,0.009553595,0.00911036,0.009835798,0.008652157,0.008944677,0.008335369,0.007325243,0.007521765,0.007370209,0.009042517,0.0075245593,0.006922026,0.0058994773,0.006222958,0.0058968994,0.00568948,0.0051893606,0.005205349,0.005268076,0.005541589,0.004331508,0.0045964024,0.003908787,0.0067873793,0.01154129,0.013489091,0.005871809,0.004318998,0.0023279309,0.0049430276,0.003572189,0.0043735844,0.0036082356,0.0038302976,0.0046465653,0.004951854,0.0033321432,0.0029987681,0.004225542,0.008964427,0.008918019,0.0076213186,0.004716162,0.006014886,0.006185731,0.006503703,0.005598764,0.0062721726,0.0062796725,0.007729531,0.0092612775,0.009013922,0.010759284,0.010701277,0.016997535,0.0098769395,0.006912416,0.0049435766,0.0052595823,0.009632015,0.00982909,0.0225197,0.022745002,0.031918224,0.010140726,0.0041907937,0.0039954553,0.011865162,0.009072146,0.0073723444,0.004177508,0.0060329414,0.005923542,0.0062709777,0.006597302,0.0050028968,0.012872603,0.016174423,0.5796572,0.018035673,0.010836768,0.0020584634,0.004014207,0.003731908,0.003757646,0.0032687848,0.0036936826,0.0032039464,0.004799837,0.0032389099,0.010370119,0.015381907,0.00917243,0.0043831524,0.0025443267,0.011842195,0.018533723,0.55601865,0.019534461,0.011717987,0.0036802797,0.006839802,0.006697177,0.008658181,0.007134644,0.0077018985,0.00946126,0.010536467,0.009059151,0.0077734934,0.0039787726,0.0039796005,0.0058532087,0.007635692,0.0075562545,0.0071344282,0.00814666,0.008606214,0.007943933,0.008245814,0.008080063,0.007916262,0.0074852384,0.007527359,0.005765637,0.0060137487,0.0063366755,0.008867867,0.009700466,0.009464487,0.009417077,0.008643585,0.009056389,0.0066443505,0.005855493,0.0049306783,0.005890731,0.006804212,0.0059271595,0.0057411045,0.0062617343,0.008386832,0.008886718,0.008149405,0.0073871054,0.006590921,0.0054701385,0.005360489,0.005928686,0.007050564,0.008138,0.010418952,0.010395601,0.00907619,0.0075178817,0.008208284,0.008327667,0.007924652,0.0077727875,0.0075545204,0.0074499133,0.0073522096,0.007282897,0.007232014,0.0071934406,0.007163382,0.0071394895,0.0071202386,0.007104578,0.007091834,0.0070815133,0.00707324,0.0070666857,0.007061568,0.0070576277,0.0070546404,0.0070524067,0.007050767,0.0070495717,0.0070487205,0.0070481203,0.007047707,0.0070474264,0.0070472355,0.007047113,0.0070470287,0.007046979,0.00740809,0.005484258,0.0047995993,0.01353507
0.012686619,0.0029798339,0.005775001,0.0071772523,0.006495029,0.006852015,0.005702627,0.0062225075,0.0068026427,0.0070130737,0.0065078293,0.006171477,0.0067255376,0.005728044,0.0049893497,0.004578845,0.0057037487,0.009446493,0.009534785,0.0049093547,0.0039083413,0.0033329604,0.009397742,0.007129805,0.006002475,0.0069273515,0.0111080455,0.5727605,0.022049546,0.017589057,0.004300266,0.0051209927,0.0037749507,0.0034765273,0.004006739,0.0048353216,0.005818404,0.008139767,0.0075753117,0.007966727,0.008787196,0.009985908,0.010235299,0.008073271,0.0076028714,0.00644989,0.0068705487,0.006103379,0.00501993,0.0054332446,0.0049469904,0.005381101,0.0063608424,0.007185408,0.0077614104,0.007343741,0.007995889,0.0075212736,0.007134168,0.0069408994,0.0076329648,0.008422996,0.009301801,0.010275651,0.010135022,0.009828821,0.007821904,0.008377312,0.007912358,0.008391853,0.0074158777,0.0071539097,0.0069452687,0.0072872974,0.008179906,0.008407804,0.007828194,0.006869143,0.0064754887,0.0060035787,0.0057576555,0.005985094,0.0063287956,0.006247387,0.0060877013,0.0049421904,0.0034208975,0.002747813,0.0048965756,0.008732286,0.013772178,0.007960941,0.0058780783,0.0028445362,0.0036636754,0.0029665076,0.0056204335,0.0057395566,0.0049792994,0.0044286787,0.004653972,0.005839515,0.010606522,0.013778066,0.021311525,0.008741982,0.005067645,0.003752701,0.0068324986,0.0066538868,0.006700721,0.0064041372,0.0065513914,0.007470031,0.0076939394,0.007882537,0.0067264005,0.006991735,0.0072304807,0.013829361,0.008847861,0.008510378,0.005159065,0.0037138932,0.008475881,0.013666802,0.5710618,0.44307998,0.5324413,0.01960105,0.0099501815,0.0033456532,0.018037522,0.0064622466,0.0047589587,0.0027452894,0.00920459,0.006164299,0.006523813,0.0067100227,0.0060186703,0.0069713513,0.0064075086,0.014524218,0.0074474774,0.011176229,0.0038198812,0.0068845176,0.004284246,0.0047449856,0.0036593385,0.0043603736,0.0057640686,0.0042937533,0.009217514,0.017665634,0.57969046,0.014657992,0.0064718337,0.0019540398,0.009420213,0.010720725,0.026676446,0.010471758,0.008322966,0.0050794757,0.008225479,0.006005878,0.0069344267,0.0057872683,0.010206202,0.011722571,0.022099447,0.011443358,0.015398822,0.011832446,0.008243428,0.007637727,0.0058449376,0.004891662,0.00621693,0.0077702357,0.00834775,0.009973479,0.010082531,0.009067449,0.007968412,0.00761342,0.007606146,0.006390182,0.006255744,0.006603543,0.008061324,0.0087859165,0.008196429,0.008981952,0.008744181,0.009569734,0.008562312,0.00701056,0.0053667463,0.005159207,0.0059866887,0.0056021735,0.0053088325,0.0057415892,0.0069475053,0.009091569,0.009270934,0.007660381,0.00689977,0.006411158,0.007419806,0.0064943307,0.0074699814,0.007202474,0.007860428,0.009566852,0.008122412,0.006465116,0.0070302095,0.007505468,0.0074707945,0.0076101143,0.007479611,0.007440354,0.0073464355,0.007279116,0.007229317,0.007191377,0.0071617304,0.007138121,0.0071190894,0.007103622,0.007091048,0.007080876,0.0070727305,0.0070662904,0.007061264,0.0070574004,0.0070544733,0.007052286,0.007050681,0.007049512,0.007048681,0.0070480937,0.0070476932,0.007047413,0.0070472257,0.007047109,0.0070470255,0.007046979,0.00740809,0.005484258,0.0047995974,0.01353507
0.013935771,0.0031411229,0.006036551,0.009878116,0.008035817,0.007092421,0.0060630366,0.00625913,0.007160415,0.0076865596,0.007224318,0.0071501415,0.008005603,0.007204854,0.0063304724,0.005572884,0.005465865,0.007243814,0.007300666,0.006782701,0.0055393106,0.003906276,0.005782305,0.0023300725,0.0064889244,0.005170946,0.008852893,0.014194034,0.008250787,0.0063954312,0.0035741294,0.004371646,0.0034474242,0.0038883402,0.0039769965,0.0058245333,0.0064670425,0.008116674,0.007710675,0.008556033,0.009178178,0.010930799,0.010837606,0.008671439,0.008739616,0.007667873,0.008073848,0.007385096,0.006414525,0.0064145406,0.0054003266,0.0056091296,0.006943483,0.0072623002,0.0068301884,0.006503681,0.0072232033,0.0077522094,0.0077065383,0.007295619,0.008668725,0.009186429,0.010425873,0.010118932,0.009719241,0.008150002,0.0071147997,0.007909084,0.008606247,0.008834069,0.008000265,0.006670521,0.0063935136,0.007081536,0.0071102576,0.0075245593,0.0068728235,0.006698782,0.006232912,0.0065412414,0.0060396567,0.0067436546,0.0071882224,0.007897366,0.0060542813,0.0054992847,0.0056253127,0.007841809,0.009942392,0.015592092,0.007574653,0.0046002893,0.0042377864,0.0072397757,0.00799885,0.006560622,0.0078576105,0.0061160643,0.0062570213,0.005528633,0.0062401765,0.00819793,0.028596837,0.03519387,0.47775784,0.017177433,0.013737726,0.0039898464,0.0067357286,0.0067499047,0.0063140322,0.00638932,0.0049210303,0.0054510143,0.006529994,0.009080643,0.0087357955,0.006823237,0.0050540846,0.0057779397,0.0055687022,0.0058113057,0.0054583945,0.004206458,0.0053276955,0.010323187,0.04650671,0.33886597,0.36074418,0.036795873,0.02343232,0.011963487,0.6174487,0.009328643,0.0064062485,0.0010531453,0.0045659123,0.005173041,0.0072270823,0.007193788,0.0068203104,0.006573684,0.005456244,0.01053674,0.0054839794,0.0070364233,0.0042529427,0.007839624,0.005520844,0.0054589403,0.0036998312,0.0059420043,0.007427747,0.009935283,0.013159319,0.018036673,0.5520127,0.014329681,0.00852464,0.0020514121,0.0072315587,0.0060691666,0.013400174,0.008243677,0.0089676,0.005221904,0.008039825,0.006952863,0.0073968917,0.005804312,0.014033094,0.01809695,0.6085631,0.042726457,0.042262718,0.015438158,0.016889201,0.007711452,0.0038768142,0.0037114522,0.0066634435,0.0068326374,0.0086398395,0.008721393,0.009200929,0.008378825,0.008101973,0.007858483,0.008449022,0.0077927667,0.007054767,0.0069580115,0.00775386,0.008762543,0.008354815,0.009068328,0.008609066,0.008937258,0.007805154,0.006788511,0.0064645642,0.0060886187,0.006135338,0.0058711306,0.0048608277,0.0056254086,0.0061804918,0.007469784,0.00717959,0.0065998402,0.006044479,0.0059446944,0.0068262373,0.006012734,0.006646626,0.005996787,0.0064942967,0.0071348366,0.0079090195,0.0063239965,0.0061491616,0.006466151,0.00717692,0.007587019,0.007359239,0.0074263904,0.0073375273,0.0072730677,0.007224948,0.007188052,0.0071591106,0.0071360017,0.007117357,0.0071022133,0.0070899036,0.007079968,0.007072024,0.007065742,0.0070608463,0.0070570856,0.0070542432,0.007052123,0.007050564,0.0070494316,0.0070486274,0.007048057,0.0070476667,0.0070473994,0.007047216,0.0070471023,0.0070470227,0.0070469757,0.00740809,0.005484258,0.0047995974,0.01353507
0.01244623,0.0040120515,0.005900361,0.008379815,0.008918735,0.009364879,0.0076729506,0.0069550727,0.007590883,0.007121213,0.007210341,0.007097978,0.007107561,0.006960825,0.006615656,0.006261889,0.0055747684,0.0052467473,0.0061914995,0.005848621,0.007873931,0.0034694423,0.0036467926,0.0018657953,0.0052715004,0.007908676,0.00640913,0.009610659,0.007251201,0.008384239,0.004225197,0.0051441407,0.003980411,0.012786859,0.005435322,0.007083216,0.0059231375,0.007947068,0.007983058,0.009226428,0.009331341,0.010177888,0.01033767,0.0081163095,0.00821906,0.007662546,0.00819743,0.0071674497,0.006458011,0.0059664478,0.0054155947,0.005924556,0.0058409767,0.007022212,0.0068441764,0.0071115033,0.0075527574,0.007059897,0.0071963933,0.007614894,0.009141496,0.008698316,0.010121364,0.009452558,0.008850115,0.007224318,0.0069328123,0.008151984,0.010167748,0.009924248,0.0073663485,0.005271596,0.0042501995,0.004466458,0.004883978,0.0067211813,0.0072616227,0.0074563264,0.00601431,0.005713002,0.0058848197,0.0068587745,0.0068853847,0.007717741,0.005848053,0.006909657,0.006580392,0.020637747,0.020083586,0.5510388,0.020534879,0.015043816,0.0056241816,0.009256142,0.014830004,0.0063397987,0.0053305393,0.004207163,0.006626586,0.0046305005,0.01084304,0.019863468,0.46389306,0.46727985,0.056479637,0.018842949,0.005642741,0.006180351,0.009343744,0.007992791,0.005749134,0.006164889,0.008596943,0.011635659,0.008143733,0.008138535,0.007117839,0.012566096,0.008993925,0.008017225,0.005123926,0.0058229375,0.0058821007,0.0047540246,0.0031250967,0.007600185,0.022712084,0.5314013,0.4185886,0.37107325,0.05976074,0.010258487,0.0068711443,0.004341477,0.005418801,0.0037156225,0.006161168,0.0051055118,0.0072627533,0.008211565,0.008740194,0.0078002294,0.0061375774,0.0048629683,0.0037761594,0.005096338,0.0055372594,0.0072836457,0.0063006314,0.006023393,0.0031540645,0.00845359,0.010996144,0.55278623,0.022733552,0.019317877,0.01745268,0.008280345,0.0065260963,0.0034235388,0.007316217,0.004498002,0.0066950866,0.00617101,0.015712032,0.0074155442,0.007989442,0.0069198497,0.008355036,0.00797434,0.008890729,0.010040845,0.014003053,0.02756882,0.035384875,0.5522693,0.6019765,0.017785937,0.009050995,0.0025381579,0.005899133,0.007117741,0.0068284776,0.006960064,0.0069146287,0.0069248355,0.007055299,0.007561659,0.008077114,0.007674498,0.006529214,0.006509821,0.0062245983,0.007643045,0.008281727,0.009703417,0.009272568,0.0091029685,0.008318756,0.008083366,0.008067542,0.006977219,0.0056988103,0.006722553,0.006521717,0.0068246955,0.005262222,0.005966137,0.0054572993,0.0060376874,0.005638806,0.0067507043,0.0078033074,0.008173777,0.0074376604,0.0070116958,0.0057750093,0.006292615,0.006511731,0.005941227,0.0055125644,0.006123019,0.0068727974,0.007673993,0.0073154303,0.007408913,0.0073259645,0.007265006,0.007219047,0.0071835476,0.0071555725,0.0071331807,0.0071150796,0.007100377,0.00708844,0.007078811,0.0070711197,0.0070650564,0.0070603313,0.007056709,0.007053963,0.007051919,0.0070504197,0.0070493314,0.0070485575,0.0070480104,0.0070476336,0.0070473766,0.007047206,0.0070470925,0.007047019,0.0070469757,0.0074080857,0.005484258,0.0047995993,0.01353507
0.014005102,0.0033527028,0.005400257,0.008048237,0.008399082,0.008924474,0.008500694,0.0075473273,0.0069245305,0.006777489,0.0070961695,0.0067165704,0.0068914946,0.0066622756,0.006573339,0.006260643,0.005588852,0.004813191,0.004915217,0.0048269928,0.005054509,0.003908501,0.003408539,0.003304047,0.0057452135,0.007887159,0.0066581625,0.0052553103,0.004766834,0.0052851858,0.00437222,0.0038973836,0.0033474092,0.004318699,0.008475272,0.007728024,0.0076944563,0.007604441,0.0072732125,0.008366042,0.009399123,0.010245652,0.010507845,0.008461406,0.007933812,0.0072059394,0.0071579376,0.0063638478,0.0060703484,0.0057221074,0.0053176433,0.0069745732,0.0067716623,0.007119305,0.0066798124,0.0081808455,0.007781998,0.006556092,0.0064193164,0.006720372,0.007585446,0.0076065673,0.008298683,0.007404945,0.0070241205,0.0070013846,0.0071915165,0.009293943,0.011339401,0.009709645,0.008528091,0.008136291,0.008501908,0.007315607,0.00637731,0.005730095,0.00701809,0.0073298323,0.0053989566,0.0053128777,0.005174941,0.006064177,0.0056978296,0.0066138203,0.0044230814,0.011771118,0.013489745,0.56111234,0.028116636,0.033595365,0.006711291,0.0041271537,0.007719877,0.010578407,0.6235804,0.015215983,0.013896621,0.0038218684,0.0074047134,0.006519932,0.0067103594,0.0066215997,0.010123318,0.013023347,0.016084414,0.006753733,0.0073981625,0.0073470883,0.008600666,0.0067168213,0.004511542,0.0065250862,0.012030492,0.02193155,0.007820227,0.008495623,0.016189476,0.024184356,0.009763381,0.0047562355,0.0028563903,0.0042748135,0.0049315277,0.006357694,0.004038536,0.0041221282,0.0042858957,0.022135945,0.04609005,0.5435893,0.3878295,0.014229086,0.0103226565,0.003689546,0.015681023,0.00437249,0.003988823,0.0039702007,0.0079651065,0.009161923,0.009666431,0.009315714,0.008884203,0.0078078015,0.005876025,0.00579976,0.005038762,0.0063205035,0.0054952363,0.005656501,0.0035139685,0.0046889763,0.0049399445,0.00983559,0.009558812,0.0061367657,0.009277681,0.008152161,0.007376491,0.0038655736,0.004860422,0.0047377497,0.0064262114,0.005782113,0.007829341,0.006181502,0.0078123547,0.008230639,0.010585925,0.010908356,0.010984503,0.0076314695,0.014007058,0.012019678,0.009903313,0.014854393,0.013649451,0.0085701775,0.0034787266,0.0039484063,0.007024057,0.007939947,0.00805096,0.008157618,0.007686,0.0078473715,0.007806003,0.008094132,0.0071465843,0.006875708,0.0051658414,0.0055806534,0.00574292,0.008083584,0.008759549,0.009982486,0.00920138,0.009866267,0.008963418,0.008873388,0.00790138,0.007569328,0.0063673044,0.0067584617,0.006557505,0.007451194,0.0071091265,0.007085984,0.0052433736,0.005658146,0.0047771875,0.006099351,0.006146015,0.007436474,0.006845201,0.00784762,0.006047187,0.004895653,0.0058499384,0.0062551303,0.00621259,0.005850638,0.0064007365,0.007586599,0.0072110575,0.007388847,0.0073122764,0.0072552557,0.007211816,0.00717801,0.0071512274,0.0071297274,0.007112308,0.0070981625,0.0070866817,0.0070774336,0.0070700594,0.00706424,0.00705972,0.007056257,0.007053632,0.007051682,0.007050253,0.0070492146,0.007048477,0.00704796,0.0070476,0.007047353,0.0070471894,0.0070470823,0.007047012,0.007046972,0.0074080857,0.005484258,0.0047995993,0.01353507
0.013458092,0.0032881706,0.0051339893,0.0072162114,0.007833506,0.008946014,0.008134352,0.007353727,0.0068296874,0.0065216525,0.0067389896,0.0069040447,0.0070310384,0.006833369,0.0065135597,0.006104415,0.005465919,0.004538544,0.0045830416,0.006513582,0.006310294,0.005262649,0.0048832987,0.003955105,0.0050714114,0.005624099,0.0065934155,0.004990415,0.0060064304,0.006419593,0.005361582,0.0053988644,0.004794803,0.010889105,0.006531231,0.008112287,0.0072782827,0.008335077,0.0072355713,0.006848314,0.00804799,0.0087910425,0.008462478,0.0064903144,0.0058702393,0.0048258225,0.005663766,0.0056078793,0.005317194,0.004735769,0.0046920413,0.005938296,0.0065022362,0.0067014727,0.007100448,0.0077521065,0.007389711,0.006454985,0.0059572617,0.0053534023,0.0054156384,0.0067587337,0.007874169,0.0069984817,0.006282113,0.0060075377,0.0072326367,0.009307999,0.010499455,0.007740858,0.007570292,0.0066766148,0.0099719595,0.0052490993,0.0047982037,0.0045602787,0.0075879805,0.007650897,0.0057463795,0.0050647585,0.004481559,0.005128179,0.004849911,0.0061660367,0.0052185687,0.00652431,0.0063177818,0.011028591,0.007940871,0.008775392,0.0058852267,0.0054675704,0.00888825,0.012282337,0.017868232,0.0073912153,0.0035910592,0.0048423456,0.007886954,0.008305482,0.0076311487,0.005854974,0.00725164,0.009209975,0.0071072523,0.007245498,0.0062937983,0.0061933068,0.0076563116,0.010155497,0.008991822,0.022001134,0.029913057,0.60408866,0.012307067,0.023147712,0.008652251,0.5487301,0.02442881,0.02142672,0.0059792106,0.007106616,0.008120429,0.0072066793,0.0060845544,0.004867745,0.003414197,0.0057251197,0.0131355245,0.032255154,0.040008396,0.0069758384,0.004017102,0.0042863213,0.64705604,0.015124356,0.014127361,0.0039970665,0.008357257,0.008760009,0.009346834,0.009029862,0.0089339595,0.008824712,0.007862403,0.00836783,0.0055169733,0.0053542964,0.003992898,0.0060711806,0.004862537,0.005407916,0.0049540373,0.011066632,0.007754609,0.005991389,0.004844159,0.005013254,0.005596083,0.0060544997,0.0055070384,0.005775691,0.0068273195,0.0076034297,0.0088217305,0.006779524,0.008194988,0.007290385,0.009220014,0.009705722,0.010155066,0.0070497454,0.0039559896,0.003829519,0.0037875115,0.010703351,0.013616806,0.0075496556,0.0072920597,0.0060009784,0.0073973467,0.009014246,0.008592587,0.009190897,0.007817227,0.007907849,0.007373203,0.0074032,0.005811187,0.005506228,0.0047133467,0.005079731,0.00555752,0.0075952015,0.0089864135,0.0102570215,0.009811048,0.009786131,0.007822485,0.008074042,0.0072141103,0.0070784125,0.006020776,0.0063225823,0.0066409553,0.00809409,0.007594235,0.0070295106,0.004852628,0.0051912963,0.004983019,0.0063011544,0.006651376,0.008201796,0.0073609743,0.007579389,0.006292662,0.005898051,0.006125643,0.0070489077,0.0073869484,0.0072568497,0.00712442,0.007572495,0.007196298,0.0073670736,0.0072970106,0.0072441706,0.0072034905,0.0071715903,0.0071461885,0.007125725,0.0071091163,0.0070956256,0.007084679,0.007075869,0.0070688506,0.007063324,0.007059028,0.0070557464,0.0070532644,0.007051422,0.0070500625,0.0070490884,0.007048391,0.0070479005,0.00704756,0.0070473296,0.007047176,0.0070470725,0.0070470055,0.0070469687,0.0074080825,0.005484255,0.0047995974,0.01353507
0.013072902,0.0030910831,0.0058032144,0.007910445,0.008149662,0.009067505,0.00812384,0.0075268424,0.007149065,0.007023874,0.006966807,0.0069635483,0.0069988626,0.0068364306,0.006203717,0.0056649884,0.0052225557,0.00502647,0.0047938204,0.0048266677,0.006824068,0.0063368855,0.0062178085,0.005970018,0.0072785825,0.0077550705,0.006918952,0.005640614,0.0057741716,0.0056582526,0.0055930535,0.0049503855,0.0037825762,0.005120966,0.0056044534,0.00728128,0.0072654774,0.00801382,0.0074710986,0.007833762,0.00795438,0.009077086,0.008374483,0.0060234675,0.005752564,0.0048584063,0.005798311,0.0059074946,0.0063204654,0.004940626,0.0055448953,0.0058553126,0.0065009333,0.0065552318,0.0067383256,0.007390964,0.0057238145,0.0074224826,0.009097598,0.010087791,0.008055618,0.007598502,0.0050391345,0.00536725,0.0051580225,0.0059122485,0.006922206,0.008737575,0.009008139,0.005272466,0.007530565,0.011080256,0.21343315,0.014709784,0.008482568,0.0034962143,0.007173845,0.00725035,0.0056399563,0.0055394657,0.004797801,0.0059731174,0.0053331563,0.0063706506,0.005143963,0.005554095,0.0051936703,0.009530611,0.005938825,0.0053870347,0.003655728,0.0062814048,0.009809956,0.019454792,0.012305873,0.004882789,0.0042550275,0.007039209,0.008330195,0.0092316475,0.008689062,0.0063746907,0.0041348557,0.00385909,0.0045350078,0.006151904,0.006694411,0.0046269963,0.005247556,0.006053338,0.011700291,0.010024169,0.010134281,0.011879315,0.007198891,0.0069558728,0.007208597,0.015209475,0.014225233,0.012600067,0.0149921905,0.007792096,0.005776504,0.0043351497,0.005928472,0.004311281,0.0029222714,0.0023840645,0.005703838,0.018392205,0.43335456,0.020802086,0.019015262,0.0067702513,0.014115525,0.006391197,0.003830143,0.0047959085,0.008949789,0.0090442095,0.008835504,0.008546117,0.008646335,0.009516806,0.007668984,0.008449058,0.009820092,0.012495511,0.008788458,0.008399837,0.0043866453,0.0052723135,0.004592571,0.007774825,0.0061495374,0.0061759157,0.005207641,0.00511063,0.005832861,0.0050526913,0.005589912,0.0067936988,0.0088146115,0.0076331636,0.007107555,0.0062940675,0.0074055125,0.0073374165,0.008135964,0.0075747566,0.0061183604,0.0056182276,0.008906803,0.0069673974,0.0070824656,0.0069923406,0.006260296,0.0069479393,0.007830757,0.008738228,0.008466128,0.009913421,0.008543442,0.0098087145,0.008790876,0.0096323835,0.009519689,0.008547349,0.007056271,0.006498667,0.005311243,0.0057687736,0.006829723,0.0091005815,0.008688109,0.009050828,0.0082735615,0.007868491,0.006556772,0.007185497,0.006960614,0.007910382,0.006820301,0.00627041,0.007001146,0.008255228,0.008436188,0.0077952715,0.005569764,0.0056805685,0.0056444583,0.005568541,0.006066049,0.007288626,0.008375628,0.009358803,0.006976849,0.007845753,0.008012888,0.008965968,0.008227039,0.007987005,0.007404822,0.0075418,0.0071511907,0.0073443353,0.0072806976,0.0072321063,0.007194326,0.0071644746,0.0071405815,0.0071212705,0.007105576,0.007092814,0.0070824684,0.0070741507,0.007067525,0.007062321,0.007058279,0.0070551885,0.007052864,0.0070511345,0.007049866,0.007048944,0.0070482977,0.0070478367,0.0070475196,0.0070472993,0.007047159,0.0070470623,0.007047002,0.007046966,0.0074080825,0.005484255,0.0047995974,0.01353507
0.011596914,0.0026507995,0.0056209103,0.0077600083,0.008501064,0.008036122,0.0074556908,0.007178921,0.0070195687,0.007002857,0.006844147,0.006790842,0.0067604724,0.0064696595,0.005841893,0.005809713,0.0059975316,0.006172542,0.005911108,0.0054022763,0.0055670706,0.0057816687,0.006719033,0.006706763,0.0071943803,0.008085982,0.007236161,0.0061545465,0.005529265,0.0060663247,0.0059454273,0.006092709,0.005845819,0.0074254796,0.007153303,0.008184088,0.006896888,0.007895887,0.007460717,0.008055046,0.008263458,0.0075201024,0.007629112,0.005468121,0.0050530415,0.0049175895,0.005930684,0.007781456,0.00798237,0.0067724413,0.0064940723,0.0063000345,0.0067492076,0.0065182396,0.006377401,0.006070584,0.004427962,0.0069592306,0.009584859,0.01772504,0.008962275,0.006812853,0.0049717375,0.006674215,0.00603603,0.00704742,0.00732671,0.008649552,0.008429992,0.005191131,0.0061707664,0.008068828,0.022620933,0.0077891434,0.003860218,0.002677701,0.007819073,0.007440371,0.006794879,0.0059793377,0.005254261,0.0056838775,0.005373608,0.0061842944,0.0055127004,0.0048590587,0.0038575984,0.00350132,0.0039569368,0.004865392,0.004162851,0.011612305,0.012513759,0.59618986,0.013157312,0.012725619,0.0039835675,0.0062618414,0.008232585,0.007564576,0.006792801,0.00653125,0.0069136205,0.006984389,0.0066655492,0.0059934882,0.0066160476,0.0068573547,0.0150300795,0.018912261,0.3959961,0.01809807,0.009682924,0.004734989,0.0058685928,0.0070813517,0.006130804,0.0086103035,0.015057246,0.018633194,0.59795874,0.017838009,0.016598307,0.0062024323,0.011005903,0.0069336095,0.005746886,0.0046579256,0.007901642,0.005732157,0.024065897,0.012876778,0.5132667,0.0336087,0.024237776,0.005495234,0.0056373733,0.007947162,0.009995997,0.009394889,0.008529187,0.008081539,0.0073103034,0.008273792,0.006542252,0.009981487,0.0110251075,0.021945884,0.01052991,0.007650271,0.00488023,0.007380972,0.005608039,0.006813089,0.005133346,0.0065868385,0.005632981,0.005782214,0.0048243366,0.005110989,0.0058299196,0.007614134,0.008210435,0.007942396,0.007695956,0.0074566826,0.008529358,0.00796198,0.007636809,0.006918952,0.004429869,0.00783867,0.008182011,0.014233929,0.006125994,0.0044031614,0.005638475,0.007942095,0.008744781,0.008455535,0.008174093,0.008826005,0.007965224,0.0087543875,0.008678074,0.009647934,0.008885756,0.0082127955,0.0070340647,0.0070411656,0.00652979,0.00681034,0.007510567,0.00785013,0.008730441,0.006928634,0.0062445514,0.0065880176,0.0059871227,0.0076565472,0.008044721,0.00928757,0.008461187,0.008841193,0.0080759255,0.00680729,0.005957128,0.0036185463,0.0031321505,0.0025445714,0.0034757904,0.0038631267,0.0046063485,0.0055888915,0.006584146,0.0075770617,0.0066149323,0.008528176,0.007872843,0.00767078,0.007244078,0.008135933,0.0077259806,0.0077065574,0.0073190047,0.007321219,0.007263775,0.0072193886,0.007184558,0.00715684,0.0071345493,0.0071164807,0.0071017663,0.0070897993,0.007080101,0.0070723086,0.0070661167,0.00706125,0.007057484,0.0070546106,0.00705244,0.007050831,0.0070496523,0.007048798,0.0070481934,0.007047767,0.007047473,0.0070472728,0.0070471354,0.0070470492,0.007046995,0.007046962,0.0074080788,0.005484255,0.0047995993,0.013535078
0.010745437,0.0025427495,0.006007119,0.008863066,0.007804604,0.0074813,0.0068139373,0.006720204,0.0066513726,0.006781946,0.006837276,0.0069469297,0.0069559286,0.006464209,0.005899614,0.0056599993,0.0059913294,0.0068866694,0.0061182478,0.0055177533,0.0058651967,0.0060937395,0.0064266254,0.006617446,0.00738533,0.007833099,0.0073879417,0.005546273,0.0044459305,0.006726124,0.007929223,0.008493178,0.0070638023,0.00687037,0.0067660585,0.0082582,0.0076947073,0.0074478933,0.007414505,0.007506995,0.0068489364,0.0066174925,0.0065185362,0.006293068,0.006234738,0.006298715,0.00848733,0.008998354,0.009990477,0.009062241,0.008358916,0.009807205,0.008196999,0.0076416424,0.007296935,0.006359667,0.004015181,0.009793434,0.013885224,0.5873613,0.01911487,0.015839323,0.0043979287,0.007634616,0.007300324,0.0074659274,0.007949444,0.0074234554,0.007437276,0.0042451555,0.009228752,0.011583989,0.55475473,0.0117391,0.006347237,0.0021288819,0.0065967147,0.0076533454,0.0076923086,0.0076625887,0.0067488817,0.006591245,0.005483964,0.005554646,0.0053534,0.0046146726,0.0042739287,0.0048095156,0.0057271426,0.0057781558,0.005245777,0.0063021244,0.009021925,0.01852657,0.015737819,0.007248963,0.004771752,0.0061014066,0.0060187876,0.005178396,0.004626746,0.0067161275,0.008130578,0.00812139,0.0074874344,0.006074438,0.007190836,0.009047638,0.019177571,0.021527568,0.047140837,0.015286359,0.0048108026,0.0021983478,0.0036604167,0.0069800215,0.011196503,0.009190328,0.0074915076,0.009373603,0.017315894,0.008216082,0.0046548187,0.0031691454,0.0058851484,0.0054822424,0.0059119603,0.0054474585,0.008136941,0.0059235278,0.011327465,0.01919427,0.040530123,0.41644704,0.011537679,0.010251326,0.0039158817,0.007838032,0.008545006,0.008369967,0.008350498,0.007901645,0.008211619,0.008387466,0.0053895754,0.0140657965,0.017190423,0.5576639,0.023396427,0.015240354,0.0031728682,0.00539611,0.004294679,0.009718617,0.0052894712,0.006542431,0.0048295544,0.0046371203,0.004227077,0.004590991,0.0048143743,0.0065853246,0.0073992657,0.007400961,0.007116458,0.007952039,0.00845058,0.008361118,0.00869888,0.007690813,0.0051190373,0.010986201,0.011500986,0.6636708,0.015512419,0.01512292,0.004869122,0.007869045,0.009153023,0.008532794,0.008276082,0.008078611,0.007273825,0.007837135,0.007662683,0.008304642,0.008637565,0.008428597,0.007927742,0.007290592,0.0071920143,0.00734832,0.006946019,0.007316466,0.0072972486,0.006874529,0.0060200337,0.004982305,0.0055795843,0.0055073984,0.008134399,0.008925178,0.00951296,0.008761388,0.00859989,0.0053206882,0.00428246,0.0052136,0.006017016,0.0060492274,0.009127199,0.0075288303,0.0069254,0.005722452,0.0042411704,0.0060054767,0.007992311,0.00999923,0.008628194,0.007646109,0.0068795346,0.007177507,0.0073913652,0.0074032904,0.0072940853,0.0072981752,0.007246613,0.0072063245,0.007174426,0.0071488786,0.0071282354,0.007111459,0.007097779,0.007086645,0.0070776283,0.007070397,0.007064655,0.007060151,0.0070566614,0.007054006,0.0070520025,0.007050517,0.0070494316,0.007048648,0.0070480905,0.0070477,0.0070474297,0.0070472425,0.007047119,0.0070470423,0.0070469887,0.007046955,0.0074080755,0.005484253,0.0047995974,0.013535078
0.010871811,0.0025231878,0.0065445458,0.008246098,0.007876729,0.0075573307,0.0065667224,0.006491916,0.006589641,0.0065781167,0.0066896626,0.00699758,0.006932602,0.0064245407,0.0056821154,0.005536225,0.007321209,0.006219403,0.0061495407,0.006035427,0.007023189,0.0066258484,0.006661203,0.006238252,0.0068197125,0.0067324275,0.0073652323,0.007853923,0.0055049933,0.00712502,0.007012443,0.0074663656,0.0065133967,0.0071945777,0.0076413713,0.009540582,0.009201533,0.008997028,0.008664968,0.007521128,0.0067135543,0.0065186536,0.006572993,0.0063868016,0.007021091,0.007284835,0.008392596,0.008805567,0.010772218,0.009129368,0.00936437,0.008120049,0.0080889575,0.008526769,0.0073355483,0.0068097627,0.0053078956,0.0064043975,0.006864503,0.012459276,0.0074270642,0.0061281747,0.005040555,0.0070944936,0.0068681575,0.0069263177,0.007613727,0.007343077,0.007845757,0.006096658,0.0067092893,0.007415979,0.022399155,0.013804314,0.0064224284,0.00369796,0.0048844204,0.006446609,0.0071663605,0.0079406565,0.007596316,0.006887958,0.0055957753,0.005484149,0.0055151028,0.0055467207,0.005274497,0.00515397,0.0060442328,0.0055529494,0.006266632,0.0049794503,0.00958515,0.018944388,0.3483337,0.02006011,0.011625244,0.005608122,0.009186448,0.009777212,0.0075076316,0.008683411,0.0060658734,0.008098034,0.007198111,0.0043145893,0.0077770185,0.017508073,0.37871006,0.36065352,0.42345595,0.04677025,0.008001847,0.0023132248,0.0039432994,0.0061956816,0.00666638,0.006726898,0.0064506354,0.005097504,0.007673655,0.0044983374,0.0060592387,0.004308459,0.008309144,0.007086722,0.0073898304,0.0065516275,0.0075469767,0.0043748925,0.007831083,0.011507699,0.43770424,0.039583024,0.017664336,0.004618253,0.0054332013,0.008827453,0.010464078,0.009727847,0.009385779,0.008099631,0.008326418,0.0072995294,0.005854649,0.007225817,0.0077080447,0.016788786,0.011832005,0.008663519,0.005493238,0.007294555,0.0048217596,0.005202273,0.0035762545,0.004986666,0.009106096,0.005197964,0.0042212103,0.0041530556,0.004762549,0.0056487396,0.0064859707,0.0077959946,0.007943207,0.007678712,0.0075646653,0.0073176604,0.007402134,0.007868971,0.007942246,0.0092944745,0.008784119,0.011866056,0.006402592,0.0045921765,0.004928447,0.008083696,0.008945586,0.0069695157,0.0067562405,0.007112722,0.008134771,0.008259203,0.007995381,0.0072451513,0.0075946804,0.0076092063,0.007515531,0.0069312365,0.0060707163,0.0065703597,0.006065126,0.006593797,0.007472828,0.00671407,0.0058812443,0.0048884805,0.0052244137,0.005160326,0.0053843944,0.0063486183,0.006485574,0.00665067,0.007967884,0.0031369284,0.0031670476,0.0046011475,0.011644387,0.010936807,0.019312361,0.013772521,0.00807174,0.004214105,0.0023587416,0.00973007,0.008584686,0.008996501,0.008769546,0.0077487803,0.007740323,0.007950884,0.007791768,0.0074978843,0.0073616253,0.0072755404,0.0072295186,0.007193161,0.0071641416,0.0071407505,0.007121776,0.0071063205,0.007093698,0.0070834206,0.0070751086,0.007068446,0.0070631634,0.0070590246,0.0070558265,0.0070533883,0.0070515554,0.007050196,0.007049205,0.007048491,0.007047984,0.007047623,0.0070473826,0.0070472127,0.007047099,0.0070470255,0.0070469826,0.007046955,0.007408069,0.0054842504,0.0047995993,0.01353507
0.010248293,0.0024525928,0.005672581,0.0070040873,0.0065515963,0.00623374,0.00674095,0.0067117745,0.006389647,0.0064665554,0.0069843954,0.007413751,0.007250394,0.0064443033,0.005696925,0.0054759155,0.005592963,0.0058608996,0.0062924745,0.0065191477,0.007332428,0.0065953652,0.006639673,0.005839626,0.0057151723,0.005746938,0.006040976,0.008088981,0.006794567,0.0070846956,0.006191379,0.0059477277,0.0052304566,0.005649632,0.0065046423,0.0081176795,0.008545013,0.00852847,0.007750618,0.0082983095,0.008272177,0.008694522,0.0075666243,0.0065182555,0.007235685,0.00792811,0.00899858,0.008496085,0.009478888,0.00948587,0.009417868,0.009454987,0.008108949,0.0075697433,0.0064119785,0.0063681486,0.0056457887,0.005324068,0.0049620545,0.009004297,0.007949733,0.00848869,0.005821709,0.0066739717,0.0066306395,0.0066529578,0.007418904,0.00687268,0.007479349,0.00641903,0.005301975,0.007803733,0.028099135,0.035389084,0.007190251,0.0040082787,0.0030131452,0.0062665255,0.0056595756,0.007506551,0.0070119286,0.0063509285,0.0056783473,0.006026066,0.0060005235,0.005505965,0.005267167,0.004635826,0.004875554,0.0034809257,0.004103443,0.002800413,0.0056791664,0.0065887137,0.010308563,0.0071570766,0.004550881,0.0076041888,0.010028922,0.034473073,0.009382798,0.0069527547,0.004241289,0.008380382,0.01114506,0.009316969,0.009383415,0.011800491,0.041875876,0.31271955,0.28569862,0.5235602,0.019695241,0.010780427,0.002967134,0.0037638939,0.0063530873,0.0066875783,0.00450648,0.006269629,0.007390117,0.007754657,0.007093721,0.0044204867,0.007890808,0.008668013,0.009238999,0.0074160914,0.0070872456,0.004948883,0.004294869,0.0045516933,0.006709206,0.010163852,0.0063657565,0.0073572155,0.0075838775,0.007780695,0.0089274645,0.008538112,0.009537519,0.00797418,0.008003627,0.007620301,0.0068087243,0.0074533024,0.0067544747,0.011901411,0.009523286,0.008581595,0.005663199,0.0066590514,0.00628058,0.0068204105,0.005900982,0.004671027,0.004989056,0.00525383,0.004952277,0.004983095,0.004595711,0.005892926,0.0059738765,0.0063917474,0.005848164,0.0071466826,0.008295159,0.0071517527,0.00631178,0.0058241384,0.0063570156,0.008260887,0.0052889423,0.0109948935,0.006056118,0.006596699,0.006128331,0.007597081,0.007682167,0.0063168905,0.006951622,0.006894504,0.008488738,0.0074114525,0.007934713,0.007503788,0.008410102,0.008307529,0.0074471603,0.005922029,0.0059161703,0.0061108805,0.007129062,0.00759011,0.007643421,0.0068701417,0.006054706,0.006156153,0.0058449158,0.005618814,0.005593868,0.005966081,0.0073238085,0.007608925,0.0062588574,0.002383451,0.00655881,0.014732059,0.5442431,0.09846905,0.05167395,0.4460508,0.015844855,0.0060478915,0.0016632567,0.006230742,0.008667033,0.009724626,0.00875976,0.007983534,0.007759284,0.007544116,0.00745131,0.00735143,0.00730635,0.0072536175,0.0072127543,0.0071801273,0.007153889,0.0071326103,0.007115292,0.0071011474,0.007089588,0.007080185,0.0070725763,0.007066488,0.0070616687,0.007057901,0.007054991,0.00705278,0.0070511177,0.007049886,0.0070489882,0.0070483405,0.0070478804,0.0070475563,0.0070473393,0.0070471857,0.0070470823,0.0070470157,0.007046972,0.0070469454,0.0074080713,0.0054842504,0.0047995993,0.01353507
0.010261219,0.0022278014,0.005322051,0.00727019,0.006743706,0.0066173514,0.0063617346,0.006542825,0.006498661,0.00652807,0.0072792713,0.007094994,0.0071899407,0.0064205728,0.0063693407,0.0062483605,0.0064994395,0.0064790887,0.006862017,0.007310525,0.007541139,0.006836781,0.0061888853,0.005887886,0.0060225595,0.0053507243,0.005799009,0.008495564,0.0079800105,0.007064591,0.0049945037,0.005566954,0.0060685105,0.0071327793,0.008080606,0.008979121,0.00892022,0.008894764,0.007902411,0.0073588984,0.008209153,0.008089868,0.0078830365,0.005971685,0.006920132,0.006795462,0.008404211,0.007243307,0.0073243347,0.007636032,0.009086261,0.009118025,0.007767957,0.0068843574,0.006124055,0.006510309,0.0065397797,0.0053092404,0.00476973,0.0046871826,0.0051988713,0.006033382,0.006609435,0.0069457716,0.007172361,0.008018416,0.008112886,0.008181705,0.008583996,0.0077119996,0.003711089,0.008671931,0.010948785,0.61120296,0.009476318,0.0075032306,0.0027891994,0.011797011,0.010458145,0.009195088,0.0062732724,0.0068347314,0.0064255996,0.006535632,0.005990089,0.004070905,0.0036618276,0.0023020608,0.0035729087,0.0056359675,0.013667812,0.01179137,0.007687251,0.005605442,0.008996169,0.0066086934,0.0035549018,0.0074370196,0.012265618,0.5812331,0.01992687,0.015442702,0.0035662742,0.009506533,0.0120110335,0.016312797,0.017366158,0.017669095,0.24802586,0.05158668,0.037567675,0.026507717,0.03689694,0.01817928,0.007892358,0.007147992,0.0056532673,0.0037529864,0.007534145,0.015184227,0.020075897,0.007766626,0.0028424351,0.0011935845,0.0048881187,0.0076196846,0.010178618,0.0071506593,0.005811493,0.004598124,0.006614403,0.008683432,0.011257658,0.006759877,0.0046977587,0.0048993207,0.007937565,0.008265405,0.009689167,0.008678443,0.009036662,0.0072908336,0.0077294167,0.006627327,0.0066090347,0.006370633,0.0059750997,0.0056750267,0.0059775077,0.0063449643,0.0070551345,0.00664639,0.0063904095,0.0056057475,0.0068499553,0.0053839497,0.0059242584,0.0063055744,0.0075418926,0.006780051,0.006691707,0.006730923,0.006970235,0.0066327,0.0066442657,0.007273498,0.0074132383,0.006821335,0.005653265,0.006347845,0.0064916173,0.00846793,0.0073538865,0.0071022534,0.00598943,0.0065232622,0.0061861733,0.00666487,0.0072371303,0.006989404,0.007828897,0.007697395,0.0089014,0.0077801426,0.0081653455,0.0075823846,0.008091525,0.007828563,0.0067103407,0.006076477,0.005405841,0.0062502148,0.006745178,0.007458232,0.0064300485,0.0066506416,0.006054293,0.006276136,0.005487028,0.0056510675,0.0054150037,0.0054998356,0.0062842416,0.0068990374,0.0043247477,0.0030481103,0.0059337155,0.03707244,0.4845625,0.1160227,0.047613714,0.381706,0.015207476,0.007469487,0.0023726623,0.0056697335,0.0077993697,0.008335195,0.007999327,0.0074182227,0.0075927693,0.0075528724,0.0074771834,0.00737358,0.0072860313,0.007232644,0.0071965437,0.007167422,0.0071438234,0.0071245986,0.007108888,0.0070960457,0.0070855375,0.0070769885,0.007070089,0.007064571,0.0070602014,0.0070567955,0.007054176,0.007052183,0.0070506874,0.007049582,0.0070487745,0.0070481934,0.00704778,0.0070474935,0.0070472895,0.007047156,0.007047069,0.0070470055,0.007046966,0.007046942,0.007408069,0.0054842504,0.0047995993,0.013535078
0.010091367,0.002135889,0.006922826,0.0064092698,0.0065066796,0.00827461,0.007021949,0.0065431665,0.0061737415,0.0064234473,0.008464764,0.007384536,0.007118887,0.006731117,0.007267551,0.007303103,0.0071395296,0.0073080063,0.007505997,0.0077591003,0.007536577,0.006859203,0.006694468,0.0068045086,0.007591389,0.007369417,0.0073705306,0.0091566695,0.008777635,0.008249347,0.005813113,0.0062143034,0.0067971675,0.0077869925,0.008136649,0.008138112,0.008880835,0.009051893,0.007589819,0.006877261,0.0077926205,0.009514915,0.008201982,0.006560814,0.006011033,0.007045111,0.0075389273,0.0074567036,0.0076379115,0.006911355,0.007364933,0.007850647,0.007980943,0.007098441,0.007194942,0.0065115825,0.0065933466,0.0053305365,0.00521427,0.005204312,0.00569538,0.006360785,0.0068804114,0.0070116394,0.007408552,0.0076335575,0.007770736,0.00894932,0.008958683,0.009642614,0.005480855,0.00689155,0.0055305837,0.014547408,0.007887856,0.0074867182,0.0076099485,0.023330301,0.008676962,0.006775268,0.004784897,0.007423635,0.007223802,0.0056346264,0.005795857,0.0065318155,0.0077957795,0.0044140425,0.005735085,0.0046559256,0.0129598295,0.0062447735,0.0047085914,0.003948397,0.0053350567,0.0042665466,0.004227641,0.006774206,0.006941764,0.0142634325,0.006804727,0.0060696094,0.0034217462,0.016149962,0.016148144,0.5178,0.02074908,0.045693945,0.012013681,0.6084083,0.03931575,0.06798757,0.4974619,0.0684659,0.028175615,0.0071072793,0.0033693942,0.0038022937,0.011466472,0.044277165,0.52407265,0.025992561,0.010346373,0.0036029902,0.010133994,0.006325603,0.005187564,0.005536887,0.004343046,0.0064210836,0.007824654,0.01874621,0.005267989,0.0039981147,0.003047057,0.0066098585,0.009098036,0.009358914,0.009991467,0.00851664,0.008617495,0.006365283,0.006059652,0.0050890343,0.0061433422,0.005429858,0.006834071,0.006263331,0.0066590738,0.0058017015,0.0050322707,0.0036631862,0.003863217,0.0037950268,0.006556421,0.006205487,0.0062401854,0.006748965,0.008066432,0.00790301,0.0070244526,0.0058172457,0.005515927,0.00502975,0.005841198,0.006552143,0.00812452,0.008731849,0.007431506,0.005996216,0.00534732,0.0060762353,0.008406365,0.009104784,0.008995034,0.008183067,0.007901885,0.0060898913,0.008352385,0.00791636,0.008742777,0.008229094,0.008648449,0.0074750707,0.008464515,0.007615961,0.007778232,0.0073860497,0.0076059517,0.0068164393,0.0069406824,0.0069213244,0.006159825,0.0067615933,0.0055903783,0.0063758413,0.005076235,0.0058302763,0.005251752,0.0065052835,0.0069253114,0.006979932,0.0076572206,0.0068186997,0.002798709,0.0052605327,0.009055088,0.52297366,0.43311492,0.039292622,0.018575164,0.008817566,0.010058772,0.0049907183,0.003617467,0.0053624976,0.0073290756,0.008484244,0.007894005,0.007344154,0.0075040264,0.0074257753,0.0073572956,0.00729955,0.007251856,0.0072128293,0.0071810624,0.0071552005,0.007134096,0.007116821,0.0071026706,0.007091075,0.0070815906,0.0070738797,0.007067669,0.0070627052,0.007058784,0.0070557296,0.0070533813,0.0070516015,0.0070502697,0.0070492853,0.0070485673,0.0070480504,0.0070476835,0.0070474227,0.007047246,0.0070471293,0.0070470492,0.007046995,0.007046962,0.0070469384,0.007408069,0.0054842504,0.0047995993,0.01353507
0.008738851,0.0020080532,0.0050511644,0.008861734,0.0075487737,0.0067267953,0.0065190517,0.0071758046,0.007025195,0.0072176903,0.007071827,0.0068590306,0.007125152,0.007081667,0.0076978356,0.00795263,0.0075803543,0.0071927356,0.0072836317,0.007685832,0.008262176,0.008199892,0.007851014,0.008121712,0.00981382,0.0094794165,0.008756887,0.009878647,0.008897858,0.006703022,0.0058786715,0.005789865,0.0076526604,0.008988389,0.009877677,0.009135818,0.009401796,0.00964874,0.008449153,0.007586577,0.0073734825,0.00838795,0.008094542,0.007662038,0.0069685425,0.007782332,0.007835526,0.0075204577,0.00694537,0.0067026694,0.007540158,0.007974611,0.00667597,0.0068269228,0.0067876843,0.0070230924,0.006295537,0.005990458,0.006065684,0.0054379646,0.005704679,0.006756554,0.0069081914,0.007867147,0.0069413558,0.00741567,0.0073260334,0.008542775,0.008092528,0.011160451,0.007401262,0.007579802,0.0049614776,0.016558237,0.011635056,0.028566636,0.016213082,0.48541477,0.013277742,0.013127595,0.0035411706,0.0073954635,0.007174891,0.0055921176,0.008645363,0.0094919205,0.017548958,0.0031028884,0.0057778736,0.0064733853,0.60674286,0.018681737,0.014357246,0.0040670615,0.0058527314,0.0048353723,0.0041051777,0.0071720895,0.0070845615,0.012998161,0.007583734,0.008723622,0.005423208,0.009555034,0.00937688,0.017434437,0.0068054106,0.006626775,0.009287197,0.018716568,0.029291155,0.030376067,0.36645916,0.39835912,0.42932743,0.021819992,0.006531383,0.0059360727,0.022535523,0.49420598,0.45554283,0.043823063,0.015351957,0.006640235,0.009682288,0.00820481,0.017885866,0.010188207,0.004822279,0.0067387125,0.014278276,0.570334,0.016927294,0.012384683,0.0037385307,0.0076359054,0.009161948,0.010421081,0.010383855,0.009461935,0.008360537,0.006363628,0.0063805953,0.005818051,0.0066378927,0.0061712405,0.0081269415,0.006185959,0.006205487,0.007537822,0.008132921,0.010337301,0.0077748513,0.007248273,0.006783928,0.004622435,0.0060194433,0.0067667346,0.0075375787,0.00723326,0.0061720214,0.005243861,0.0046875877,0.005791759,0.0057793176,0.008733099,0.007824313,0.0080060465,0.007874508,0.0061107716,0.0067209904,0.0073675266,0.01028784,0.009801636,0.011537315,0.0104255825,0.009769672,0.0081051765,0.007115362,0.007456736,0.009256204,0.00885396,0.008342257,0.007931947,0.008854119,0.007687786,0.0077109234,0.006778487,0.0068600406,0.006211312,0.006346122,0.0073239673,0.0076565873,0.0069257673,0.0056371596,0.0057057696,0.0056763473,0.0066791037,0.00634384,0.007268669,0.0076251314,0.007612884,0.008260191,0.00785632,0.0042003226,0.008012426,0.0135836,0.36640117,0.06115629,0.010918722,0.0032480392,0.0051491214,0.007569586,0.006674452,0.0051916856,0.0056828912,0.008529837,0.008599951,0.007718589,0.0073231324,0.007434785,0.007372941,0.0073170196,0.0072688377,0.0072281463,0.0071943155,0.0071664583,0.0071435906,0.007124815,0.0071093854,0.0070967036,0.007086313,0.0070778127,0.0070709093,0.0070653474,0.007060916,0.0070574307,0.0070547177,0.007052634,0.007051055,0.007049872,0.007049001,0.007048367,0.0070479168,0.0070475894,0.007047366,0.007047209,0.0070471023,0.0070470325,0.0070469854,0.007046955,0.0070469384,0.007408065,0.005484255,0.0047995993,0.013535083
0.008273593,0.0016923251,0.0053078,0.008091387,0.0069131195,0.007525998,0.0066735544,0.007144324,0.0073995497,0.007369703,0.0073530064,0.006724438,0.006591645,0.0066124788,0.007202491,0.007344551,0.0072824694,0.0064574634,0.0059488667,0.0054897354,0.005916496,0.006264988,0.007542146,0.009215746,0.010457321,0.010371064,0.009336024,0.006576955,0.0075057633,0.0064586108,0.009324704,0.006920948,0.0074307285,0.0070750923,0.007510062,0.008363933,0.009895802,0.009769173,0.00792156,0.007127355,0.0070592817,0.008875108,0.007641429,0.007995412,0.006913346,0.008091801,0.0086897435,0.0076478785,0.008693408,0.008433787,0.008648106,0.007399504,0.006416756,0.0065147947,0.006337471,0.006437953,0.0068326765,0.0068499907,0.007221399,0.0065543284,0.0061273323,0.007844038,0.007530804,0.007661153,0.0066625723,0.007112005,0.0076657697,0.008888519,0.008288525,0.0102500245,0.008557975,0.008746463,0.004158619,0.010809818,0.0119754085,0.5531578,0.027280442,0.052594345,0.012118337,0.008887373,0.005010686,0.0052224835,0.0052018487,0.0029591096,0.007518686,0.009130286,0.6141341,0.011100154,0.0114734685,0.0031910008,0.0155334575,0.009122085,0.0066627907,0.0053398614,0.0063390597,0.0047725784,0.005546868,0.0071678027,0.006312154,0.0063646836,0.0055298125,0.006764207,0.0056883204,0.0072214114,0.006739906,0.011975645,0.0047689807,0.010245618,0.017091468,0.06163636,0.029712621,0.011494022,0.010007446,0.019617094,0.01884319,0.010565792,0.0046789525,0.010309146,0.025018996,0.40575162,0.36218232,0.13133314,0.4532647,0.5481691,0.03760917,0.022434616,0.010594038,0.0069753365,0.0044464245,0.0035929608,0.008441711,0.016337967,0.009973743,0.0065487106,0.0054375627,0.0087736705,0.010280696,0.011034662,0.010539051,0.009259671,0.0076911547,0.0066689854,0.0061091147,0.0060281395,0.0066969134,0.0058025434,0.007890853,0.006006103,0.015308734,0.011163926,0.017151982,0.011621562,0.0128001375,0.0061490913,0.004352361,0.0037401149,0.0067668147,0.0069646696,0.0066297413,0.00710179,0.006006624,0.0057511353,0.0054193693,0.0059728716,0.006345701,0.0067658504,0.0064931894,0.0037303022,0.0024859253,0.0026933583,0.00460231,0.006628931,0.009582868,0.009788201,0.010201006,0.0097287465,0.011059726,0.010363417,0.010756685,0.009184711,0.00943933,0.008441798,0.009625517,0.010218817,0.016757425,0.00911893,0.009199037,0.0065129427,0.0074458173,0.006550811,0.0057201902,0.0050080335,0.004879609,0.004430506,0.0033820197,0.0044345753,0.0054380577,0.0062568765,0.0068408777,0.006280679,0.007706954,0.00836834,0.009663186,0.009401068,0.0054615065,0.012203338,0.01481033,0.47599164,0.04665923,0.010364566,0.0031585267,0.0040074317,0.0047275545,0.0051926607,0.0047031175,0.0073405053,0.0073482227,0.008271246,0.007426499,0.00732705,0.0073774164,0.007327348,0.0072816736,0.007241243,0.007206478,0.007177191,0.007152836,0.007132692,0.0071160668,0.007102354,0.007091061,0.007081805,0.0070742345,0.0070680976,0.0070631634,0.0070592384,0.0070561543,0.0070537627,0.0070519256,0.0070505366,0.0070494954,0.007048734,0.007048181,0.0070477864,0.0070475033,0.007047303,0.0070471726,0.007047076,0.0070470157,0.007046972,0.0070469524,0.0070469356,0.0074080615,0.005484253,0.0047995993,0.013535083
0.00795339,0.0017806904,0.006550327,0.010987792,0.0073024705,0.0065489714,0.007630733,0.008038649,0.00815824,0.0070327525,0.0065565766,0.006239041,0.006304329,0.0060147005,0.0066485316,0.0067369253,0.0064022224,0.0051349783,0.0046004094,0.0073662964,0.009361329,0.010822052,0.009332417,0.008621276,0.009297197,0.009313057,0.008439986,0.006312088,0.0063810577,0.006106932,0.0069060843,0.0064086434,0.0070378957,0.0074394876,0.0072196955,0.008177237,0.007978451,0.008227261,0.0076135146,0.0066494574,0.0069522276,0.007975754,0.007934199,0.008310507,0.008803417,0.009627276,0.010356533,0.008448063,0.008351907,0.008987077,0.007882586,0.0077126166,0.0066995304,0.0066953683,0.0062214695,0.006009258,0.006909356,0.00811796,0.008000965,0.0067408346,0.0064190603,0.00793891,0.0078451745,0.008325194,0.007151505,0.0074412622,0.0068527283,0.0073059546,0.007373769,0.010188145,0.009896007,0.008764805,0.0057291165,0.006315097,0.0067666452,0.008819505,0.010912122,0.021538856,0.021444919,0.009938994,0.004280866,0.0035330632,0.004993913,0.007098028,0.013060327,0.015579676,0.016793085,0.004128124,0.0035093634,0.003825014,0.013483496,0.009117617,0.008629406,0.0068417885,0.006322049,0.0058422843,0.005586515,0.0065138345,0.0074523394,0.007849581,0.0077259513,0.007669456,0.006603296,0.0066302,0.005608757,0.0053091473,0.0042945673,0.011394025,0.031255826,0.52564144,0.023162968,0.005900073,0.003158165,0.009633248,0.012538974,0.009112978,0.0076644565,0.008339433,0.011347043,0.021868207,0.023997474,0.014927615,0.018136812,0.011438131,0.026373146,0.015183578,0.5126032,0.015311128,0.009473539,0.0028244427,0.0075268676,0.015585104,0.010819383,0.008984143,0.0071778637,0.0099198315,0.010536098,0.010595784,0.009368388,0.007896268,0.006894188,0.006927427,0.0071554575,0.0075636236,0.007460629,0.0057637077,0.005496631,0.0027365256,0.010516227,0.010191867,0.5781963,0.040328484,0.600844,0.013662181,0.008527132,0.002034814,0.0059017264,0.0062174993,0.007892346,0.006478827,0.006959606,0.0064493795,0.006792399,0.0050528473,0.0043262076,0.0056878217,0.008812234,0.00690459,0.005978137,0.006312833,0.01035887,0.008212625,0.00680302,0.008058369,0.010422961,0.010109409,0.011299015,0.010347178,0.00981736,0.00910817,0.008128672,0.009027562,0.009279076,0.008259403,0.007554112,0.0051001133,0.005789129,0.0051604356,0.006568831,0.0070879697,0.00760634,0.010317226,0.0062407744,0.0054809325,0.0041519003,0.00523996,0.0057819975,0.0068116724,0.0065897005,0.0058511975,0.006714802,0.0076887133,0.008006875,0.009581465,0.007871712,0.011785321,0.010785641,0.022919673,0.0071000583,0.0054361215,0.0036427455,0.0057646967,0.006080723,0.0059465854,0.0061906194,0.008387427,0.007928462,0.0077343816,0.0073855286,0.007324342,0.0073283156,0.0072883666,0.007250665,0.00721658,0.0071868403,0.0071615106,0.007140267,0.007122576,0.007107915,0.00709579,0.0070857927,0.0070775915,0.0070708925,0.0070654745,0.00706113,0.0070576775,0.0070549715,0.007052874,0.007051268,0.0070500565,0.007049155,0.0070484937,0.0070480104,0.0070476667,0.00704742,0.0070472495,0.0070471354,0.007047056,0.0070470055,0.007046966,0.0070469454,0.0070469356,0.007408058,0.0054842504,0.0047995974,0.013535083
0.008657505,0.0020445767,0.006564349,0.009277178,0.0069353236,0.006623332,0.006270431,0.007168658,0.0066163363,0.0066408957,0.0065829423,0.0063796644,0.0057539446,0.0055430396,0.0054909852,0.0055751624,0.0057053664,0.0047123916,0.006306943,0.011236495,0.017626049,0.013314263,0.008321325,0.006886324,0.008322127,0.008057729,0.0077996356,0.006637267,0.0063626994,0.0067241453,0.008168679,0.007942663,0.008064276,0.007710234,0.007786351,0.008885823,0.008634486,0.007958798,0.0064965123,0.0059760427,0.0072255773,0.008260262,0.0094902795,0.008533561,0.0075913393,0.007938959,0.008572985,0.00964603,0.008505755,0.008254651,0.007949624,0.00789462,0.0075893453,0.0075610154,0.0067213434,0.0071048634,0.008198225,0.008551018,0.008308346,0.006925852,0.007208877,0.007397627,0.008412174,0.00822091,0.008172157,0.008884295,0.0077503687,0.00803427,0.008402292,0.010736099,0.010062561,0.008467518,0.0060600056,0.0059700664,0.0058215465,0.0058615333,0.0121525675,0.01432766,0.58731145,0.016591614,0.012689074,0.0027147208,0.006107386,0.008590239,0.015005224,0.0072622383,0.0069663553,0.0037613378,0.006438209,0.005846517,0.0058790287,0.005473951,0.005301759,0.0054926286,0.0055795494,0.0063573234,0.0077385437,0.0063967193,0.006853131,0.0076851416,0.007863017,0.007789649,0.0060918517,0.005341054,0.00481594,0.003961117,0.012573571,0.023601102,0.49468482,0.5578409,0.023582598,0.006092204,0.0018277386,0.0054098372,0.006282631,0.007416569,0.008201987,0.009665354,0.008325914,0.011387308,0.0089509105,0.0067195417,0.010228563,0.011316917,0.010223211,0.009918258,0.010587079,0.007734755,0.0050536143,0.004161574,0.0061102267,0.005651091,0.004546224,0.0048358976,0.007172694,0.009238794,0.010397358,0.009185353,0.008240134,0.007206338,0.0064503173,0.0071327724,0.007020077,0.0069100135,0.006295898,0.00507889,0.005337253,0.0045626513,0.008512036,0.007105869,0.010527481,0.0058715474,0.019042876,0.0058059664,0.008107615,0.0031600685,0.008171929,0.0066823093,0.00843685,0.0061736093,0.007339296,0.005278326,0.00553284,0.005235791,0.0059198854,0.007942246,0.01003957,0.013839782,0.011871231,0.013582029,0.0074903867,0.0050376737,0.005438251,0.009015141,0.009472488,0.00840261,0.008861772,0.0098912995,0.010928083,0.011701124,0.010965393,0.008029309,0.009202759,0.012824485,0.017545834,0.0095864395,0.006747469,0.002859264,0.0038179364,0.004907969,0.0058777775,0.0066444767,0.006056483,0.0059375726,0.0053186286,0.0061059366,0.0073224385,0.0073244106,0.0064627486,0.006163244,0.005961444,0.0073621063,0.00786647,0.009159348,0.006761929,0.008093593,0.0064693284,0.012685722,0.009184169,0.008144314,0.007068255,0.006582995,0.006257232,0.005769066,0.006882715,0.008314099,0.007960817,0.0072727483,0.007353668,0.007302076,0.007287018,0.007254823,0.007223505,0.0071946634,0.007169187,0.007147281,0.007128776,0.0071132877,0.007100401,0.0070897257,0.0070809196,0.0070736986,0.007067813,0.0070630563,0.0070592514,0.0070562377,0.0070538823,0.0070520593,0.007050664,0.0070496188,0.007048844,0.00704827,0.007047857,0.00704756,0.0070473463,0.0070472024,0.0070471023,0.0070470357,0.0070469924,0.007046962,0.0070469384,0.007046926,0.007408058,0.0054842476,0.0047995974,0.013535083
0.0094026,0.0030484246,0.007619656,0.009438965,0.007479098,0.007640467,0.006998452,0.0061693895,0.005952646,0.005859614,0.006208625,0.00610877,0.0060125226,0.005523316,0.005646137,0.0057398146,0.0058991695,0.005080372,0.008315916,0.025380386,0.25149122,0.02885944,0.012819017,0.006312907,0.0071724528,0.007580756,0.0077225408,0.007744312,0.0075329896,0.009106277,0.010167124,0.009032747,0.008130459,0.008225433,0.008120763,0.008828341,0.009025916,0.0074819685,0.006617941,0.006404267,0.008033138,0.009573341,0.010178969,0.00805675,0.0063406667,0.0064856294,0.006525361,0.006927867,0.0072792196,0.00833222,0.008149894,0.008533609,0.008099769,0.0077921515,0.0070094685,0.008035225,0.009345929,0.008357905,0.0074978773,0.00599031,0.0061670216,0.0068815514,0.0083452435,0.009027592,0.009379826,0.008663352,0.0076967794,0.0080798995,0.0089782765,0.00995513,0.010028296,0.008230635,0.007867266,0.008247358,0.0067420546,0.004477912,0.004518265,0.005226027,0.010796498,0.00718315,0.00562343,0.002901647,0.013160829,0.016202947,0.6108095,0.011952473,0.0061588297,0.0020430787,0.005037351,0.006794706,0.0065692454,0.007348292,0.0064041154,0.0051537473,0.005356128,0.0069457022,0.007953043,0.0063108644,0.00581402,0.006137804,0.005617266,0.0045064823,0.0032834169,0.0043318477,0.005628891,0.0059829666,0.007618581,0.0072881705,0.011020538,0.018156873,0.007955053,0.004964461,0.0049421485,0.008119327,0.0075710937,0.00747708,0.00870665,0.007406406,0.0052924454,0.0046817693,0.0046886425,0.005857878,0.0064605875,0.0052015996,0.0046102987,0.005433317,0.011649091,0.009302214,0.0081856605,0.005086326,0.0072804396,0.012391899,0.013054611,0.010035215,0.009284464,0.0066154026,0.009129316,0.008128291,0.007129481,0.0060573095,0.005389941,0.006005844,0.0065291463,0.0064350837,0.0061573354,0.0057752724,0.006381263,0.006646403,0.008351912,0.0073238253,0.009522769,0.005953783,0.0109811565,0.00529528,0.0063550854,0.0044511026,0.009728016,0.0067495503,0.0050985264,0.0035983985,0.004350632,0.004034671,0.005044318,0.004534381,0.0037329241,0.006903649,0.014316203,0.52838594,0.50082475,0.5734545,0.031195378,0.015508095,0.004666799,0.008935631,0.009419608,0.008923083,0.008678935,0.00857755,0.009185583,0.009819762,0.01020997,0.007894322,0.010675154,0.013569596,0.01966106,0.00848029,0.0075434847,0.0064040064,0.009116376,0.008064841,0.0055988356,0.006165809,0.006817588,0.007263242,0.007358072,0.009407349,0.009558962,0.008700533,0.0054790745,0.0043682866,0.004975535,0.0071945675,0.008512985,0.005959495,0.0031692793,0.002751258,0.0039133215,0.00656387,0.006960255,0.005778926,0.005653075,0.0057664355,0.005833182,0.0052633435,0.0074687973,0.007747021,0.0074969227,0.007105146,0.0073175533,0.0072764466,0.0072520003,0.007225943,0.0071998048,0.007175316,0.0071534426,0.007134482,0.007118378,0.0071048397,0.0070935464,0.0070841885,0.007076465,0.0070701423,0.007064999,0.0070608533,0.007057544,0.007054931,0.007052891,0.007051318,0.0070501193,0.0070492215,0.0070485575,0.007048067,0.0070477133,0.00704746,0.0070472863,0.007047159,0.0070470725,0.0070470157,0.0070469757,0.0070469524,0.0070469356,0.007046922,0.007408058,0.0054842504,0.0047995974,0.013535078
0.009550176,0.0031652777,0.007912384,0.008578982,0.007943855,0.0078023337,0.0077877846,0.0068732104,0.006427024,0.0058504343,0.006558512,0.006390873,0.0064871963,0.0067393472,0.0064961184,0.0061000595,0.006245359,0.0060012685,0.006975515,0.012221314,0.019494569,0.014524702,0.010432968,0.006749655,0.007648642,0.008141476,0.008107906,0.00793409,0.0068953503,0.0078034415,0.008387272,0.008570684,0.008385875,0.007905425,0.008295869,0.008308051,0.0068598627,0.006553347,0.0067488113,0.0068117143,0.00869756,0.008994652,0.008611732,0.0069382046,0.0053407047,0.005156939,0.00438867,0.005033531,0.0061482755,0.0067342995,0.007235665,0.008278058,0.008020161,0.00829272,0.007776304,0.0076178103,0.007823854,0.0075559784,0.0070443796,0.006119642,0.0063836463,0.006887834,0.008086781,0.008513033,0.008117972,0.0076611754,0.0076178354,0.0077345828,0.008226615,0.008574189,0.007647452,0.0069435122,0.006915945,0.008265557,0.008422935,0.0064503937,0.0060504577,0.0060807257,0.010728334,0.007836542,0.008812454,0.0058968686,0.008015799,0.00687078,0.009542466,0.004750328,0.0032103609,0.004724991,0.006488405,0.006197585,0.005765334,0.006843729,0.006146688,0.006095008,0.0061308383,0.0087794075,0.0058125476,0.004934292,0.0026960124,0.0040092953,0.008546896,0.013910129,0.011460804,0.009138055,0.006574313,0.003755291,0.0062448233,0.006100247,0.008994371,0.010180684,0.007353282,0.0070510106,0.005724756,0.0058256793,0.0064798407,0.0064604743,0.0063672317,0.005904866,0.0059013874,0.006416537,0.006839695,0.005487099,0.0058016465,0.007814133,0.008927933,0.0076238904,0.0071914215,0.005299529,0.005896195,0.0054873354,0.008947409,0.011532567,0.021165144,0.007473175,0.0062449006,0.0042874548,0.006101025,0.0037964769,0.003011118,0.0035207912,0.004934374,0.0064799385,0.007274562,0.0068819006,0.00705994,0.007443464,0.00952635,0.010290861,0.010231914,0.007390841,0.006045158,0.0042690793,0.0043750443,0.0041959193,0.0060341596,0.005682816,0.008819013,0.01010355,0.0090075815,0.007064782,0.010343468,0.004277652,0.004776317,0.0046574767,0.0050955764,0.008067969,0.010326506,0.030360524,0.014285949,0.009466767,0.0046907943,0.0043340633,0.005975139,0.009558591,0.008505024,0.008108585,0.009209522,0.009790179,0.011065265,0.010551783,0.011098883,0.0064125285,0.015046564,0.0146078775,0.5337962,0.027794618,0.03826083,0.017383391,0.012591646,0.0039587882,0.0032577808,0.0058718175,0.00838776,0.008474602,0.00825743,0.009488737,0.0075125154,0.008009102,0.009235212,0.009485197,0.009057271,0.007107481,0.0051172525,0.0074911667,0.008172188,0.009465323,0.009935377,0.009332597,0.006201859,0.007244315,0.005590763,0.0049139904,0.003975601,0.005614635,0.0058822953,0.0069634262,0.0067323064,0.006907236,0.0071227266,0.007189838,0.007206693,0.007201233,0.0071792635,0.0071583544,0.0071395026,0.0071230642,0.007109039,0.0070972247,0.007087356,0.0070791733,0.007072433,0.007066927,0.0070624547,0.0070588645,0.007056004,0.007053753,0.0070520025,0.007050657,0.0070496355,0.0070488676,0.0070483005,0.0070478865,0.0070475866,0.007047373,0.0070472257,0.007047119,0.0070470455,0.007046999,0.0070469687,0.0070469454,0.0070469356,0.007046919,0.007408058,0.0054842504,0.0047995974,0.013535078
0.008737859,0.0022979195,0.008960394,0.01293689,0.009660864,0.007857514,0.0098748375,0.0078052497,0.0062887305,0.005606364,0.0054971287,0.00592213,0.0068514375,0.007245979,0.0067201653,0.0073673767,0.0060697445,0.0058343215,0.0058739698,0.00728621,0.0095214015,0.0094877165,0.009211859,0.008366876,0.008135629,0.007931369,0.007700408,0.007697086,0.007245708,0.007776028,0.0075163417,0.00781934,0.008236659,0.0072858385,0.006713072,0.0070134155,0.006455319,0.0067879194,0.006258483,0.006298733,0.0071751596,0.0071832924,0.008030593,0.0060909335,0.005097881,0.0047169183,0.0049141278,0.004912918,0.0057232743,0.0067473347,0.007242409,0.007618643,0.0076165805,0.007520925,0.007639537,0.007047953,0.006859174,0.0073425313,0.0060793916,0.006133619,0.0066064647,0.0078497855,0.007907677,0.007698211,0.006887433,0.006169419,0.006057212,0.0066706818,0.00753264,0.007923415,0.0072106,0.006570608,0.007205953,0.008612063,0.009053313,0.008895092,0.0068728337,0.005825447,0.0055461074,0.005651767,0.0075114304,0.006547414,0.00787373,0.0069666654,0.008086345,0.00528292,0.004732787,0.005182075,0.00551611,0.0060537593,0.0066192765,0.008356533,0.0076043615,0.006768934,0.0049211443,0.004592928,0.003902908,0.0067929463,0.005393037,0.009921185,0.01149775,0.024561306,0.017068814,0.007882376,0.0034663691,0.0030228659,0.005091266,0.00451905,0.004385923,0.0040103523,0.004931441,0.007840866,0.010462218,0.007518277,0.006483611,0.0036959457,0.0051904516,0.0056064758,0.007865447,0.00720142,0.0067935926,0.004841769,0.00853726,0.012787864,0.014380517,0.0084035825,0.0060136146,0.0050347806,0.006661102,0.0043160073,0.011969814,0.015586112,0.6244765,0.01712937,0.014483255,0.00339139,0.0115076285,0.013515621,0.011664027,0.009311425,0.006757415,0.006156871,0.008396092,0.00789829,0.009015779,0.009989519,0.011375413,0.010406644,0.009765899,0.00777192,0.007468822,0.0066665406,0.007615413,0.0071497075,0.00863843,0.0063042473,0.009852117,0.0139793,0.017474443,0.004111177,0.0021436736,0.0015775161,0.003528294,0.00595048,0.003992106,0.008095403,0.008273037,0.624743,0.016217563,0.010924285,0.0026428744,0.0067904335,0.0071870373,0.009485915,0.009306851,0.009636987,0.012012738,0.0111685,0.009946787,0.008394286,0.009460505,0.0052409763,0.00805099,0.008838612,0.023229655,0.033160448,0.043832257,0.37939298,0.027333748,0.008342857,0.0030773485,0.004708875,0.0074384487,0.008172316,0.007845972,0.0111435205,0.0069096237,0.010767468,0.009056942,0.019124508,0.008327179,0.0040038726,0.0043361173,0.012441519,0.022085013,0.01786215,0.006995354,0.0037720432,0.002818569,0.004609196,0.0037371845,0.004037677,0.003670993,0.0043756342,0.0051956936,0.0059983935,0.0066092853,0.006817724,0.0070023825,0.0071127517,0.0071636224,0.0071803043,0.007161598,0.0071435836,0.0071272473,0.007112951,0.0071007265,0.00709042,0.007081812,0.007074684,0.007068824,0.007064046,0.007060181,0.0070570856,0.007054637,0.0070527075,0.007051218,0.0070500695,0.007049205,0.007048554,0.007048077,0.007047727,0.0070474767,0.007047296,0.0070471726,0.0070470823,0.007047019,0.0070469826,0.007046959,0.007046942,0.0070469324,0.007046919,0.0074080545,0.0054842504,0.0047995993,0.013535083
0.008353622,0.0021003245,0.00932841,0.008750396,0.009552787,0.008776636,0.00825556,0.006929871,0.0062045986,0.00559369,0.0059321346,0.0060980967,0.0066416604,0.007639336,0.006546527,0.0059230146,0.0060205935,0.006347141,0.0055451086,0.00534626,0.005579841,0.0069169803,0.00937675,0.009031189,0.0078124944,0.007774178,0.007572409,0.007445067,0.006562819,0.0065324316,0.0064347484,0.007875335,0.0069992207,0.0071749045,0.006510984,0.007006631,0.0071627847,0.0073656654,0.0071462938,0.006078415,0.006947519,0.006642887,0.007945567,0.00744097,0.0063204532,0.005103442,0.0052887066,0.005224483,0.005840052,0.006283503,0.006810566,0.006463679,0.005790463,0.00669151,0.005842511,0.0061046463,0.0049817427,0.005145703,0.005752248,0.006109717,0.0071627246,0.0070948396,0.0071223155,0.0060979235,0.0053369873,0.00481794,0.0054219426,0.006911355,0.0077711255,0.008110104,0.0073263594,0.0070804367,0.007066793,0.008041387,0.007884737,0.008141411,0.0070039253,0.0072910343,0.006597374,0.006839682,0.00704384,0.008261656,0.00800388,0.00617015,0.0049203667,0.003908254,0.0043953173,0.005392741,0.0053925207,0.0056759063,0.005730961,0.005744917,0.0025564022,0.0017990839,0.0035010637,0.006558366,0.00791545,0.007449726,0.008721833,0.022531543,0.03452616,0.51822853,0.49889073,0.038601384,0.013696273,0.0036343148,0.003438171,0.0050190636,0.005398831,0.0056675617,0.0048443037,0.008950022,0.018871263,0.009719559,0.0053431066,0.0024123497,0.005579978,0.0061432403,0.006929543,0.006710474,0.004895869,0.0025648093,0.008487161,0.016012715,0.570176,0.01740035,0.013245807,0.003843046,0.008680696,0.0073758974,0.00671978,0.0060954755,0.010641687,0.0061076903,0.004975872,0.006830467,0.015579523,0.02030449,0.016351797,0.008835755,0.005339028,0.0052321907,0.009213356,0.009693813,0.011287356,0.010227632,0.010561242,0.0077898223,0.0083588725,0.008219787,0.00908066,0.008081546,0.0075365975,0.0067089424,0.0077128387,0.0042232773,0.013164805,0.013368834,0.59823406,0.024990976,0.01189882,0.0042770407,0.005427528,0.0068232217,0.006612391,0.0068567507,0.005463732,0.010435849,0.0144309765,0.006787646,0.004486295,0.005918599,0.005097095,0.0065278783,0.0076517225,0.009792468,0.012838045,0.011747672,0.009890674,0.008601589,0.009023071,0.0056661055,0.007073749,0.008291379,0.044424802,0.037448365,0.5926894,0.44031045,0.043787025,0.008877323,0.003028536,0.0044719405,0.008156063,0.008864671,0.008420793,0.010051339,0.004422057,0.012328486,0.010849431,0.62522966,0.01542744,0.0071756686,0.003431146,0.015947167,0.5568135,0.5427215,0.015100247,0.009037341,0.004195999,0.011694508,0.0044036903,0.0031531847,0.0033664717,0.0052550663,0.0060906936,0.006132352,0.0066338787,0.0064330194,0.006677924,0.0069982,0.0070873895,0.007162755,0.0071465103,0.0071308003,0.007116538,0.0071040527,0.0070933816,0.007084387,0.0070768907,0.007070699,0.0070656254,0.0070614945,0.0070581716,0.007055523,0.0070534283,0.007051789,0.00705052,0.007049552,0.0070488243,0.0070482837,0.0070478804,0.0070475894,0.0070473794,0.0070472327,0.0070471256,0.007047052,0.007047002,0.0070469687,0.007046949,0.0070469356,0.0070469286,0.007046919,0.0074080545,0.0054842504,0.0047995993,0.013535083
0.008211534,0.002116952,0.008813587,0.008231242,0.0070938254,0.005793239,0.008120119,0.0070018726,0.0063487776,0.005915798,0.0056270063,0.005748025,0.007327338,0.0066823666,0.006776959,0.0064844103,0.006086743,0.005505239,0.0056026676,0.0057704006,0.0062890286,0.008351142,0.0097029265,0.007864252,0.0067981984,0.0069712154,0.007502069,0.007805449,0.0069825863,0.0066907243,0.0062566274,0.006600622,0.007041596,0.007000997,0.00755245,0.007118597,0.007819203,0.007682836,0.0073360833,0.006164196,0.006492682,0.005890572,0.0072368667,0.0070221582,0.007763287,0.006078087,0.006847697,0.00656829,0.007202716,0.005643891,0.0067969174,0.010447206,0.012629021,0.011152304,0.00749445,0.005079459,0.0053497707,0.006134326,0.007474826,0.007442872,0.008778992,0.007934837,0.007986963,0.0074310694,0.005864596,0.0053408314,0.0053591616,0.0066621746,0.0075592473,0.008389738,0.0085178325,0.007930829,0.0071806544,0.008044108,0.008028743,0.008497974,0.007289816,0.0076371743,0.00698095,0.0068367417,0.0069035077,0.0075196,0.007441111,0.007817601,0.0063464255,0.0057504154,0.0065286546,0.006068625,0.00608426,0.0049494794,0.0056298007,0.006135265,0.0058980817,0.006378428,0.010266252,0.018030625,0.024446977,0.015526101,0.4875702,0.039786898,0.015715411,0.011433851,0.012888931,0.028359612,0.005466674,0.0025233557,0.0023371242,0.004058711,0.004004304,0.0020172305,0.0044959784,0.008598967,0.37208232,0.012635665,0.004495818,0.0017082047,0.004932199,0.004656964,0.0048581758,0.005469646,0.005465321,0.00952061,0.015619099,0.025893921,0.017972603,0.0056889276,0.003859675,0.005264147,0.008474735,0.0060772425,0.005692224,0.0057045436,0.00995076,0.006096233,0.0047037154,0.009643775,0.044529513,0.56192106,0.55636334,0.028989097,0.011951448,0.0036306875,0.008323957,0.009358816,0.010816224,0.010713344,0.009670184,0.0066482383,0.006670739,0.006701927,0.0075238897,0.008095385,0.007758418,0.008345875,0.007782852,0.005105405,0.0041031996,0.0041724904,0.0117037315,0.011098039,0.011529345,0.0066277063,0.0054843673,0.004358277,0.0021791446,0.0039994232,0.0029501955,0.011166372,0.011796694,0.02007478,0.008285715,0.005118015,0.0038481276,0.0064326506,0.008245755,0.010634179,0.011239403,0.01057199,0.009455685,0.008178386,0.008364574,0.0040000672,0.0064247376,0.0068005137,0.49400675,0.017749371,0.040960085,0.024454927,0.5537845,0.016773053,0.014379058,0.0046574036,0.0071576224,0.008058591,0.0073373336,0.009204515,0.0059844702,0.0059621143,0.0038607733,0.008361067,0.004282873,0.0025063786,0.0048346906,0.012025278,0.4766887,0.061865732,0.016327126,0.0028708417,0.0029086636,0.0051040854,0.0031973484,0.003134958,0.0037703826,0.0057065515,0.009137735,0.0067361877,0.006734947,0.0062266546,0.0067899516,0.0070858262,0.007000175,0.0071480973,0.007133655,0.0071197767,0.007107222,0.0070962673,0.0070869336,0.007079083,0.0070725596,0.007067191,0.0070628086,0.007059255,0.007056411,0.007054147,0.00705237,0.007050984,0.007049919,0.007049108,0.0070484974,0.0070480434,0.00704771,0.0070474697,0.007047296,0.0070471726,0.0070470893,0.0070470255,0.0070469887,0.007046959,0.007046942,0.0070469324,0.007046926,0.007046919,0.0074080545,0.0054842476,0.0047995974,0.013535078
0.008888616,0.0021205149,0.009026722,0.010842183,0.008543143,0.0064968476,0.0069507593,0.006357971,0.0059552174,0.0057146708,0.0059606647,0.0058191596,0.0061171544,0.006342551,0.0062695486,0.005714167,0.0057484694,0.0053987186,0.0052006943,0.0052844435,0.0070735146,0.009101789,0.008198023,0.006089542,0.0056431256,0.0063136313,0.007107195,0.007376222,0.0068908874,0.0075679915,0.007599408,0.007650546,0.008616403,0.007754051,0.007822122,0.007334864,0.00777676,0.0068606483,0.0067376266,0.006221976,0.005833859,0.0057822475,0.006399199,0.007534575,0.007683233,0.006820343,0.007069597,0.006187698,0.0061274227,0.0043810615,0.0069402717,0.009762759,0.017632095,0.008447959,0.005251196,0.0034509676,0.0063372967,0.006573551,0.007682993,0.008235342,0.008494053,0.0072818426,0.00755309,0.0082211,0.008295242,0.007518992,0.0069670477,0.0068937237,0.0061873607,0.006423296,0.0070062005,0.0071106013,0.00629819,0.006862725,0.0071382723,0.0076376116,0.007898708,0.008347197,0.0076832734,0.0072871693,0.0062607587,0.0070795757,0.0075267456,0.0077482415,0.006595999,0.0060086343,0.005775948,0.005529262,0.005234661,0.0028885042,0.0031696623,0.0054032784,0.011194815,0.022091176,0.045364764,0.5045111,0.016981456,0.020421347,0.007928371,0.5826414,0.0065522855,0.018312536,0.008464395,0.6106094,0.012929184,0.009342778,0.0021820893,0.0043785456,0.00348483,0.001825724,0.0037805787,0.00801646,0.6135775,0.01200299,0.006757325,0.0014467046,0.008577408,0.008819229,0.008130905,0.005257614,0.0035388344,0.009552701,0.03176474,0.5752683,0.02718682,0.010356274,0.0032823216,0.004607131,0.006825665,0.0061787083,0.00605617,0.004754816,0.0041739135,0.004533712,0.005061043,0.00666542,0.008150916,0.01036615,0.012177768,0.008908508,0.0051282155,0.0050551635,0.008927713,0.0108158775,0.010654702,0.009082965,0.0077747554,0.00651066,0.0074512847,0.008520482,0.0071417782,0.004797434,0.003499753,0.003494854,0.00503006,0.007477682,0.006529004,0.0049400474,0.012899205,0.012127611,0.55715823,0.022679958,0.01936359,0.0070486106,0.006814747,0.009173964,0.0024257149,0.0042127185,0.009924656,0.591059,0.021393696,0.016071009,0.004450234,0.00845321,0.009177723,0.00964716,0.009258665,0.008685206,0.008398018,0.009141147,0.01044071,0.005343466,0.006161743,0.004992947,0.020484077,0.0052785017,0.004436936,0.0065977587,0.01333859,0.009576187,0.0055180984,0.0053160638,0.0074513303,0.008472435,0.007484151,0.009931499,0.006192864,0.01079526,0.0039391643,0.007999311,0.0047268276,0.004668031,0.004450179,0.0051843585,0.016845861,0.014745901,0.0076745306,0.006396786,0.0061242026,0.007203146,0.004580504,0.0031508834,0.0040139845,0.0049772984,0.0062995534,0.006254955,0.0064516193,0.007854187,0.007485677,0.007361664,0.0069548325,0.007135819,0.0071226996,0.007110275,0.0070991474,0.0070894905,0.0070813023,0.0070744455,0.0070687775,0.0070641297,0.007060351,0.0070573096,0.007054881,0.007052961,0.007051458,0.007050293,0.007049402,0.007048724,0.007048217,0.0070478404,0.007047563,0.007047363,0.0070472294,0.0070471293,0.007047056,0.007047009,0.007046972,0.0070469524,0.0070469356,0.007046926,0.007046919,0.0070469156,0.0074080545,0.0054842476,0.0047995974,0.013535078
0.009722918,0.0021375378,0.0094126295,0.008409518,0.008090656,0.0072831414,0.0077404254,0.0062298332,0.0056941514,0.0049896124,0.004861291,0.005495724,0.0064433934,0.0058827805,0.005825461,0.005385362,0.005553587,0.005527288,0.0061637256,0.006435291,0.0076530227,0.009147943,0.00930257,0.0065412913,0.005658958,0.006132701,0.0072939782,0.007701767,0.007463052,0.00747042,0.008434318,0.007920687,0.008856366,0.008085757,0.0080196,0.0070896414,0.0072190743,0.0066441903,0.0059026997,0.005715381,0.0053228633,0.005300175,0.0052722236,0.0066734185,0.00795928,0.008547773,0.007878555,0.006497051,0.0058369325,0.003909697,0.011035006,0.013752923,0.5464978,0.014021533,0.008979732,0.0029098352,0.006700457,0.0070807184,0.0077358563,0.007124292,0.007195842,0.006623947,0.0067352727,0.008675875,0.009823959,0.010372806,0.008680514,0.007928495,0.0067280643,0.007468723,0.0075407643,0.008292006,0.006554825,0.006842702,0.006964254,0.008218103,0.007968581,0.007656294,0.007642575,0.006998813,0.006157811,0.006065738,0.0064513083,0.007239903,0.006495927,0.0067166784,0.006084162,0.0063132634,0.005508329,0.0025563755,0.0077923583,0.019926503,0.32571182,0.390928,0.52481806,0.3805886,0.02162386,0.0075810174,0.004738754,0.015017293,0.003924413,0.0032672365,0.0038282296,0.015720176,0.005090913,0.0036696868,0.0031812175,0.005190543,0.004315577,0.0032615578,0.0040840064,0.0046336576,0.012275206,0.003869064,0.0015618228,0.00245277,0.012193092,0.021351544,0.009465939,0.0027618206,0.0037252163,0.011913136,0.4792947,0.08071334,0.012028026,0.0019433479,0.0018677312,0.0061743297,0.0072323736,0.0051011564,0.003979296,0.0037957826,0.004414692,0.005786201,0.0060025603,0.005410512,0.0052833464,0.006893156,0.007976067,0.006797934,0.00726363,0.0062763407,0.0069380696,0.007613543,0.0075016115,0.0086702835,0.0072232,0.0050171916,0.002655074,0.002234793,0.005299288,0.010913378,0.010984462,0.005996654,0.0057158605,0.0049892003,0.016643986,0.008021565,0.0030101717,0.010888273,0.0115190735,0.50370806,0.050815508,0.031892147,0.018578425,0.0084744785,0.0027013305,0.0031897314,0.0078012743,0.015022599,0.010132253,0.0067338278,0.006306249,0.011593859,0.010439587,0.009534317,0.008272095,0.0077704196,0.0076333005,0.007860394,0.0078007905,0.0036389383,0.007509543,0.0068558613,0.62672645,0.008790518,0.0059054284,0.0020678707,0.007837446,0.015100035,0.009442509,0.007968333,0.007602012,0.0088719,0.007179865,0.009788423,0.0066707954,0.016558534,0.005330774,0.005552231,0.0048913853,0.006059911,0.007139533,0.0064495536,0.010481279,0.008308841,0.007844146,0.0063303164,0.0076101576,0.0073604546,0.005826563,0.0052025425,0.0049242745,0.0058425195,0.00499791,0.005330137,0.005979678,0.008164172,0.007465811,0.0075679384,0.006915837,0.0071254554,0.0071133347,0.0071020955,0.0070921634,0.0070836158,0.0070764185,0.007070424,0.0070654945,0.0070614745,0.0070582256,0.0070556263,0.007053562,0.0070519424,0.0070506767,0.0070497026,0.007048958,0.0070483936,0.0070479806,0.0070476667,0.0070474395,0.0070472797,0.0070471657,0.0070470823,0.0070470255,0.0070469887,0.007046962,0.007046942,0.0070469324,0.007046926,0.007046919,0.0070469156,0.0074080545,0.0054842476,0.0047995974,0.013535083
0.01053825,0.0024811458,0.006771733,0.011138813,0.01199759,0.008306923,0.0069255214,0.0063067726,0.0061926087,0.005602187,0.0053014676,0.0057157953,0.0049705305,0.00476122,0.004203968,0.0048360606,0.0050857426,0.006036002,0.006451815,0.0073442026,0.008834222,0.009905221,0.009174134,0.006683209,0.0059735817,0.0065896753,0.007272951,0.0071183876,0.0072485786,0.0076262103,0.0079221,0.007784893,0.008241529,0.007888364,0.0080356235,0.0069225766,0.006797004,0.006463563,0.00636788,0.006310799,0.0050981157,0.0058252127,0.005361264,0.0066006654,0.0069190506,0.009404959,0.008783969,0.007621516,0.007085591,0.004999921,0.00457715,0.0038147713,0.00833213,0.0037170104,0.003046395,0.0022880493,0.00542899,0.005848313,0.0077318787,0.007547109,0.0076142605,0.0069403797,0.0069993134,0.008701347,0.01017589,0.010325399,0.007498853,0.007688459,0.006981585,0.0075337845,0.006465116,0.006900067,0.006153625,0.0066252714,0.006663403,0.0075513422,0.0074999607,0.005931817,0.0046372456,0.0026989216,0.0023059708,0.0020591768,0.0030748553,0.004640859,0.005599143,0.006817117,0.0064230426,0.0054510217,0.0024950386,0.001604678,0.0041662185,0.028819352,0.43906513,0.37186217,0.10578216,0.027477693,0.0043833083,0.002302142,0.0034822293,0.01073333,0.005510301,0.004704428,0.003827157,0.011749013,0.0073873713,0.0060414425,0.0046776137,0.006384556,0.0054294015,0.0054017357,0.004071427,0.0032309776,0.008021095,0.008467586,0.0037900729,0.005908125,0.009468918,0.58201694,0.015248084,0.004362902,0.0015532604,0.010748453,0.040299583,0.30872872,0.019911822,0.008888184,0.005242871,0.0069111423,0.0047975,0.0038903872,0.0045097475,0.004390756,0.005769706,0.005584952,0.0065656146,0.006609758,0.00654872,0.0044762054,0.005016492,0.0059995055,0.0056948937,0.0074203713,0.0123860175,0.016405072,0.011444361,0.008721503,0.007633377,0.010665262,0.00750615,0.0083819395,0.011069795,0.0262155,0.019386576,0.0035845952,0.0039360616,0.005007014,0.60627335,0.022013834,0.0041674473,0.0021345234,0.0073543466,0.40343773,0.13455449,0.5027542,0.5613998,0.017670533,0.0097102,0.0027526962,0.0070719565,0.017464228,0.011957993,0.009899507,0.007644022,0.009815168,0.011270318,0.011564062,0.008435494,0.007547055,0.0076002027,0.007631817,0.00847288,0.0061838697,0.0064844037,0.0046692584,0.00796883,0.0054249363,0.003362842,0.0028738298,0.004187699,0.0052731684,0.0058421153,0.006973329,0.008013355,0.008933023,0.007704395,0.009969098,0.008578263,0.011608769,0.0076996135,0.008092938,0.006686248,0.0069228387,0.0069306064,0.0048188954,0.0045827045,0.00435522,0.0053445003,0.0064630914,0.007070488,0.0076912055,0.0064310543,0.0067008226,0.006335091,0.006598762,0.0060752295,0.0066779302,0.0066904547,0.010894519,0.0076372856,0.007717599,0.0068502463,0.007116599,0.007105284,0.0070950547,0.0070861345,0.0070785466,0.0070721987,0.0070669497,0.007062669,0.007059195,0.007056405,0.0070541864,0.00705244,0.0070510674,0.0070500094,0.0070491983,0.007048581,0.0070481203,0.0070477766,0.0070475265,0.0070473393,0.0070472127,0.007047119,0.007047052,0.007047002,0.007046972,0.0070469524,0.0070469384,0.0070469286,0.007046919,0.007046919,0.0070469156,0.0074080545,0.0054842476,0.0047995974,0.013535083
0.012103834,0.00281862,0.005959961,0.008756486,0.008030498,0.007771048,0.0077532586,0.00789368,0.008017904,0.007415442,0.006236842,0.0052704336,0.005119295,0.0043247556,0.0040390003,0.0045214836,0.005516335,0.0071955794,0.00780186,0.008866116,0.009259588,0.010162264,0.010713712,0.008197743,0.006985454,0.0065723364,0.0070590945,0.007166608,0.0077208024,0.0077929003,0.007883816,0.0076354654,0.007849188,0.007065852,0.0069727777,0.0065915794,0.006744258,0.00623311,0.0068181376,0.0063003777,0.0060739885,0.0067083384,0.005899214,0.00762851,0.0064188596,0.007790747,0.006676273,0.00760889,0.0064669787,0.005617388,0.010391992,0.008948614,0.010618754,0.004021972,0.0022245771,0.0020933892,0.003955539,0.005793978,0.0075011994,0.0071212808,0.0069982396,0.0067198286,0.006595259,0.0070071295,0.007651288,0.008717349,0.006556747,0.0071443953,0.0071636224,0.009984664,0.007844224,0.00797498,0.007041779,0.0072023687,0.0068468093,0.0061818804,0.0072130654,0.008626372,0.009990114,0.007521565,0.0074070166,0.0075885877,0.0088104885,0.009402107,0.0076174783,0.006358158,0.0069188145,0.006157864,0.004017667,0.007928552,0.011427887,0.30596277,0.32000923,0.111389786,0.51366884,0.022005085,0.007772287,0.0024478608,0.004443677,0.006599462,0.007236733,0.007023941,0.0063599325,0.0066628153,0.0063074837,0.0062471833,0.0062806993,0.0068192095,0.007341884,0.007645729,0.0057229,0.008528229,0.011291135,0.016922764,0.004063253,0.005078637,0.006484367,0.5369927,0.014981371,0.005628594,0.0038247143,0.016202668,0.4514933,0.048360705,0.035457786,0.008616277,0.0052451272,0.0041768714,0.0091027655,0.0044585927,0.0061588236,0.0036964936,0.0061468543,0.0067476933,0.0073207757,0.0066843703,0.008244788,0.0074934615,0.008179782,0.008234229,0.0066916277,0.008656515,0.011617783,0.019823221,0.006774983,0.0069737644,0.006779447,0.022161653,0.018595677,0.026573634,0.044969402,0.5770872,0.57901144,0.013000694,0.0077044824,0.004773027,0.048221122,0.5529301,0.0050174925,0.007092223,0.0026944971,0.48879558,0.059420906,0.5591271,0.053712387,0.023643889,0.0033821966,0.0057318686,0.00848737,0.0075409007,0.0056102625,0.00520545,0.0061734365,0.008081241,0.008561605,0.01023584,0.009858887,0.008494294,0.007824588,0.007167833,0.0070668263,0.006425578,0.006805497,0.005495661,0.011873635,0.008816141,0.00979984,0.006580797,0.00668908,0.0076116053,0.009097418,0.007865376,0.007416471,0.008090384,0.008703136,0.010389158,0.008875264,0.011540164,0.0096575525,0.010481344,0.0093942005,0.009989487,0.0083755925,0.007722903,0.0072006774,0.0070793577,0.007205506,0.008442142,0.007877311,0.007892869,0.0063158907,0.0064900494,0.0064635873,0.007195944,0.006219518,0.0069313017,0.007788392,0.010502868,0.007123691,0.007350835,0.0067953784,0.0071089515,0.007098344,0.0070889834,0.0070809424,0.0070741773,0.0070685763,0.0070639756,0.0070602475,0.00705725,0.0070548547,0.007052964,0.007051485,0.0070503335,0.007049452,0.0070487773,0.007048267,0.00704789,0.007047613,0.007047406,0.007047256,0.0070471494,0.0070470725,0.007047019,0.0070469887,0.007046962,0.007046942,0.0070469356,0.007046926,0.0070469156,0.0070469156,0.0070469156,0.0074080545,0.0054842476,0.0047995974,0.013535083
0.01274061,0.0029497198,0.0057576746,0.008023067,0.007975795,0.008176606,0.007591084,0.009288325,0.009875989,0.009597995,0.007841474,0.006688256,0.0053492254,0.004741749,0.0051908013,0.006532732,0.007854934,0.0076469886,0.008371511,0.008718285,0.008712097,0.008994299,0.009388087,0.007764363,0.0067367973,0.0063313395,0.006854998,0.007274924,0.007645317,0.0074970615,0.007468861,0.0073635913,0.007624546,0.007090373,0.0068795243,0.006344784,0.0068036574,0.006308703,0.007026445,0.006255518,0.00575161,0.0056766034,0.0059134257,0.005773654,0.0042713564,0.0047114887,0.004230115,0.0047036107,0.004098621,0.005746671,0.007963686,0.010923981,0.003926511,0.0023852286,0.0012246374,0.0026027607,0.0045138127,0.007106936,0.008174507,0.008334265,0.0077359267,0.0077846413,0.0076010586,0.007811522,0.008038315,0.008503174,0.0066554444,0.0064862752,0.006613754,0.007609617,0.0074158036,0.008312641,0.008137091,0.007934142,0.0074564177,0.0048943134,0.007444306,0.009408478,0.018732041,0.014457434,0.013084202,0.01672116,0.018803652,0.01347905,0.007175224,0.0055610845,0.003219993,0.003651706,0.004910133,0.015297374,0.028574586,0.013895465,0.012739716,0.012474406,0.040441662,0.0054568597,0.0015163327,0.0008817699,0.005001724,0.007338399,0.009439669,0.008337178,0.0071417745,0.00702753,0.0067435238,0.0069980705,0.0073366044,0.0076278774,0.008574392,0.006484032,0.0062157167,0.011329088,0.024915839,0.5525931,0.011263121,0.009226503,0.0025358386,0.016738188,0.0064743934,0.00519335,0.0044254484,0.008868219,0.008733661,0.026529545,0.0154057,0.6476957,0.014534042,0.009217087,0.0059173517,0.004579423,0.005953462,0.004242262,0.006164722,0.006740726,0.007030632,0.0070162057,0.0074786413,0.008225102,0.009064382,0.010589526,0.006382485,0.0144240195,0.016485523,0.6010838,0.009866938,0.01969057,0.009983334,0.50426173,0.56945133,0.5111379,0.32510927,0.054221794,0.025981631,0.0038000708,0.002157038,0.0029242951,0.015803603,0.018649159,0.0034908457,0.0034529655,0.0046364535,0.026231734,0.011229334,0.014112035,0.007305665,0.0060952906,0.0057050334,0.0063157496,0.008675157,0.013806436,0.015898347,0.011459259,0.0075617307,0.0052222335,0.007186347,0.008802006,0.010467653,0.008041205,0.0069730342,0.006004421,0.0088045895,0.0095157465,0.009512713,0.005722173,0.004485352,0.0042828564,0.0058403597,0.0074154353,0.0077298307,0.0076923817,0.008480298,0.00753161,0.007646446,0.008835914,0.010707104,0.012329125,0.012005795,0.012044107,0.010231726,0.009933403,0.008937723,0.009516618,0.008137315,0.008004702,0.0074769603,0.007880811,0.0076701525,0.008091966,0.008058949,0.008807873,0.007920084,0.008065474,0.006808409,0.0070493147,0.0054683257,0.005697743,0.005912456,0.008992684,0.006979142,0.0070678834,0.0068277926,0.007102297,0.0070923474,0.007083753,0.007076489,0.007070441,0.0070654745,0.007061438,0.0070581883,0.007055596,0.007053545,0.0070519354,0.0070506837,0.007049722,0.007048984,0.007048427,0.007048007,0.0070476965,0.0070474697,0.007047303,0.0070471824,0.007047099,0.0070470357,0.007046995,0.0070469687,0.0070469524,0.0070469356,0.0070469286,0.007046919,0.0070469156,0.0070469156,0.0070469156,0.0074080545,0.0054842476,0.0047995974,0.013535083
0.012855932,0.0029764757,0.0058547407,0.0075401478,0.006951339,0.0074311756,0.008014314,0.009037713,0.0097853495,0.009704228,0.009023234,0.008793178,0.007046095,0.0068724845,0.005920463,0.007254809,0.00977387,0.008533459,0.007998881,0.007839037,0.007538856,0.007976893,0.008322163,0.007300642,0.006567683,0.0067470437,0.0073787677,0.007714153,0.008139178,0.007953164,0.00810162,0.008245143,0.007932333,0.007837729,0.007380598,0.006954562,0.007019911,0.006364493,0.005558611,0.0049950676,0.008776752,0.010942219,0.009855983,0.0076126824,0.0038961805,0.0037593725,0.0029827126,0.0031936439,0.0021645813,0.005781455,0.013792472,0.474756,0.01233535,0.0045860377,0.0014020697,0.0026511664,0.0044783372,0.0059555047,0.0068579423,0.006760642,0.0067996536,0.00726459,0.008189408,0.00840976,0.009615336,0.007965397,0.0057195663,0.0055849017,0.0062316637,0.0075785643,0.00789176,0.008064612,0.0074852803,0.0063750376,0.0055619623,0.0033698475,0.0062116887,0.013232563,0.3864252,0.33626154,0.34342188,0.33100682,0.42844686,0.031302527,0.007438079,0.0030194647,0.0035553547,0.008981918,0.017429153,0.47137573,0.4704987,0.023374522,0.018230518,0.013826597,0.40845445,0.025772799,0.006760632,0.0018188045,0.0040994305,0.0041635428,0.00755962,0.00930606,0.008740176,0.007685709,0.007142329,0.007458525,0.007868729,0.008492661,0.009919456,0.0051379367,0.01145745,0.011559332,0.51697785,0.048295036,0.016181322,0.004008802,0.003361596,0.010088986,0.006601107,0.0069623515,0.004997618,0.007370164,0.00951816,0.010860895,0.005821601,0.009231028,0.0045395307,0.002606789,0.0029523137,0.0050780927,0.0049681137,0.0048102937,0.005965167,0.0077727726,0.007939965,0.006738878,0.009147506,0.008817237,0.010251147,0.010004149,0.007954631,0.0077007534,0.0064141965,0.009278041,0.0038768013,0.0038703266,0.0041661886,0.008631357,0.007644669,0.008838574,0.0089006005,0.010734296,0.009041185,0.005484008,0.0056393277,0.0045574806,0.0061710677,0.011899258,0.004233961,0.008342703,0.009834856,0.042773586,0.008356711,0.005950308,0.0034399242,0.0074948547,0.0055042813,0.0049420474,0.0052967197,0.010050684,0.021128312,0.011406111,0.0071258238,0.005187193,0.0075074364,0.008697441,0.009742625,0.008784521,0.009610201,0.008445751,0.01065427,0.01015732,0.011768806,0.009342187,0.0072749755,0.006931788,0.007199086,0.008415433,0.008164793,0.00794791,0.008708087,0.008407028,0.007884965,0.007983756,0.010266223,0.011617636,0.010415079,0.009140011,0.008232862,0.008822327,0.008937249,0.0102741625,0.008529906,0.009041663,0.0076067764,0.008070634,0.007988028,0.008743346,0.008433983,0.00906198,0.00959215,0.010537133,0.008539625,0.007641212,0.0055767805,0.0054893815,0.0058022677,0.007585051,0.0066297445,0.006992284,0.0068338313,0.0070964852,0.007087172,0.0070792665,0.007072673,0.007067258,0.007062842,0.0070592887,0.007056455,0.0070542097,0.00705245,0.0070510777,0.0070500164,0.007049205,0.0070485976,0.0070481338,0.007047797,0.0070475396,0.007047353,0.007047223,0.0070471293,0.007047059,0.007047009,0.007046979,0.007046959,0.0070469384,0.0070469324,0.007046922,0.007046919,0.0070469156,0.0070469156,0.0070469156,0.0074080504,0.0054842453,0.0047995974,0.013535083
0.0133218635,0.0029729076,0.005690654,0.0072446307,0.006693983,0.006624091,0.0064419652,0.006844656,0.007493639,0.009113883,0.009252281,0.009696317,0.007896047,0.0082765985,0.007114729,0.008180118,0.0072673657,0.00727438,0.0069332942,0.006057674,0.006747028,0.007094178,0.00760903,0.007088692,0.0068315696,0.0069843233,0.0075028576,0.007400716,0.0075067,0.0077509256,0.008133929,0.008456611,0.008396644,0.008105713,0.0075642145,0.0068659987,0.0066917483,0.0062787887,0.005606731,0.007698735,0.011705376,0.01807079,0.010480671,0.0051173163,0.0036350607,0.0042871516,0.002996227,0.0023666327,0.0013950233,0.0029030102,0.005569476,0.009657607,0.0067878193,0.003181694,0.0027838238,0.005266987,0.006549598,0.007038416,0.007859919,0.008585957,0.009291849,0.009395186,0.009382387,0.009065479,0.008264142,0.007652664,0.006712289,0.0068793357,0.0074100457,0.009003437,0.009490602,0.008312032,0.0074516945,0.0055186246,0.0048281453,0.0036729036,0.004965474,0.0049665435,0.011704775,0.017035117,0.047919188,0.049516033,0.3462831,0.020906165,0.0072869556,0.0029232842,0.005404452,0.015386198,0.03042133,0.3527729,0.26559138,0.028944308,0.013408534,0.019432465,0.42968646,0.05291877,0.013545739,0.0031537844,0.005107893,0.00588802,0.011110361,0.011166073,0.008163566,0.008691461,0.008135448,0.008261098,0.00849046,0.009044133,0.009938154,0.005966296,0.005528984,0.005411292,0.012169877,0.014114508,0.0072808457,0.0056563267,0.0038167073,0.0045291884,0.004601899,0.0057769096,0.004130391,0.0057399482,0.0033854817,0.011960219,0.0037248782,0.010976413,0.00444176,0.0055085425,0.0040822243,0.0070585296,0.006353315,0.006843308,0.006367431,0.0049846317,0.0041426243,0.003449795,0.0046652798,0.0063659432,0.008221645,0.007834351,0.0070585897,0.0063205007,0.0056927316,0.009170078,0.0047505987,0.005366703,0.003731068,0.006264228,0.0048669577,0.0045280578,0.004722991,0.005209353,0.005647208,0.004650894,0.0057027377,0.0065332367,0.0061252015,0.0067526903,0.0032191395,0.010228651,0.012150638,0.61081576,0.010044433,0.0060820407,0.0018225714,0.0047723064,0.004874395,0.0070325965,0.009868015,0.023425544,0.5774492,0.026448898,0.018976891,0.0052839876,0.008576468,0.008678525,0.0098944,0.0081525035,0.008969952,0.008673858,0.011358389,0.011491649,0.011554408,0.009112832,0.007418226,0.0060868296,0.0056101293,0.006850558,0.007405288,0.007296755,0.006672271,0.0068805935,0.007949294,0.010762557,0.012036115,0.012614326,0.011273379,0.010412858,0.009260306,0.009580715,0.009265719,0.010467185,0.008918049,0.008560783,0.0066854437,0.0070484104,0.0066613797,0.0068854433,0.006835091,0.0076329866,0.009791636,0.011199735,0.01031339,0.009181423,0.0058398,0.004908467,0.004891158,0.007145979,0.007088215,0.007136509,0.0069336854,0.007091414,0.0070827035,0.007075424,0.0070694326,0.0070645544,0.0070606186,0.007057481,0.0070549943,0.0070530446,0.007051528,0.00705036,0.007049469,0.007048787,0.007048277,0.007047897,0.0070476197,0.007047413,0.007047263,0.007047159,0.0070470786,0.0070470255,0.0070469887,0.007046966,0.0070469454,0.0070469356,0.0070469286,0.007046919,0.007046919,0.0070469156,0.0070469156,0.0070469156,0.0074080504,0.0054842453,0.0047995993,0.013535083
0.013618383,0.0029366838,0.0057452926,0.0070116958,0.0064450144,0.006470064,0.0063876393,0.0062420727,0.0061439825,0.006938431,0.008160724,0.009713012,0.008184887,0.00822009,0.0062119537,0.006452943,0.006898793,0.0064422577,0.0065429057,0.005743642,0.006108423,0.007041259,0.008341137,0.0078955805,0.0075412714,0.007240547,0.0073624686,0.0069452394,0.0070224814,0.0074248826,0.007813145,0.00847083,0.008695221,0.008653957,0.007931035,0.006957527,0.006736539,0.0059274635,0.0051653367,0.010199548,0.017435605,0.29939294,0.025892364,0.011330557,0.0038352117,0.004970773,0.0036906623,0.003139421,0.002340258,0.0027053463,0.003303438,0.006578301,0.004532567,0.004389835,0.00459536,0.005922574,0.007426763,0.0075939763,0.0077608186,0.008118263,0.008390901,0.008737884,0.008162704,0.007582227,0.0070757517,0.005991676,0.005504268,0.006131199,0.0081168655,0.008192845,0.008165241,0.0066452883,0.0063491897,0.0047885887,0.00478151,0.004896794,0.005741369,0.0034986408,0.0068979496,0.016298419,0.046062704,0.02282237,0.016751504,0.004175406,0.0029379786,0.0049639125,0.009651712,0.37354472,0.025090074,0.02610376,0.0215185,0.038013387,0.41027448,0.40901834,0.514645,0.45521873,0.4445032,0.022072623,0.017087936,0.008341484,0.010001731,0.007942651,0.005549712,0.00831084,0.008360359,0.009572207,0.009437101,0.008902775,0.0075410223,0.0052985363,0.0049529583,0.005053643,0.010582239,0.009672345,0.008454872,0.0053305137,0.005846301,0.006245339,0.0058097215,0.005667632,0.004257802,0.0056070923,0.004752245,0.007589087,0.0034130742,0.0042728106,0.002754946,0.0058267815,0.0045514856,0.0073360763,0.0055211163,0.004849474,0.004433778,0.00566157,0.012029562,0.011401842,0.011169348,0.0074720425,0.011426556,0.0096116625,0.01049412,0.008532407,0.006566874,0.006825891,0.00611698,0.0064806384,0.0032523288,0.0027730458,0.0037288016,0.0050821053,0.0046690386,0.0046925093,0.0035725741,0.0047677453,0.0055907173,0.0060480204,0.00695527,0.008038848,0.0066746636,0.006895784,0.006325226,0.011828722,0.0132984305,0.004785939,0.005247367,0.00573057,0.008126342,0.0077566816,0.014687594,0.008252172,0.010206972,0.007721876,0.009028479,0.0071817897,0.0095613,0.009847377,0.010520968,0.010543344,0.010424136,0.010567672,0.011497587,0.011260768,0.010737569,0.00972078,0.009646445,0.008834105,0.007191704,0.0076287007,0.0062885936,0.007173274,0.0071771163,0.008973162,0.008641914,0.01065342,0.009620804,0.009753902,0.008421558,0.007910449,0.0073087984,0.008086082,0.009838455,0.010807984,0.009111794,0.00784651,0.0062074843,0.0055644894,0.0053331563,0.0055406424,0.006028149,0.0066009285,0.008297038,0.009148431,0.009700824,0.009137333,0.006456484,0.005289768,0.004912088,0.007302577,0.007247086,0.0072545586,0.0070179435,0.007087014,0.007078878,0.007072168,0.007066692,0.0070622806,0.007058754,0.0070559704,0.007053782,0.007052083,0.007050777,0.007049772,0.0070490115,0.007048444,0.007048017,0.007047707,0.0070474795,0.0070473063,0.0070471894,0.0070471023,0.0070470423,0.007046999,0.007046972,0.007046955,0.0070469384,0.0070469286,0.007046922,0.007046919,0.0070469156,0.0070469156,0.007046912,0.007046912,0.0074080504,0.0054842453,0.0047995974,0.013535083
0.013079116,0.0030205445,0.0058954903,0.007366798,0.0068749944,0.007027477,0.0069569927,0.0066669006,0.006343503,0.006443253,0.0065756277,0.00795844,0.0074708834,0.008418851,0.0068535535,0.006495746,0.006015037,0.0064627947,0.0067300685,0.0053610248,0.0049408283,0.0050133923,0.0075100586,0.0067456,0.0070262956,0.006660922,0.0071510277,0.0068944027,0.006921354,0.0070486674,0.00740198,0.008547842,0.008680925,0.007848835,0.0068694428,0.00631158,0.006724833,0.0068260403,0.0062541845,0.006982044,0.008272705,0.015031986,0.010239807,0.009552904,0.008720044,0.0069106156,0.00418748,0.002333761,0.0021894553,0.002130652,0.0027398185,0.004072659,0.004225215,0.0053454665,0.0058467695,0.0068196678,0.0071370252,0.006781814,0.007027923,0.007594371,0.007488069,0.008390052,0.0073088612,0.0069580837,0.006225462,0.005738318,0.006592738,0.0062877503,0.007951347,0.011844043,0.016561182,0.010206164,0.0070776283,0.0038306236,0.0042070653,0.0060770726,0.006423411,0.002947932,0.006806781,0.00889384,0.5379294,0.015316053,0.009086565,0.0023548151,0.0029289243,0.0049790367,0.009250328,0.3846786,0.022575151,0.012330541,0.0052620624,0.01227409,0.016372718,0.014365764,0.024066497,0.01812105,0.015727961,0.017952736,0.017749505,0.31167227,0.024186725,0.012764311,0.005056017,0.008321388,0.007822533,0.008166983,0.008612099,0.007369536,0.005886399,0.0045504514,0.004308477,0.004780374,0.005474205,0.0061520413,0.0055675115,0.004135714,0.0023362115,0.0020070155,0.0016724707,0.0025109162,0.002990374,0.0056915227,0.005325129,0.008695977,0.007636411,0.011619187,0.0060503543,0.0160343,0.002864349,0.004213999,0.0039415257,0.008136491,0.011561272,0.01368539,0.024370858,0.017596753,0.00860586,0.0038614243,0.0050159474,0.008167536,0.007929794,0.0052088443,0.0034885227,0.00428729,0.0044338116,0.007311349,0.0041612126,0.008222208,0.0097334655,0.019991037,0.007393752,0.004738496,0.003906584,0.006213396,0.006983751,0.007601674,0.00794296,0.008246746,0.00565806,0.009854141,0.005409485,0.008843011,0.0069867996,0.0065786345,0.006660462,0.0039236955,0.0112151755,0.008608981,0.6458499,0.012368257,0.021002257,0.0052403924,0.011663961,0.007796319,0.00887917,0.008873594,0.0090550035,0.009522188,0.010191285,0.010895748,0.0117485365,0.010597158,0.009565943,0.0090760095,0.009618069,0.010052268,0.009381368,0.009755924,0.00830302,0.007718157,0.008107646,0.009907348,0.010465111,0.01039776,0.00894954,0.0088699255,0.009012737,0.01044613,0.009290102,0.009051687,0.009601958,0.0092280805,0.008412636,0.0068840515,0.006220102,0.0050052805,0.005647936,0.0052054846,0.0057600252,0.0058489377,0.006904933,0.007508335,0.0073363893,0.0072504245,0.005465616,0.00516191,0.004797302,0.0067804423,0.006970126,0.007152338,0.007070159,0.007083233,0.007075642,0.0070694224,0.0070644007,0.0070603844,0.0070572095,0.007054721,0.00705278,0.0070512914,0.007050153,0.007049295,0.007048648,0.0070481673,0.00704781,0.007047553,0.007047363,0.0070472257,0.0070471293,0.0070470623,0.0070470157,0.0070469826,0.007046962,0.007046942,0.0070469324,0.007046926,0.007046919,0.0070469156,0.0070469156,0.0070469156,0.007046912,0.007046912,0.0074080504,0.0054842453,0.0047995993,0.013535083
0.011338925,0.0031793162,0.0056057232,0.007351065,0.007146611,0.0074237855,0.007921594,0.0073288847,0.006924468,0.0062939953,0.006184596,0.0067522805,0.007380668,0.0078090033,0.007260791,0.0068854243,0.00642633,0.006208905,0.005183009,0.0038565889,0.006242939,0.0075722407,0.011037203,0.0064368644,0.006452081,0.006279509,0.006895118,0.006920741,0.0069405413,0.006955962,0.0070733773,0.008541543,0.0085792905,0.007915027,0.0072418703,0.0073949415,0.0076164515,0.0074939677,0.006379069,0.0059916475,0.00501191,0.008444401,0.0064156377,0.0071878405,0.0058278916,0.006211577,0.012456684,0.006125239,0.0037954848,0.0020631175,0.0021252474,0.0044267513,0.0045954487,0.005308558,0.0066000656,0.0070444406,0.00672628,0.006430966,0.006379289,0.0067351675,0.007257543,0.0076814224,0.007857257,0.007007836,0.005375104,0.0058276462,0.006579189,0.0056309383,0.008667291,0.011358459,0.02275,0.009108119,0.0045740944,0.0033187463,0.0039665443,0.004782745,0.004700123,0.002963208,0.007076924,0.010611061,0.28872773,0.012684892,0.0056108106,0.0017370955,0.0034989468,0.0049673193,0.007299474,0.022177946,0.008513235,0.004120523,0.002867359,0.0051934514,0.0073892386,0.0068829823,0.0088106925,0.009013629,0.008509963,0.0085400585,0.013594837,0.017958876,0.006549551,0.0033873518,0.0017644361,0.003729693,0.0037381523,0.005228202,0.0056855404,0.005556637,0.0068922774,0.008709194,0.008548738,0.007461028,0.0046829423,0.006310895,0.008140371,0.009500254,0.0068192,0.006451265,0.0081958715,0.007355739,0.005213172,0.0038295975,0.0026243038,0.009927477,0.009913665,0.018746292,0.0075728144,0.016604465,0.0039602513,0.00304695,0.003046605,0.006206093,0.0286248,0.031655412,0.46229398,0.56081235,0.025895154,0.013637894,0.0033886996,0.0071849693,0.011257313,0.009287592,0.013110779,0.009903215,0.008920101,0.0057105813,0.0018885012,0.007472032,0.008384155,0.6091401,0.01851114,0.014340258,0.0035682449,0.0070182662,0.00766878,0.0075086337,0.005473439,0.0034074928,0.00358132,0.0029166013,0.0038601423,0.0037360361,0.0054788333,0.0065251356,0.0091922255,0.0068694944,0.007729114,0.005178821,0.010533831,0.004187896,0.0033144571,0.0031332923,0.0077363066,0.008262224,0.008766914,0.009479631,0.010416593,0.011247377,0.011195142,0.0102075655,0.009771743,0.009923339,0.0094036795,0.008606959,0.008783662,0.01046709,0.010379739,0.009502735,0.008698398,0.009036966,0.008902957,0.011511014,0.011073111,0.010461284,0.009171671,0.009087862,0.008500646,0.008656126,0.008787237,0.009027021,0.009407318,0.008300284,0.007308193,0.006230981,0.006303899,0.0052505587,0.005627516,0.0051914463,0.0047159065,0.0051883566,0.0066044284,0.007820593,0.007468691,0.006254591,0.005579187,0.005600195,0.005451048,0.0071220924,0.006963245,0.007198182,0.0071068616,0.0070800376,0.007072932,0.007067151,0.007062511,0.007058831,0.0070559406,0.007053699,0.007051966,0.0070506474,0.0070496555,0.007048905,0.0070483503,0.0070479433,0.0070476434,0.0070474297,0.0070472728,0.007047163,0.0070470823,0.0070470287,0.0070469887,0.007046962,0.007046949,0.0070469356,0.0070469286,0.007046919,0.007046919,0.007046919,0.0070469156,0.0070469156,0.007046912,0.007046912,0.0074080504,0.0054842453,0.0047995974,0.013535083
0.011823429,0.0032324295,0.005117865,0.007451599,0.00761661,0.00799039,0.00876258,0.007772049,0.00775196,0.0067021935,0.00639335,0.0061243773,0.006350796,0.0071791755,0.0071811476,0.006868392,0.0064427406,0.006213069,0.0043240353,0.0045809424,0.008881318,0.017331073,0.0141361365,0.006077925,0.0055856463,0.0065361126,0.007155613,0.007239101,0.007288057,0.0073888754,0.0073433477,0.007923928,0.008145097,0.007827286,0.0069743553,0.006714992,0.006794288,0.0065060384,0.005880818,0.004748162,0.00357398,0.002761592,0.0023422039,0.0024728854,0.0038885784,0.0058428296,0.0077883843,0.0071916734,0.006471094,0.0033654673,0.0039305673,0.0052285413,0.0042401697,0.0055466206,0.0067125084,0.006448258,0.006632034,0.0062318468,0.006794268,0.0066448227,0.007278892,0.007993241,0.008956644,0.008214704,0.0065141865,0.005833406,0.007305599,0.0051723025,0.01323285,0.01718042,0.5441795,0.018781146,0.010601204,0.002309696,0.004628325,0.0054006083,0.008027152,0.005849118,0.007243869,0.0063258484,0.01826445,0.007960285,0.0057469164,0.0033793303,0.0046149925,0.004512174,0.0065353136,0.0113218,0.0099456785,0.006998117,0.0046678004,0.004599104,0.0036727027,0.0031831143,0.0035377936,0.004699561,0.003737797,0.004712978,0.006356772,0.011229075,0.008147315,0.0043711867,0.004169266,0.008769902,0.009209413,0.006388248,0.0033467473,0.0040507833,0.012472244,0.019119542,0.007897134,0.0037847043,0.0027618876,0.0071428604,0.009615012,0.017484851,0.018002067,0.018979155,0.014792015,0.018859692,0.012579552,0.011299884,0.005066073,0.013497908,0.008399321,0.54930055,0.025110861,0.02493016,0.0034461217,0.0020542,0.004027544,0.010643404,0.60396075,0.023256632,0.024915779,0.009544598,0.0083951475,0.0055017187,0.0033712573,0.0060885437,0.010441316,0.021148143,0.02336397,0.022468036,0.007663158,0.004853823,0.0029513638,0.0046033734,0.0074666766,0.020736925,0.00906198,0.0063659013,0.004706342,0.0074264845,0.006493011,0.008466316,0.010373804,0.0082776155,0.0049938494,0.0036560073,0.0035950914,0.0040543997,0.0049728416,0.0057051172,0.008116647,0.0066756946,0.0066473507,0.004470202,0.011658817,0.0060326927,0.007426204,0.00529834,0.008741599,0.008564329,0.008370553,0.007768273,0.008559034,0.009930833,0.009977223,0.008837734,0.008768575,0.00929736,0.009003845,0.008386673,0.008841621,0.010581936,0.010040276,0.009144512,0.008715993,0.008967133,0.009342663,0.010092335,0.011883541,0.010175982,0.009391113,0.007954492,0.008913667,0.008533592,0.009418687,0.00887414,0.008727512,0.0075045307,0.006405921,0.005318099,0.005486201,0.005267914,0.0061453567,0.005770387,0.005098662,0.0050354064,0.0072219176,0.008698658,0.009083222,0.0063150343,0.005823818,0.0060812617,0.0059141545,0.0068037217,0.0067386734,0.0071206866,0.0070989323,0.00707739,0.0070707146,0.0070653,0.00706098,0.0070575704,0.0070549175,0.0070528705,0.007051315,0.0070501333,0.007049255,0.0070485976,0.0070481203,0.007047767,0.007047513,0.007047333,0.0070472024,0.007047109,0.0070470492,0.007047002,0.0070469687,0.0070469524,0.0070469384,0.0070469286,0.007046926,0.007046919,0.007046919,0.007046919,0.0070469156,0.0070469156,0.007046912,0.007046912,0.0074080504,0.0054842453,0.0047995974,0.013535083
0.01161485,0.0029794176,0.005104572,0.0067835003,0.0074080965,0.008758502,0.009115152,0.007235089,0.007498708,0.0065893847,0.0064724367,0.0061244876,0.0057696374,0.0054096137,0.005510813,0.006663747,0.006536651,0.0066587646,0.0043872846,0.007147119,0.01248827,0.31368977,0.026444675,0.013257342,0.0053960006,0.006902952,0.00710949,0.0073405085,0.007212276,0.007382695,0.007289371,0.0077623315,0.007988698,0.007951464,0.007690256,0.007243163,0.0069228094,0.006538299,0.005732706,0.007156576,0.008311081,0.007397606,0.004302171,0.0035605475,0.0024359203,0.008618921,0.010293721,0.2992925,0.02452393,0.017662086,0.0059284437,0.00397586,0.0040475624,0.0059705386,0.0070311977,0.0071494705,0.007457434,0.0067513273,0.0073120585,0.007037496,0.008354234,0.008319346,0.007875037,0.006743073,0.00618227,0.0069013415,0.00860228,0.008111082,0.010405328,0.0109532215,0.018926436,0.009307189,0.005069836,0.0022894638,0.0052369013,0.009108119,0.018593054,0.007938542,0.0053650136,0.0035542937,0.008226062,0.005629419,0.005612532,0.0041448735,0.005543673,0.004972993,0.0057459953,0.0047232085,0.0058001997,0.0048150304,0.0060647554,0.0054241903,0.0045681796,0.00424649,0.004989977,0.006291938,0.004871794,0.005178983,0.003884997,0.004757947,0.003934665,0.007377266,0.011588128,0.021976374,0.01429597,0.008578276,0.005441042,0.014674309,0.03657649,0.21390378,0.014881479,0.012084829,0.0037175312,0.011963487,0.015621153,0.40290076,0.5476532,0.44903702,0.36115152,0.41101003,0.05103861,0.026267465,0.0059568575,0.003705668,0.0029921771,0.01618899,0.014234378,0.5477301,0.014552372,0.007844788,0.0025380128,0.0047007096,0.020443145,0.0176634,0.017122546,0.011471641,0.0055440143,0.0062034936,0.0018259012,0.003829721,0.01023302,0.51413107,0.47219604,0.5528562,0.03345089,0.0068256357,0.0016940138,0.0030431615,0.0064538326,0.016338212,0.010476924,0.008579623,0.005240032,0.006755428,0.007089366,0.011921945,0.017102366,0.018159885,0.0062560015,0.003940008,0.0037209906,0.005438135,0.006898907,0.0053785928,0.0071143787,0.007596126,0.0085254265,0.0049745385,0.0053913062,0.0055060196,0.0068749036,0.007008741,0.00917647,0.009763999,0.00933604,0.008690644,0.008637895,0.009901746,0.008314591,0.006951645,0.0067724544,0.008937038,0.009943105,0.009924623,0.009228892,0.009928878,0.00872105,0.008207942,0.007885871,0.008568621,0.009724668,0.009326414,0.009769011,0.009010775,0.00869737,0.008408623,0.008427434,0.008104084,0.008005061,0.0073585464,0.006768161,0.0064642797,0.0065852534,0.006405572,0.0072206194,0.006666083,0.0063553746,0.005794398,0.0048032654,0.0048260675,0.0065869694,0.00970872,0.009387573,0.006993065,0.0059443563,0.006316283,0.005993534,0.0066871345,0.0067097275,0.0071388064,0.007091915,0.0070752557,0.0070689507,0.0070638387,0.007059773,0.007056578,0.0070541166,0.00705223,0.0070508006,0.007049733,0.007048938,0.0070483536,0.0070479307,0.007047623,0.007047406,0.007047256,0.0070471494,0.007047069,0.007047019,0.007046979,0.007046962,0.007046942,0.0070469324,0.007046926,0.007046919,0.007046919,0.0070469156,0.0070469156,0.0070469156,0.0070469156,0.007046912,0.007046912,0.0074080504,0.0054842453,0.0047995974,0.013535083
0.01113929,0.0030062217,0.004441136,0.0074091554,0.00840724,0.008166802,0.008875428,0.007740488,0.0071558,0.0061686495,0.0062263743,0.006011406,0.0053713783,0.0051095462,0.0051535764,0.0049727475,0.0056803995,0.0067278887,0.0058093057,0.0074333283,0.009847462,0.026772667,0.015531242,0.009583203,0.0057471828,0.0071547693,0.007466047,0.007509273,0.007649305,0.007668142,0.006760146,0.0071719056,0.0072512827,0.006997858,0.006627917,0.0065342984,0.005854702,0.005657142,0.00526239,0.009540884,0.012995017,0.016577149,0.0062578754,0.003410164,0.002076134,0.0040520607,0.010129197,0.020795478,0.028528765,0.38961017,0.015751453,0.010353748,0.004250611,0.006537255,0.008122811,0.008496226,0.008747042,0.0074887313,0.007843956,0.0077315457,0.0092938375,0.008849709,0.0075170887,0.006598627,0.0064316634,0.007862414,0.009775725,0.009905716,0.008908192,0.0071239574,0.012956543,0.009315151,0.008144033,0.0034682672,0.009005356,0.016722217,0.38833806,0.021118542,0.008250951,0.0026117058,0.0050007375,0.004694679,0.0055927536,0.0048940876,0.005674052,0.004783224,0.006248405,0.005190048,0.006946236,0.0051323385,0.011860613,0.0071180277,0.0048970333,0.0036381586,0.0039272327,0.0067613176,0.0058292267,0.006408243,0.0032600593,0.006173896,0.009278396,0.3797994,0.078558415,0.33486474,0.30308452,0.045311555,0.031690452,0.0402491,0.33334655,0.03195766,0.02232902,0.012386438,0.0043336516,0.004296627,0.0031316397,0.037308093,0.051982436,0.3543276,0.0506344,0.07196111,0.33806786,0.39982343,0.016499268,0.005708862,0.0020127227,0.0080990875,0.009110537,0.012292945,0.007661943,0.004029652,0.0024583722,0.007337264,0.038901158,0.041348234,0.01246622,0.0042092334,0.0026362138,0.0052994285,0.0023334424,0.0042546033,0.010167479,0.36929733,0.1641076,0.045511667,0.61676186,0.006457619,0.006990652,0.0019318251,0.005130863,0.005646447,0.004464,0.0058937194,0.005384624,0.0055745407,0.0047480087,0.015677426,0.022135718,0.5807238,0.012886631,0.008285346,0.00292324,0.0061145285,0.0058991387,0.0056194104,0.006759502,0.006735997,0.0069911913,0.0059824595,0.0062164594,0.006707716,0.0077904603,0.007629751,0.009073866,0.010986409,0.009503022,0.007922095,0.0075953063,0.009317827,0.009001237,0.007484713,0.0073737022,0.00783626,0.0083135925,0.008764188,0.008614427,0.009346525,0.0074435095,0.0068689054,0.0072673345,0.008065786,0.00912431,0.007901096,0.007897033,0.008278923,0.008629582,0.008057848,0.006969275,0.005971739,0.006786948,0.006658068,0.006887394,0.006225781,0.0071096146,0.007509064,0.0076089976,0.006405739,0.0056329546,0.006032944,0.005907506,0.005870089,0.0059786555,0.0099858325,0.009687346,0.0077707027,0.005766438,0.0062837326,0.0059744767,0.0065777553,0.006622114,0.0070894533,0.0070808493,0.0070736045,0.007067599,0.007062725,0.0070588477,0.0070558265,0.0070535024,0.007051739,0.00705041,0.007049425,0.007048694,0.0070481673,0.0070477906,0.0070475196,0.007047333,0.0070471964,0.0070471023,0.0070470395,0.0070469924,0.007046966,0.007046949,0.0070469356,0.0070469286,0.007046919,0.007046919,0.007046919,0.0070469156,0.0070469156,0.0070469156,0.0070469156,0.007046912,0.007046912,0.0074080504,0.0054842453,0.0047995993,0.013535083
0.011292604,0.0030744094,0.004721749,0.007680005,0.0077984324,0.00777707,0.008993037,0.007932524,0.008193937,0.007143185,0.006763143,0.0057572816,0.005903327,0.0055008447,0.0053786053,0.0053049535,0.0062932107,0.007547341,0.00722855,0.0065231076,0.0067911386,0.010497885,0.010376835,0.008087129,0.006419687,0.006898515,0.0069650123,0.007314315,0.007424165,0.0074941134,0.006722562,0.0068375384,0.006974937,0.0072005205,0.007161412,0.006831505,0.0060960045,0.005370112,0.0041154525,0.010854866,0.021418644,0.41121516,0.018946873,0.009094435,0.004958776,0.0058391606,0.007194936,0.007766278,0.010238488,0.011380283,0.008311647,0.0054196515,0.0042377943,0.006122903,0.0070204,0.007452431,0.007893217,0.008367446,0.0080879135,0.008311536,0.008581083,0.008568638,0.0073796483,0.0062977425,0.0058334917,0.0069806296,0.009128212,0.010624721,0.009223434,0.0068524047,0.006728583,0.0066933995,0.0071249255,0.0041903304,0.007715127,0.013613644,0.20134515,0.017693799,0.007920807,0.0028333797,0.005742319,0.005078555,0.0055650435,0.005321445,0.005855393,0.005262627,0.0050161853,0.0036425018,0.003882521,0.003501651,0.010041883,0.0073202243,0.009984328,0.004811444,0.005059737,0.0058526597,0.0075831814,0.0061023403,0.004617795,0.0032941222,0.0072281975,0.015207518,0.2935477,0.2914207,0.14968145,0.13007142,0.27457836,0.5548367,0.03305697,0.03968468,0.010183688,0.57804304,0.017098278,0.014260843,0.010718182,0.029630778,0.048391264,0.039056506,0.021216895,0.047738407,0.36357772,0.0762351,0.010918691,0.0022373218,0.0016398731,0.004186351,0.0048255776,0.0100939255,0.006702212,0.0057019484,0.005308905,0.014462573,0.039995156,0.3969545,0.035353348,0.0055948202,0.0019363952,0.004612818,0.0027243039,0.0050887153,0.008435634,0.42047027,0.0445535,0.022149287,0.0071796584,0.005478636,0.0056368364,0.0063175578,0.013952836,0.009401214,0.008183447,0.007052009,0.0039360225,0.0060414346,0.0063483533,0.008190601,0.009840105,0.021602385,0.017732777,0.0060436195,0.0046774494,0.0045432555,0.005507378,0.0061485763,0.007446342,0.00820823,0.007581642,0.006497174,0.006043728,0.0051881894,0.005319658,0.0037888812,0.005851217,0.0074548335,0.00868771,0.007850287,0.0071866056,0.007669771,0.008089218,0.0064215087,0.0068108435,0.0075023742,0.008181705,0.007719472,0.007284252,0.008748832,0.0076911813,0.0071712136,0.0076012453,0.008280854,0.010721604,0.00918883,0.008023793,0.0071782917,0.0066717244,0.0071841767,0.0073909843,0.0065558744,0.0080428105,0.0065949,0.0067555783,0.006174069,0.007865618,0.008549697,0.007281335,0.004534207,0.003879627,0.0046723085,0.0049891793,0.0056718793,0.006811531,0.010666692,0.010840224,0.008384706,0.0057981797,0.006283072,0.0059719174,0.006575743,0.0066199913,0.0070873895,0.0070793005,0.0070723994,0.007066622,0.007061919,0.0070581823,0.0070552784,0.007053058,0.0070513748,0.0070501193,0.0070491983,0.007048524,0.0070480336,0.0070476867,0.007047443,0.0070472728,0.007047152,0.0070470725,0.007047019,0.007046979,0.007046955,0.0070469384,0.0070469286,0.007046919,0.0070469156,0.0070469156,0.0070469156,0.0070469156,0.0070469156,0.0070469156,0.0070469156,0.007046912,0.007046912,0.0074080504,0.0054842453,0.0047995974,0.013535083
0.013101484,0.0032455714,0.005758821,0.00729974,0.0071019,0.0073149665,0.008283842,0.008928081,0.009515926,0.00770375,0.007315919,0.006092504,0.007281739,0.007282535,0.007434542,0.007168922,0.008027805,0.008322722,0.010052184,0.008503866,0.0071826633,0.0063965074,0.0071714176,0.0074180784,0.006987108,0.0066168346,0.0066948677,0.007026532,0.0076457476,0.0076751993,0.006850146,0.0064905197,0.006478693,0.006763918,0.006824866,0.0064447885,0.006635494,0.0057193306,0.00502523,0.006694297,0.011255704,0.01626451,0.011148218,0.0062484914,0.005056159,0.006646019,0.0074240877,0.005130627,0.005324023,0.0079475455,0.007415881,0.0063658953,0.0047005,0.0055847825,0.0058966926,0.006392832,0.0073815836,0.0073488588,0.0075819655,0.007889621,0.0076350453,0.0072712475,0.006769959,0.006714757,0.0061888504,0.0058499384,0.0064558024,0.007717413,0.007704278,0.0061250245,0.006487249,0.006997398,0.008091957,0.005005841,0.006556595,0.008122446,0.020136148,0.009443851,0.0069364076,0.0038351642,0.006038199,0.005713883,0.006788205,0.0058126887,0.0063387053,0.004463716,0.003996167,0.0026069244,0.0017002011,0.002990488,0.0028860727,0.0050228867,0.004751243,0.005222347,0.0060358276,0.0070515852,0.008151128,0.006793898,0.0047630235,0.005318422,0.0047766617,0.011190402,0.02663365,0.07168462,0.33086595,0.31130582,0.53288895,0.07491034,0.016823629,0.0033704129,0.004261289,0.016365953,0.008833821,0.0075311,0.012052099,0.023533765,0.49552423,0.03206494,0.032680687,0.020145282,0.54011565,0.29799128,0.01625445,0.006324012,0.0028747388,0.0027634455,0.0020813895,0.0025641152,0.0033641432,0.0077399747,0.017361399,0.040110905,0.3770791,0.5086053,0.020846944,0.0042123445,0.0013220476,0.005056667,0.005774429,0.01099182,0.027603256,0.38860255,0.0625818,0.006852083,0.0040007834,0.0050692055,0.018343642,0.012922358,0.016580757,0.017830433,0.007999501,0.0040312237,0.0021814986,0.004555625,0.006311944,0.004651821,0.006384741,0.027385462,0.029680403,0.015401627,0.008740119,0.008707465,0.011054668,0.009792195,0.0063747326,0.007858372,0.008762237,0.0062648123,0.006675309,0.0077879024,0.010308276,0.0070013646,0.0066531524,0.005548796,0.007434236,0.00807823,0.008368317,0.008154501,0.021338003,0.01114639,0.0095511,0.0072846278,0.006976027,0.006461959,0.0058138208,0.0065134736,0.006141633,0.005757593,0.0062184804,0.0070610503,0.008745508,0.009086522,0.008855032,0.007573323,0.0067184754,0.006108547,0.006903374,0.0072867107,0.0075815734,0.0066468343,0.007044614,0.0073292213,0.008521969,0.007548141,0.006226876,0.0045311665,0.00408807,0.00481051,0.0056767915,0.006890878,0.008175775,0.011467824,0.01036981,0.007987896,0.0057352534,0.0061764712,0.0059681423,0.006573862,0.0066182357,0.0070857927,0.0070782015,0.007071582,0.0070659798,0.007061394,0.0070577445,0.0070549115,0.0070527536,0.0070511275,0.007049919,0.0070490343,0.0070483973,0.0070479405,0.007047613,0.0070473864,0.0070472294,0.007047123,0.0070470492,0.007047002,0.0070469687,0.0070469454,0.0070469356,0.007046922,0.007046919,0.0070469156,0.0070469156,0.0070469156,0.0070469156,0.0070469156,0.0070469156,0.0070469156,0.007046912,0.007046912,0.0074080504,0.0054842453,0.0047995993,0.013535083
0.01274706,0.003435057,0.005549238,0.007484313,0.007256362,0.0073424163,0.008086571,0.0073761456,0.009405131,0.007831706,0.0073804064,0.00686461,0.008678856,0.008353895,0.008641028,0.008629179,0.009102896,0.008668119,0.008392433,0.00814413,0.0071435533,0.0067919903,0.007849117,0.007905081,0.0070838137,0.0068415063,0.0068189315,0.006580211,0.0068676565,0.007549638,0.007752921,0.007442939,0.0073471833,0.0071714176,0.007435942,0.008140217,0.008875721,0.0073605943,0.0049227257,0.0048638363,0.006202679,0.014382984,0.014627267,0.007678628,0.006206993,0.00642182,0.007204923,0.0055436175,0.0044745463,0.0045379037,0.004579421,0.0051660617,0.0051408354,0.0047160746,0.005219123,0.0063203783,0.006903135,0.007361458,0.006835369,0.007124224,0.0065316954,0.006183858,0.006099762,0.0060459655,0.0052562854,0.004816982,0.0053024055,0.004219986,0.0050995206,0.007402797,0.010594599,0.010635212,0.0067584743,0.0035845682,0.0044771344,0.0049348236,0.008342715,0.006836091,0.006344832,0.004955589,0.0061179865,0.0060021076,0.005915147,0.005373098,0.0054989564,0.0042301933,0.0039422335,0.003059278,0.0031347927,0.005083663,0.002901288,0.0055638086,0.0066235987,0.006009301,0.0059465747,0.0068250634,0.008564099,0.008240668,0.006413191,0.0050841887,0.0040400764,0.008969198,0.01681014,0.5396777,0.04407951,0.03056639,0.012879718,0.013185277,0.0030755554,0.003046172,0.0029449277,0.020102223,0.019416185,0.42980582,0.029772304,0.3896279,0.05733768,0.033390347,0.5116562,0.029477185,0.07729053,0.012536534,0.004223632,0.0018912661,0.0043614833,0.006519039,0.009497912,0.008379098,0.016349794,0.020627089,0.03345382,0.47046265,0.14496365,0.50118154,0.0151682,0.0034629644,0.0009822869,0.0034617304,0.0043479665,0.006383453,0.020242685,0.06535652,0.5319681,0.008789222,0.010318774,0.005238827,0.5706882,0.070015,0.0604667,0.6029832,0.012591889,0.0034440348,0.0010224534,0.0035686316,0.005892828,0.002891229,0.005813587,0.009644031,0.49842343,0.029372433,0.019536609,0.011517798,0.009590442,0.0081785405,0.0052486616,0.0070994864,0.008729764,0.0061300746,0.008573197,0.009009497,0.019610615,0.007411165,0.0058785737,0.004118082,0.0089214165,0.00886578,0.00907568,0.0072749997,0.008362494,0.0077151824,0.007827604,0.0073150382,0.0076633575,0.006452029,0.0063349307,0.0062044403,0.0072125904,0.0054037236,0.0063387477,0.0053302557,0.0067816884,0.008260243,0.006161033,0.005628584,0.0049634743,0.0053250534,0.0063727098,0.008846042,0.0081896335,0.007356749,0.0069931354,0.006380298,0.0062138024,0.0061334805,0.005399177,0.0054071667,0.0052304743,0.005454205,0.006231052,0.0073165973,0.009722647,0.011147872,0.0099691395,0.0073261065,0.0056769233,0.006034343,0.0059622503,0.006571679,0.006616615,0.007084514,0.0070774504,0.007071097,0.0070656254,0.007061107,0.007057504,0.0070547042,0.007052574,0.0070509743,0.0070497957,0.007048934,0.007048317,0.0070478767,0.007047563,0.007047349,0.007047199,0.0070471023,0.0070470357,0.0070469887,0.007046962,0.007046942,0.0070469324,0.007046922,0.0070469156,0.0070469156,0.0070469156,0.0070469156,0.007046912,0.007046912,0.007046912,0.007046912,0.007046912,0.007046912,0.0074080504,0.0054842453,0.0047995974,0.013535083
0.010783758,0.0033594635,0.004961753,0.007127048,0.007210846,0.0068673836,0.0068416614,0.0071130386,0.0074428297,0.0077044307,0.008076945,0.007208535,0.0075934906,0.007446043,0.00830423,0.008628831,0.008361055,0.007106868,0.0075109513,0.00771761,0.005954641,0.005813929,0.0069085676,0.0068413797,0.0070807016,0.0072005442,0.0069283783,0.0065573934,0.0068449285,0.007286673,0.007888405,0.0078015174,0.0074974126,0.006654486,0.0072010215,0.00841909,0.009399438,0.006942897,0.0063416287,0.0058590667,0.0063602063,0.0071782987,0.0076717534,0.0069805766,0.0074600363,0.0082163075,0.009297399,0.00755496,0.00610082,0.0061227432,0.0058843843,0.00572449,0.0046585333,0.004104139,0.0046293666,0.005301862,0.005822634,0.0055797985,0.005663825,0.0063243443,0.0057645137,0.0059271995,0.0060102153,0.0059277187,0.0055725877,0.0048090196,0.005689572,0.0037806882,0.005425631,0.006613754,0.01782059,0.0084792115,0.0038436865,0.002622557,0.0036270544,0.0032677737,0.003907432,0.0045877798,0.0057110875,0.0055489433,0.005826963,0.006744622,0.007624593,0.007102667,0.0068629165,0.0048756236,0.0033658526,0.002132852,0.0014762608,0.004201079,0.0034395175,0.0059396783,0.0046088197,0.005475448,0.0046256306,0.005852798,0.007862228,0.008672927,0.007294413,0.008302953,0.0067140474,0.005951086,0.005898258,0.009745814,0.0090105925,0.0060602217,0.0059361006,0.0045489417,0.004387383,0.003993198,0.0024056288,0.008009845,0.005174479,0.017522547,0.006200017,0.0069053555,0.015552531,0.032311976,0.06293729,0.04184312,0.29525897,0.020538405,0.007193437,0.003706938,0.0061756526,0.020013053,0.027649296,0.021602197,0.033844426,0.057514586,0.4488916,0.31107014,0.48169392,0.083263405,0.016427753,0.007476592,0.0044771214,0.00926322,0.0051335264,0.0037129493,0.009935382,0.049462337,0.45031208,0.021829575,0.020130113,0.007671912,0.47616893,0.08850302,0.05049931,0.42295116,0.015104111,0.00883416,0.0027553062,0.005979497,0.006111527,0.0018320063,0.0060554296,0.008026044,0.5182573,0.08012134,0.039260946,0.47932357,0.020409381,0.018321844,0.0044923113,0.0071215057,0.008321593,0.0050218715,0.01329985,0.014912659,0.5765548,0.03445772,0.01610675,0.004747256,0.008801448,0.009986676,0.008765816,0.007767163,0.008453645,0.0075369547,0.0079573635,0.007397364,0.008236566,0.008618994,0.00951035,0.008696043,0.008026438,0.0047979984,0.0050999587,0.0045825564,0.004204559,0.006664378,0.0060958224,0.006958746,0.004652314,0.0070528006,0.008718071,0.00901431,0.006885949,0.0063521294,0.0050536455,0.004683598,0.0047430475,0.0052172937,0.0055558626,0.00629933,0.0066103092,0.006398001,0.006995099,0.007918443,0.009247602,0.009053399,0.008377062,0.006539919,0.005517664,0.0059202216,0.005953126,0.0065687383,0.0066149035,0.0070833233,0.0070769046,0.0070708487,0.0070654945,0.0070610098,0.007057417,0.0070546204,0.007052497,0.0070509044,0.0070497356,0.007048881,0.00704827,0.0070478367,0.0070475335,0.0070473226,0.0070471824,0.0070470856,0.0070470227,0.0070469826,0.007046955,0.0070469356,0.0070469286,0.007046919,0.0070469156,0.0070469156,0.0070469156,0.0070469156,0.007046912,0.007046912,0.007046912,0.007046912,0.007046912,0.007046912,0.0074080504,0.0054842453,0.0047995993,0.013535083
0.009971865,0.0026535175,0.0045005796,0.007122663,0.0061306637,0.006381553,0.005672707,0.005350859,0.006278655,0.007542621,0.008249192,0.007625287,0.0069811917,0.0067412215,0.0070392424,0.008158922,0.007022634,0.0065775183,0.006366028,0.005897257,0.0051666433,0.004782389,0.005850399,0.0054799505,0.006914527,0.007497484,0.007240122,0.00687702,0.00744457,0.008071828,0.008302337,0.007954289,0.0073051183,0.006716312,0.0070716464,0.007755636,0.008092796,0.007122629,0.006070633,0.006760674,0.00774177,0.0090053985,0.008360932,0.0058602276,0.0048475945,0.004909047,0.0071132607,0.007354159,0.007417699,0.007702521,0.007695129,0.006983655,0.005257068,0.0048246044,0.004868182,0.0051835645,0.0055023786,0.00543257,0.005627514,0.0062340116,0.006491132,0.0066911965,0.0067374134,0.005910626,0.0052434583,0.0049551376,0.0048153503,0.0026337812,0.004579295,0.007884263,0.40678063,0.015423523,0.007837439,0.0029424168,0.005659994,0.0065489714,0.0058919485,0.005607483,0.004645467,0.005199752,0.0056974217,0.0071857623,0.0078028617,0.00569656,0.0044696974,0.004076256,0.004024559,0.0068211798,0.0056702388,0.006538652,0.0059716003,0.0048989602,0.0036309808,0.0052038776,0.0052622175,0.006612138,0.009237724,0.009845406,0.008467746,0.007874352,0.007325025,0.007670261,0.0055615664,0.0095135085,0.005434062,0.0037349178,0.0028030814,0.0040403334,0.00456357,0.005911999,0.0026966187,0.0070797866,0.008716113,0.5395357,0.011874519,0.009129166,0.009364914,0.052472435,0.39275342,0.084821686,0.056376673,0.021745168,0.0036064067,0.004004114,0.0066571156,0.44815633,0.41770396,0.46273908,0.042202212,0.03883096,0.04127279,0.047801256,0.020515295,0.011125711,0.010394513,0.02112176,0.021786593,0.012726571,0.003712482,0.0016738527,0.0024914106,0.019536061,0.041723642,0.534637,0.021973342,0.01945424,0.012661218,0.013328829,0.009790258,0.013637849,0.009722478,0.009844282,0.011808624,0.005205663,0.0043453416,0.0022205927,0.0039397855,0.008160652,0.028711446,0.6157078,0.022208124,0.023362659,0.0051724277,0.00608341,0.0046263244,0.005900266,0.0054590884,0.004189288,0.007233181,0.0067810817,0.030185293,0.008904244,0.0073692184,0.005679618,0.0104868645,0.010299013,0.00993677,0.00702973,0.007594889,0.006494706,0.0075729215,0.007479098,0.0079860035,0.009670275,0.009556131,0.008453549,0.007753042,0.0063032173,0.006762576,0.005728264,0.0042655743,0.0040217964,0.002693731,0.00457687,0.00423528,0.006748751,0.0069681,0.008750975,0.006339009,0.0057679308,0.0046968693,0.004264829,0.0041445764,0.0047336,0.006741275,0.006431981,0.007828034,0.0066961297,0.007482687,0.008288277,0.009918848,0.01010593,0.008798612,0.006484183,0.0056205457,0.0059204265,0.005939729,0.006564486,0.006612761,0.007081882,0.007076385,0.007070735,0.007065521,0.007061067,0.007057464,0.007054647,0.0070525003,0.007050898,0.007049722,0.0070488676,0.007048257,0.00704782,0.007047523,0.007047313,0.0070471726,0.007047076,0.0070470157,0.0070469757,0.007046949,0.0070469384,0.0070469286,0.007046919,0.007046919,0.0070469156,0.007046912,0.007046912,0.007046912,0.007046912,0.007046912,0.007046912,0.007046912,0.007046912,0.0074080504,0.0054842453,0.0047995974,0.013535083
0.009816243,0.002789169,0.0039922935,0.0065408265,0.0056480244,0.006098923,0.006417112,0.0061350237,0.00652571,0.0069177104,0.0072281705,0.007009083,0.00647992,0.0066299075,0.006997786,0.008325926,0.0066537987,0.006885548,0.005214743,0.005560396,0.0043368684,0.0041983305,0.004330554,0.0048550833,0.006880323,0.007812783,0.0073522376,0.007322913,0.008214113,0.008778001,0.008314249,0.0074067325,0.0072866105,0.007077565,0.007265246,0.007148814,0.0074826805,0.0062826215,0.0063454183,0.0066030608,0.0071321246,0.007007783,0.006598027,0.0065669552,0.00943497,0.010273809,0.010742883,0.006849617,0.0062822825,0.006093168,0.00650503,0.006183682,0.005983409,0.005184713,0.005833998,0.005636037,0.0056216726,0.005399315,0.0053846166,0.005493592,0.0052904054,0.0063546216,0.0070036524,0.0067576617,0.0064535574,0.00613491,0.00602626,0.003857798,0.003936185,0.00396381,0.006773764,0.005684085,0.0034602883,0.0038968448,0.0072636097,0.011639981,0.0050939787,0.0029946691,0.0030187746,0.005959814,0.009361014,0.006936746,0.012840928,0.008218026,0.009015967,0.0026075507,0.0020737268,0.0037305204,0.025504086,0.025602093,0.009940749,0.0035910783,0.0022700152,0.0045187003,0.005119426,0.0065293596,0.007621542,0.0076400726,0.0072886776,0.0079314895,0.00817851,0.007670225,0.005140167,0.004116549,0.0038020876,0.0047853016,0.0060582366,0.00735568,0.0067651295,0.0068781697,0.0042850333,0.005596218,0.006212519,0.014945498,0.0033827703,0.006561728,0.00803679,0.46708155,0.39990878,0.098648466,0.05447773,0.42051286,0.010241755,0.008866288,0.0068422193,0.4129942,0.42351434,0.33653286,0.0364165,0.030715805,0.050719507,0.021673521,0.003716193,0.002667458,0.014187116,0.4029324,0.5241023,0.035139628,0.011899124,0.002779603,0.0056973947,0.007195273,0.012649188,0.008779412,0.0072067166,0.0050430186,0.009500488,0.011898921,0.009247881,0.007823898,0.013740454,0.015137871,0.65972596,0.011314901,0.01084408,0.002386637,0.004494435,0.0047003394,0.010295141,0.011078804,0.007618361,0.006119306,0.003979192,0.0051193167,0.0031109774,0.0045803622,0.0062429984,0.004752407,0.004781796,0.004262576,0.011863022,0.008330143,0.0075147166,0.0068145054,0.008773787,0.008425393,0.007739009,0.0064477967,0.007851092,0.0062749963,0.007244592,0.007834169,0.008853894,0.010131679,0.009442763,0.007550192,0.0064957244,0.0064881095,0.006402732,0.0056179957,0.004410664,0.004856491,0.0034952578,0.0040731346,0.00502735,0.007592528,0.006464528,0.0071551865,0.0059069428,0.005403862,0.005528848,0.003657356,0.0041504945,0.0038286077,0.005307886,0.0058895326,0.007262585,0.0070650564,0.0073620784,0.007210061,0.009412506,0.00938765,0.009388203,0.007170891,0.006072639,0.0062522884,0.0060731713,0.0065944213,0.006623175,0.00707984,0.007075671,0.0070706215,0.0070656254,0.007061217,0.007057601,0.0070547475,0.007052574,0.007050944,0.0070497454,0.0070488774,0.0070482604,0.0070478236,0.007047516,0.007047309,0.007047169,0.007047076,0.007047012,0.007046972,0.007046949,0.0070469384,0.0070469286,0.007046919,0.007046919,0.0070469156,0.007046912,0.007046912,0.007046912,0.007046912,0.007046912,0.007046912,0.007046912,0.007046912,0.0074080504,0.0054842453,0.0047995993,0.013535083
0.012050946,0.0041634496,0.0052131303,0.0058818464,0.0068479246,0.0066184304,0.005935808,0.006604669,0.006293387,0.0072101527,0.0068215476,0.0071916156,0.0065824436,0.0070190597,0.0073416824,0.008418922,0.0058698836,0.006152269,0.004776979,0.0067062485,0.0044562654,0.0062106294,0.0046870625,0.0061228042,0.008233481,0.0094343955,0.008558808,0.007964297,0.008593818,0.0087183835,0.007499251,0.006945545,0.0070910244,0.006931407,0.0069456995,0.007102983,0.0075255143,0.0071188905,0.0068445103,0.007198285,0.007387592,0.0063319844,0.006235125,0.01030884,0.01744774,0.012883399,0.008177952,0.004939895,0.0053858478,0.005154664,0.0059672343,0.00578378,0.006599143,0.0061285673,0.006976278,0.006382479,0.0066373385,0.005491433,0.006105074,0.0057769916,0.006946295,0.0072136964,0.0065035457,0.0068246177,0.007198925,0.007259382,0.0048837718,0.0030619914,0.0044518188,0.0052840626,0.0056305267,0.0027982313,0.0014082533,0.0036750538,0.0072322674,0.20482126,0.009979824,0.0049228375,0.0021424794,0.010595804,0.020790823,0.0067342934,0.0026105212,0.0022486742,0.0060199853,0.00167488,0.002392203,0.0066520846,0.43125823,0.443469,0.019461315,0.0042396905,0.0013447892,0.0055683586,0.0067141275,0.00836986,0.007880926,0.0074849655,0.0072322707,0.007406988,0.0071021155,0.006744207,0.0061269407,0.006842235,0.0054743555,0.00612091,0.0060066693,0.006774119,0.0057938597,0.005692472,0.004247288,0.005436049,0.004877692,0.012034158,0.0046856147,0.008475412,0.011591335,0.43931842,0.46084395,0.06678106,0.0595283,0.46449733,0.010411698,0.013056787,0.004861072,0.3832578,0.040157605,0.019718787,0.014198505,0.020812307,0.5725394,0.012652077,0.00377214,0.0018261742,0.021979982,0.057583313,0.54041576,0.039587837,0.01913664,0.0069559156,0.0031466924,0.002609558,0.0036066622,0.015545933,0.011880328,0.0065245233,0.0043457663,0.006202327,0.0058773845,0.0045684506,0.004119246,0.004873609,0.009698684,0.005286577,0.0039956034,0.00390558,0.0054495228,0.005689807,0.004005675,0.008011694,0.0034718057,0.004172532,0.0043598106,0.007790401,0.005725017,0.004520472,0.002834653,0.0033303178,0.0041936487,0.0050542527,0.0060411366,0.007887434,0.0078086257,0.008067435,0.008490813,0.007833077,0.0073833973,0.006317566,0.008109371,0.00699047,0.00733442,0.0072589526,0.00783411,0.008112345,0.005961976,0.0061094915,0.0054364586,0.004820883,0.0042180447,0.0033390312,0.0034880822,0.0045587183,0.0045494293,0.0039983615,0.0048775487,0.007315565,0.008611822,0.00635219,0.0065720775,0.0066395686,0.0074534295,0.005850044,0.004547245,0.0045389077,0.0050800755,0.005513884,0.005245817,0.004879621,0.0053249924,0.006085725,0.008798105,0.009323098,0.010226285,0.0074407165,0.0063163876,0.006658856,0.0062410464,0.006575275,0.006635446,0.007076888,0.007074579,0.007070404,0.007065742,0.0070614214,0.007057791,0.007054898,0.007052681,0.0070510176,0.0070497957,0.0070489147,0.007048277,0.0070478367,0.007047523,0.007047313,0.0070471726,0.007047076,0.007047012,0.0070469687,0.0070469454,0.0070469356,0.007046922,0.007046919,0.0070469156,0.0070469156,0.007046912,0.007046912,0.007046912,0.007046912,0.007046912,0.007046912,0.007046912,0.007046912,0.0074080504,0.0054842453,0.0047995974,0.013535083
0.01918231,0.004477629,0.005658366,0.0067435047,0.008026966,0.010686688,0.0077366177,0.0072405916,0.0064675207,0.008091721,0.007345948,0.0082096895,0.006851765,0.0074543324,0.0070474297,0.007686392,0.005502123,0.0060021365,0.0050879386,0.006799947,0.004413785,0.0046320832,0.0050929347,0.0064958506,0.008786087,0.009605114,0.009326348,0.008737075,0.008206262,0.008136818,0.0073895985,0.0069730906,0.0066550346,0.0063444083,0.007248792,0.0076037925,0.009373765,0.008470217,0.007892078,0.0075386707,0.007157775,0.0060512926,0.010287515,0.015702618,0.29369256,0.29447013,0.023657124,0.009851586,0.0039689564,0.0043551377,0.005133337,0.006562996,0.00775757,0.008099452,0.00733775,0.0067822705,0.0058883466,0.00565862,0.0065023904,0.0074946852,0.007970229,0.008578933,0.0076161665,0.0063893017,0.0068176207,0.0077216164,0.006215991,0.007964812,0.008820939,0.011544325,0.0028917498,0.0019944638,0.0026802053,0.0050355447,0.007916873,0.0080456715,0.004722948,0.0030787196,0.0070410627,0.014719843,0.46244878,0.005082132,0.0020957883,0.0008085785,0.0040993043,0.0032254064,0.0051905396,0.013390759,0.44691476,0.40843135,0.0168564,0.0029853855,0.0011692279,0.0054321033,0.0055587664,0.007128141,0.006260874,0.0064371205,0.0068157804,0.007332188,0.0065882676,0.0060116653,0.0046626567,0.0050118365,0.0043841116,0.00562154,0.005023502,0.0065735783,0.0063883355,0.0062562744,0.0060621663,0.0056212037,0.005191414,0.0054851533,0.00516359,0.0077140946,0.010114516,0.038600508,0.059824016,0.0423444,0.024193078,0.033556435,0.007590797,0.005844702,0.004678917,0.037828043,0.0074697337,0.005835527,0.0076994062,0.037754424,0.50630254,0.027737819,0.01254762,0.0062907455,0.009055324,0.015001925,0.0110170515,0.012438145,0.0144705195,0.45279896,0.017771482,0.010134515,0.005800362,0.013628057,0.006914822,0.0058702533,0.005647668,0.009753087,0.008963855,0.006591917,0.0044654007,0.004090796,0.007698094,0.005687843,0.005536236,0.00435189,0.005707043,0.005892096,0.004465104,0.0035336574,0.0014352377,0.0025368084,0.005882359,0.0183222,0.010370109,0.0052709435,0.0029020456,0.0057243328,0.0058755237,0.006757719,0.006884668,0.009214958,0.008133341,0.008049855,0.0069761355,0.00619935,0.0068378136,0.0062077073,0.008173143,0.0074135438,0.008278191,0.0070990366,0.007789288,0.008963444,0.008897518,0.0069602914,0.0050396486,0.004337744,0.0068968814,0.0054010516,0.004839906,0.00518974,0.0041272854,0.0050568497,0.0051685306,0.0040947455,0.0055833184,0.0067616827,0.0071668588,0.008461082,0.007886889,0.0074051376,0.0054094675,0.0062981476,0.0041037668,0.0061718365,0.008047998,0.011329323,0.009105799,0.007396353,0.0053609386,0.0075083487,0.00941266,0.008310499,0.007530245,0.007729074,0.0067216554,0.0066855513,0.006717772,0.0070729083,0.0070730057,0.007070002,0.007065809,0.0070616324,0.0070580114,0.0070550777,0.0070528137,0.0070511177,0.0070498623,0.007048958,0.007048314,0.007047857,0.0070475363,0.0070473226,0.0070471726,0.0070470786,0.007047012,0.0070469687,0.0070469454,0.0070469356,0.007046922,0.007046919,0.0070469156,0.0070469156,0.007046912,0.007046912,0.007046912,0.007046912,0.007046912,0.007046912,0.007046912,0.007046912,0.0074080504,0.0054842453,0.0047995993,0.013535083
0.021688083,0.0043695415,0.005641331,0.0066271224,0.0060440977,0.009277458,0.009109564,0.008407462,0.007038736,0.008109636,0.0071455557,0.008695016,0.0073955017,0.0082888855,0.0067856656,0.007317875,0.0055067874,0.007007959,0.0068668015,0.0075949356,0.0071741636,0.008500984,0.011030952,0.009264083,0.009986724,0.009061804,0.010210206,0.009497302,0.008907653,0.008950402,0.00805369,0.0071514747,0.0065754065,0.0063656215,0.006776362,0.006877616,0.009058923,0.009646955,0.009923316,0.0093800295,0.008699998,0.006552602,0.005821193,0.0080740275,0.010907651,0.0154601475,0.007405453,0.005362042,0.0045478665,0.0053104693,0.0056789373,0.006845885,0.0077651315,0.010516575,0.009198665,0.0076174173,0.006039525,0.0056338753,0.006689875,0.007988902,0.009399971,0.008784334,0.0069510196,0.0058674156,0.005581516,0.0073505775,0.004920708,0.01125423,0.015899042,0.5787837,0.019371258,0.011818031,0.005588873,0.0098543875,0.0069784746,0.0042666397,0.004267499,0.005979678,0.0107534025,0.007549306,0.005276221,0.0023202766,0.0025977804,0.0018202775,0.0044683036,0.0047258027,0.008427397,0.015450788,0.47606847,0.48179755,0.020259092,0.0066481093,0.0020934378,0.007216163,0.0057850387,0.007866857,0.007772574,0.0076091415,0.0076378575,0.00677462,0.00546679,0.0057919426,0.008286017,0.009093859,0.0052165836,0.0055095535,0.0057403697,0.0074374494,0.0067036315,0.0071592596,0.007510503,0.0069777346,0.0052867173,0.003988736,0.0026457529,0.002008811,0.0029896065,0.02031579,0.06830493,0.4823231,0.04570428,0.52737427,0.014577816,0.013560562,0.0037329649,0.013310542,0.003536916,0.007937288,0.006538835,0.39481023,0.11241736,0.0900472,0.028975427,0.5292625,0.02341432,0.02149147,0.010876192,0.010025647,0.017922027,0.028950207,0.0076558334,0.0100734355,0.010815454,0.5657092,0.021301467,0.016039822,0.0041279714,0.007988902,0.0072351503,0.0073733456,0.0045192754,0.0053069997,0.0040492504,0.0041983547,0.0049160686,0.0058316174,0.005284639,0.0058666146,0.0039316053,0.0042158403,0.0026820528,0.007902078,0.017560054,0.47925264,0.02392765,0.00736985,0.0020563898,0.004851311,0.005976556,0.005681848,0.00825097,0.010051814,0.008359438,0.0078497995,0.0067974385,0.0070552053,0.0062290593,0.008111469,0.007871696,0.007937724,0.0075232456,0.006444871,0.005854855,0.00800761,0.007550989,0.008410627,0.0046227113,0.005390828,0.0074776746,0.01239173,0.003607502,0.0026224437,0.0019495265,0.0040627974,0.0050523556,0.004925618,0.0053829057,0.0069330153,0.006338537,0.007143015,0.0070019285,0.007834678,0.0060727424,0.0076609757,0.0045756404,0.007939812,0.007833313,0.01946843,0.0067255306,0.004876181,0.0035437006,0.006611753,0.008110803,0.008379293,0.0076654246,0.008182785,0.007063608,0.0068812813,0.0068695825,0.0070680706,0.007071,0.0070694126,0.007065812,0.0070618223,0.0070582316,0.0070552654,0.007052961,0.007051218,0.0070499456,0.0070490115,0.0070483475,0.0070478767,0.0070475503,0.0070473296,0.0070471824,0.0070470823,0.0070470157,0.0070469757,0.0070469524,0.0070469356,0.007046926,0.007046919,0.0070469156,0.0070469156,0.0070469156,0.0070469156,0.007046912,0.007046912,0.007046912,0.007046912,0.007046912,0.007046912,0.0074080504,0.0054842453,0.0047995974,0.013535083
0.022735635,0.005123987,0.0061843884,0.007985403,0.0073815836,0.007872739,0.0076349154,0.008115434,0.0083211,0.0076799258,0.0072642015,0.008169687,0.008054586,0.008966282,0.0067079766,0.007527587,0.006019743,0.00953828,0.007050236,0.0062374272,0.0061260173,0.006609664,0.0139397755,0.009566639,0.011544223,0.0076451795,0.009860897,0.008984223,0.009525728,0.008943325,0.008146626,0.0069143837,0.006522305,0.006097429,0.006533812,0.0062383614,0.007970221,0.009435109,0.010914202,0.008839531,0.009402072,0.0064847386,0.0049407934,0.0050141932,0.0053275665,0.0070232856,0.004439224,0.0054085697,0.005344703,0.0069758575,0.006362262,0.0070529473,0.007747548,0.009926048,0.007884819,0.007547166,0.0063694012,0.0058620665,0.0065646227,0.0077942275,0.008310283,0.00827955,0.006778288,0.005344503,0.0049006245,0.0057278243,0.0044193645,0.005869202,0.009528429,0.017656857,0.12846915,0.029033836,0.03259715,0.5537587,0.014670387,0.003790609,0.0022613562,0.006712156,0.4249413,0.010842003,0.0065407734,0.0016826174,0.0027270955,0.010141536,0.0037578517,0.0030647318,0.0024162256,0.005924829,0.01673268,0.017137077,0.0072276196,0.0045495764,0.004088266,0.006686637,0.005629368,0.0068795476,0.0069189556,0.00662028,0.0065830923,0.0064609945,0.0065487786,0.0059928177,0.005615511,0.0062070573,0.005281076,0.006411207,0.006431941,0.006806055,0.007064742,0.007330939,0.0068744607,0.006953956,0.00932685,0.0072102863,0.009543899,0.0042239553,0.010348682,0.015324945,0.48657227,0.032828197,0.019090256,0.008585494,0.0069946125,0.0062171286,0.004604335,0.0067651356,0.0032484266,0.008980526,0.016254617,0.51200604,0.39285702,0.21493979,0.032258257,0.017663889,0.014523438,0.011287973,0.006184573,0.012910096,0.016992915,0.4209518,0.025568789,0.40755886,0.022424124,0.056373455,0.007871116,0.007035967,0.004379192,0.007686436,0.0061051464,0.0054068845,0.005457349,0.0051818807,0.0064090723,0.0059989905,0.0047197016,0.0060325325,0.0059918035,0.0073956912,0.0042749373,0.007836286,0.0039442186,0.015672944,0.021830095,0.47719142,0.019114893,0.0028647943,0.0009952869,0.0059200116,0.012032221,0.00832502,0.006758442,0.005342235,0.0065312684,0.0060465303,0.0042927754,0.00479433,0.005520116,0.007430233,0.0069255214,0.0058349855,0.0059162662,0.0065067997,0.006397192,0.0072453576,0.009062755,0.009349519,0.005661854,0.009517603,0.01419934,0.6415536,0.011549208,0.008637112,0.002698947,0.0058147004,0.005825138,0.0055539133,0.005018971,0.0062439246,0.0084372135,0.0090566,0.0077652824,0.008219588,0.007688917,0.01547189,0.005208056,0.013871429,0.010899069,0.6102429,0.014822211,0.012091246,0.0029618372,0.0067358213,0.008123629,0.007888557,0.0076774945,0.007765895,0.007053572,0.0069588018,0.0069959005,0.007062879,0.0070687975,0.007068707,0.007065739,0.0070619695,0.0070584198,0.0070554325,0.0070530945,0.007051318,0.0070500164,0.007049062,0.007048387,0.0070479005,0.0070475666,0.0070473426,0.0070471894,0.0070470856,0.0070470157,0.0070469757,0.0070469524,0.0070469356,0.0070469286,0.007046919,0.0070469156,0.0070469156,0.0070469156,0.0070469156,0.007046912,0.007046912,0.007046912,0.007046912,0.007046912,0.007046912,0.0074080504,0.0054842453,0.0047995993,0.013535083
0.01803527,0.0036854811,0.006576765,0.010154645,0.00828575,0.00718231,0.006529223,0.0054896055,0.004987324,0.0066261436,0.0063963644,0.008208552,0.007703914,0.0076826005,0.0074169836,0.0068063065,0.0066444413,0.010494338,0.008198674,0.0076123183,0.007735103,0.008040346,0.012185187,0.0093041435,0.013251878,0.007616415,0.008692311,0.0078447955,0.008418318,0.00830165,0.0075785215,0.00726274,0.006688573,0.0061612143,0.006401267,0.005609478,0.006725489,0.007902613,0.009803002,0.009837066,0.009795714,0.0068123955,0.004429213,0.0032157963,0.0028314537,0.0032772461,0.0034945053,0.005443195,0.005887925,0.0067742346,0.006376268,0.008288889,0.008608354,0.010878464,0.010247891,0.009594025,0.007658373,0.00679853,0.00630053,0.0072347773,0.0076011918,0.008313483,0.0053967806,0.004836295,0.0040810346,0.004237873,0.0035564003,0.0047712647,0.006010702,0.011735201,0.009032184,0.006967764,0.0054964353,0.008073329,0.00419737,0.0018154157,0.0022333653,0.0048397384,0.010297157,0.0062938314,0.002223224,0.0039893063,0.0085085705,0.50332123,0.01160137,0.006419222,0.0023588683,0.0045467997,0.0061860736,0.0071846223,0.006944489,0.008436169,0.0077342903,0.008379431,0.0067721657,0.006173338,0.0063088974,0.0057638413,0.006545265,0.007176464,0.005844802,0.005946019,0.005106275,0.0057752035,0.0047894428,0.006941642,0.010995677,0.0148526495,0.011461269,0.00931486,0.0044644023,0.0075698835,0.008885319,0.018978614,0.0118847685,0.008353467,0.005959975,0.0064088022,0.011186874,0.01271969,0.0073617063,0.009682645,0.009011831,0.0093922485,0.0068375543,0.008456719,0.005155503,0.0071470644,0.007031727,0.0352084,0.035085633,0.33031738,0.049039427,0.036487304,0.4079017,0.061023347,0.08571466,0.35155928,0.021046702,0.018820928,0.004528638,0.0064192796,0.0045843665,0.0070378394,0.0046981806,0.0067714313,0.004659471,0.006358061,0.00530193,0.00511626,0.0056864084,0.0058393846,0.00521671,0.0042581013,0.0035541689,0.006688383,0.0052107223,0.00597655,0.0021619578,0.009967535,0.0061365417,0.49876007,0.045984644,0.44840488,0.017791536,0.0070815133,0.0025829133,0.01125536,0.016418071,0.0049716574,0.0038711135,0.0029083581,0.0043559438,0.0050368328,0.006222675,0.0078671845,0.005945512,0.006189161,0.0066093164,0.008791508,0.0076145665,0.00784232,0.005677448,0.009115183,0.011610663,0.011515984,0.00810295,0.0052825343,0.004769578,0.007981687,0.0040864237,0.0024416684,0.002842165,0.0057994383,0.0058943,0.0061799674,0.0052378355,0.006767254,0.008418712,0.008884996,0.010758005,0.0077939513,0.006831997,0.0068906657,0.004689637,0.0056341,0.0052781957,0.008998801,0.0051921555,0.0038144395,0.0043479004,0.0077558965,0.0077034393,0.006326511,0.0066803764,0.007105687,0.0069567394,0.00699149,0.0070337025,0.007058075,0.0070667528,0.007068024,0.0070656384,0.007062073,0.00705857,0.007055569,0.0070532043,0.007051405,0.0070500732,0.0070491047,0.007048414,0.0070479237,0.0070475833,0.007047353,0.007047192,0.0070470893,0.0070470227,0.007046979,0.007046955,0.0070469356,0.007046926,0.0070469156,0.0070469156,0.007046912,0.0070469156,0.0070469156,0.007046912,0.007046912,0.007046912,0.007046912,0.007046912,0.007046912,0.0074080504,0.0054842453,0.0047995974,0.013535083
0.014911526,0.0039561214,0.006262595,0.008903141,0.009111286,0.0072562173,0.0061407397,0.0051945625,0.0048608645,0.005732062,0.006456142,0.006354246,0.0067730704,0.006929658,0.0058041555,0.0063510793,0.007853113,0.010925862,0.0077331015,0.0072851037,0.006750164,0.007419764,0.008979308,0.010312012,0.010560873,0.0073939865,0.00663233,0.0057403506,0.0062642423,0.006623118,0.0070981523,0.007148053,0.0071164337,0.006254247,0.0062794434,0.005687778,0.006165479,0.0069942214,0.0076060854,0.007412151,0.007041603,0.0069638784,0.0052444083,0.0055563604,0.0055052703,0.006786788,0.006447824,0.0060196486,0.005160688,0.005295516,0.0057449713,0.007998434,0.009304068,0.01046435,0.0099111665,0.009787225,0.007812832,0.007121806,0.005862345,0.006515748,0.007149518,0.008659359,0.006888105,0.005346171,0.0046985303,0.0042497776,0.0049670506,0.00531382,0.0050474084,0.005084985,0.00528837,0.004443821,0.005534524,0.01799139,0.0127560105,0.0047743632,0.0025214555,0.0027069757,0.007854343,0.0066260304,0.005044476,0.0042922474,0.0064474028,0.015314427,0.0077755786,0.005123972,0.0032662817,0.0035000923,0.002618971,0.002711975,0.0046637612,0.0063843383,0.009231007,0.008330833,0.009185128,0.0067009046,0.00571798,0.0053045438,0.0054410035,0.006583067,0.0070884703,0.0139474915,0.0078013884,0.0070022405,0.0040560174,0.007143455,0.010887847,0.020461563,0.010293964,0.005625702,0.0030981589,0.012849925,0.018389812,0.62392694,0.026351027,0.54650986,0.02206134,0.020559663,0.008269408,0.0053023426,0.005143487,0.0045161485,0.0051259417,0.0068741515,0.0069998205,0.008366259,0.0066726725,0.008028086,0.0061674337,0.011225279,0.011849374,0.021262802,0.013432753,0.012570511,0.018004542,0.024023999,0.5153464,0.040692676,0.022819674,0.0056929695,0.0049132397,0.007302757,0.0068842303,0.0036983343,0.0040358347,0.004144876,0.0031896224,0.0032974114,0.0042105448,0.005288764,0.004787609,0.0051580616,0.008015307,0.009043966,0.0042886906,0.005915907,0.0060064704,0.023610609,0.005004642,0.0067709535,0.0043322793,0.02642208,0.030056143,0.43720824,0.025936255,0.014563712,0.011992386,0.014228263,0.48363486,0.010833084,0.008686836,0.003012067,0.0039635445,0.008343867,0.0077226474,0.015296776,0.0046855276,0.006695657,0.0075903437,0.019681925,0.00565069,0.004567085,0.0028888187,0.007559094,0.008916085,0.009859539,0.005754695,0.0044087465,0.005363039,0.008537022,0.0055142143,0.0052070827,0.005534023,0.0077383094,0.0084753195,0.0067307632,0.004327027,0.0052569783,0.006699692,0.006184189,0.00672119,0.0056735785,0.0054940693,0.005410396,0.0024412342,0.0019430713,0.0017400475,0.004355034,0.0039576734,0.0043691434,0.004998946,0.007177147,0.006937534,0.006093523,0.006074449,0.0066871285,0.006845787,0.0069741635,0.0070411223,0.0070545175,0.0070652566,0.007067519,0.0070655486,0.007062133,0.007058657,0.007055653,0.007053275,0.0070514553,0.0070501165,0.0070491345,0.007048437,0.0070479405,0.0070475964,0.007047356,0.0070471964,0.0070470925,0.0070470227,0.007046979,0.007046955,0.0070469356,0.007046926,0.0070469156,0.0070469156,0.007046912,0.0070469156,0.0070469156,0.007046912,0.007046912,0.007046912,0.007046912,0.007046912,0.007046912,0.0074080504,0.0054842453,0.0047995993,0.013535083
0.014102843,0.0030740586,0.0055737183,0.00772389,0.007470947,0.00757304,0.008183404,0.006659108,0.005907369,0.005601852,0.007362058,0.0058667734,0.005666772,0.005802573,0.006491141,0.0070155915,0.009145773,0.010373124,0.007446444,0.0073127537,0.0069571347,0.0077204877,0.009108002,0.008976902,0.009373855,0.006675236,0.0057433126,0.004612643,0.0060885786,0.0075003332,0.007938242,0.007840747,0.0074869953,0.0066826358,0.00606377,0.0056355214,0.005440462,0.0064460007,0.0058872355,0.0064789318,0.0055740364,0.0073955334,0.005727919,0.007877285,0.007753167,0.007956238,0.0060349004,0.0051224097,0.004596548,0.0043066936,0.005571697,0.008229658,0.00936429,0.010812413,0.0097913435,0.009312524,0.0072195316,0.0062870323,0.0056868615,0.005268304,0.0052200663,0.0053502754,0.005431176,0.0047308,0.0047357893,0.0054265033,0.007488862,0.008507412,0.0070135156,0.0060469056,0.004664361,0.0033371719,0.0038205725,0.005327051,0.020422166,0.0054982365,0.0024611342,0.0017965296,0.0043127094,0.004269832,0.004516858,0.0053250478,0.0067667826,0.012882646,0.009717736,0.007840788,0.00510919,0.0051315664,0.0052291197,0.005135215,0.007662603,0.0074076927,0.007980302,0.007185531,0.0076115183,0.0063715386,0.006731012,0.008011963,0.0081247855,0.0070967274,0.0060733557,0.0050069266,0.004662011,0.0044293455,0.0030242687,0.00980683,0.010767833,0.4879993,0.019650694,0.012370542,0.0050672917,0.0063913027,0.032189406,0.02848898,0.029065588,0.03915982,0.026492491,0.00764029,0.0018580465,0.0011675245,0.0025321022,0.0052465852,0.0073273587,0.0077700512,0.007831794,0.009397103,0.009376149,0.009852596,0.0069272597,0.007067368,0.0042221644,0.012671767,0.01631663,0.5406144,0.031766217,0.02770893,0.012452802,0.0136121195,0.0072913934,0.004430201,0.0038937498,0.0043566306,0.0064941063,0.004082866,0.005775149,0.00562829,0.014924566,0.009940304,0.010452349,0.0056981375,0.0027769383,0.0039064838,0.00988882,0.0174301,0.0058785602,0.005537656,0.003929617,0.03539358,0.0029552083,0.002851433,0.0032580425,0.034646913,0.027324645,0.046223793,0.036909286,0.032691073,0.65833086,0.012802452,0.01946358,0.0028761183,0.004025754,0.0031943058,0.0038668942,0.009854242,0.0068827122,0.6432291,0.0072949184,0.019989556,0.005513429,0.650066,0.007933039,0.006473146,0.0015210718,0.0057089757,0.0070390524,0.008713777,0.0072409445,0.006773731,0.004923295,0.0054168226,0.0052553727,0.0049909716,0.0061789015,0.0059367986,0.0049275933,0.007534312,0.006158628,0.0072395047,0.006622645,0.0051925033,0.008710833,0.009149128,0.007750662,0.00927822,0.00532297,0.007615006,0.005881543,0.0049937195,0.0040061017,0.0024814645,0.00464308,0.0064915996,0.0070477836,0.00640988,0.006077087,0.0066702203,0.0068697357,0.006979952,0.0070316675,0.0070529277,0.0070646415,0.007067315,0.0070654945,0.007062133,0.0070586805,0.007055676,0.007053298,0.007051475,0.007050129,0.007049148,0.0070484504,0.0070479503,0.0070476034,0.007047363,0.0070472024,0.0070470953,0.0070470227,0.007046979,0.007046955,0.0070469384,0.0070469286,0.007046919,0.0070469156,0.0070469156,0.0070469156,0.0070469156,0.007046912,0.007046912,0.007046912,0.007046912,0.007046912,0.007046912,0.0074080504,0.0054842453,0.0047995974,0.013535083
0.012319623,0.00273051,0.00596868,0.0066389395,0.006799435,0.0074100886,0.009045377,0.008369357,0.008593144,0.0075047007,0.010525987,0.006574394,0.0058437437,0.0062269727,0.008213185,0.008484962,0.008129014,0.007463991,0.0074806763,0.0069670314,0.0064865453,0.006704594,0.012813563,0.009073313,0.010184476,0.006943769,0.0064159106,0.005427481,0.0066925595,0.0072770873,0.008338187,0.009526898,0.009011652,0.007736497,0.006273192,0.005533212,0.0054036262,0.006210073,0.0053377724,0.006360631,0.005667215,0.010271767,0.0072716563,0.009076319,0.009051153,0.009049332,0.0067919903,0.00610034,0.0050407224,0.004525163,0.0047534783,0.0065414556,0.008219033,0.009946758,0.008742293,0.0085859075,0.006927611,0.0052393735,0.004890557,0.0049833357,0.0051146974,0.0060942112,0.0063593867,0.005629333,0.0055151056,0.006451543,0.007562783,0.007864505,0.006134477,0.0057532624,0.0067374455,0.005009274,0.009657639,0.015090228,0.4289407,0.015178197,0.0053563993,0.0024102814,0.0056384616,0.0046080453,0.0058534057,0.005739649,0.0059898756,0.005911251,0.0066606826,0.0070534954,0.0079204505,0.0066325306,0.0057111825,0.006002204,0.007415249,0.0061490126,0.0069576516,0.006565792,0.007503142,0.0066458457,0.0072459956,0.007028758,0.0061156214,0.0053438665,0.0054800906,0.00956818,0.010600648,0.00867572,0.004924929,0.005352529,0.010898163,0.03169802,0.023226216,0.020046297,0.021264564,0.022510303,0.32622498,0.09828942,0.10145364,0.09317427,0.431004,0.020880673,0.010081955,0.0027194137,0.00591252,0.0066201733,0.005254418,0.0075210207,0.009108057,0.010565882,0.011035458,0.011625157,0.00988609,0.0064442274,0.004172435,0.008653095,0.014963073,0.01965767,0.010555308,0.003837125,0.0063727302,0.007851237,0.006738948,0.0037285874,0.0055180853,0.008545272,0.019233849,0.0068527125,0.004490825,0.0029790069,0.02135232,0.024084894,0.010647854,0.0039619487,0.0010803745,0.004186182,0.0120614525,0.5037747,0.0110787675,0.0073108883,0.0026500456,0.58714235,0.0050897785,0.009311988,0.0032870516,0.4221499,0.052286606,0.059527528,0.04244448,0.009788478,0.006488497,0.0031721655,0.0050467905,0.0038426444,0.0056185685,0.0043729427,0.004746569,0.008275068,0.01163164,0.028550493,0.0081151575,0.0058601107,0.0021624002,0.016093282,0.013344089,0.005246792,0.0032217966,0.0046646176,0.0024956153,0.004345692,0.004327878,0.00682798,0.0064193774,0.006701054,0.008778495,0.007896178,0.006362687,0.005902733,0.0044993623,0.0061466997,0.0060552945,0.0071400166,0.004982161,0.005897962,0.008730168,0.013919851,0.010312904,0.009514007,0.01667151,0.020744,0.021319818,0.008236717,0.0045495764,0.002635385,0.0051568463,0.006761705,0.0070202267,0.0063122194,0.0061376384,0.006722311,0.006882223,0.0069767563,0.007027627,0.0070537026,0.0070650433,0.007067432,0.0070654815,0.007062073,0.0070586205,0.007055633,0.007053268,0.0070514553,0.0070501193,0.007049145,0.0070484476,0.0070479503,0.0070476,0.007047366,0.0070472024,0.0070470953,0.0070470255,0.0070469826,0.007046955,0.0070469384,0.0070469286,0.007046919,0.0070469156,0.0070469156,0.0070469156,0.0070469156,0.007046912,0.007046912,0.007046912,0.007046912,0.007046912,0.007046912,0.0074080504,0.0054842453,0.0047995993,0.013535083
0.012490817,0.0038444842,0.0049646613,0.00716308,0.0073426245,0.0074036065,0.0086188475,0.009150446,0.009903668,0.00819176,0.010973743,0.008841386,0.0091676945,0.009269437,0.007168976,0.006494217,0.0060354928,0.0068081957,0.0058242874,0.005748006,0.0067729163,0.0061280383,0.007869407,0.0068364213,0.008179306,0.008190873,0.007262059,0.006355721,0.0074261855,0.008952496,0.008040346,0.007676499,0.008357422,0.008585631,0.0073441304,0.006563264,0.0058667483,0.0063149,0.0054536466,0.006458238,0.006191156,0.010607017,0.008186969,0.0090277335,0.0074911453,0.007610261,0.0065410035,0.0071435086,0.006953739,0.0053199437,0.0041000443,0.004926773,0.006492024,0.0077529983,0.008613972,0.007100364,0.0061009093,0.004684412,0.0045072627,0.0050267824,0.0056395284,0.0058123525,0.0051402133,0.0051745656,0.0055227894,0.0063378164,0.007819869,0.007521294,0.0065367627,0.0065850415,0.007199696,0.006646585,0.008618444,0.008081088,0.012951945,0.006831188,0.006177628,0.0051222513,0.0070292777,0.0060006515,0.007928031,0.009047856,0.008579112,0.007849321,0.008299742,0.008611545,0.008860841,0.0072160093,0.007135563,0.0076429183,0.00891349,0.0068569356,0.006349259,0.005954249,0.0069550327,0.007944065,0.0076639885,0.01039519,0.011280354,0.004904989,0.006969278,0.009317972,0.019420339,0.007903817,0.0042344537,0.007205772,0.018634131,0.07224326,0.05456007,0.39493474,0.060693257,0.08805216,0.077021725,0.5126963,0.4666032,0.11318567,0.5644605,0.037827574,0.016000219,0.005735427,0.005663098,0.0057358653,0.0060949675,0.01090675,0.011350611,0.011303022,0.011729186,0.012127702,0.009742644,0.0064787446,0.0063885534,0.010961299,0.02333218,0.017962601,0.0067875492,0.0042747282,0.0039060996,0.0055158986,0.0060926164,0.0054453737,0.012634159,0.018391611,0.3450544,0.016229177,0.02097354,0.010980598,0.46443987,0.5234567,0.025544748,0.005379368,0.0009806205,0.004472119,0.011570916,0.5390074,0.014412446,0.01314068,0.0064107724,0.05007851,0.007032064,0.00613685,0.0038305542,0.5832788,0.08139563,0.047812477,0.5936089,0.011896085,0.012977849,0.0021768392,0.004607542,0.0040873187,0.0058272923,0.005810551,0.007922602,0.010784623,0.029734502,0.04557518,0.0068080835,0.0016858459,0.002072407,0.021436062,0.041026276,0.020712141,0.0050749136,0.0029086648,0.0019645232,0.00515133,0.004932649,0.007990999,0.0054619033,0.007941863,0.008470376,0.010458432,0.006068481,0.005647695,0.0040363846,0.0070248293,0.0074518286,0.007436766,0.003544571,0.008327828,0.008949653,0.6243758,0.049760006,0.077709265,0.60547674,0.52404,0.5490502,0.026361095,0.00930857,0.0031735424,0.005730355,0.008128156,0.006844241,0.0065057734,0.006353935,0.0067516635,0.0069020633,0.006987141,0.007033212,0.007056705,0.0070663407,0.00706781,0.0070654675,0.0070619327,0.007058466,0.007055506,0.007053178,0.007051395,0.0070500793,0.0070491214,0.007048431,0.007047937,0.0070475964,0.007047359,0.0070471964,0.0070470925,0.0070470227,0.007046979,0.0070469524,0.0070469384,0.0070469286,0.007046919,0.0070469156,0.0070469156,0.0070469156,0.0070469156,0.007046912,0.007046912,0.007046912,0.007046912,0.007046912,0.007046912,0.0074080504,0.0054842453,0.0047995974,0.013535083
0.012579889,0.0035356644,0.0055171857,0.00768091,0.007095471,0.006889749,0.007621643,0.00783129,0.009360686,0.007987893,0.008267566,0.0077438983,0.008645273,0.009066687,0.009104891,0.008030038,0.006067665,0.0055359337,0.005674999,0.00522482,0.005107993,0.005076481,0.006173756,0.0062923254,0.008225806,0.009072768,0.009069395,0.007607608,0.007519963,0.008340379,0.008245006,0.008685353,0.00956555,0.008410094,0.00825856,0.007081332,0.0066385847,0.0066531403,0.005782173,0.0069685983,0.0065561826,0.0072440924,0.006428529,0.0070460816,0.0066799866,0.006905506,0.007028725,0.0072571863,0.0056629176,0.0048774863,0.0036384838,0.004292396,0.0053611603,0.005426102,0.0064154034,0.005825704,0.00497203,0.0039430615,0.003519722,0.0037242537,0.0044791363,0.004693485,0.0044418992,0.0053311987,0.005909912,0.0060628867,0.00683624,0.0067621185,0.007203814,0.0068761175,0.006929113,0.006549502,0.008861784,0.00831708,0.010816566,0.0056798826,0.0065156897,0.0041646957,0.005063706,0.0069511146,0.008703658,0.010074942,0.008263301,0.00810622,0.0077588246,0.009034706,0.0079368185,0.0069124186,0.005095627,0.005702916,0.0067104073,0.007474972,0.007113547,0.0067414413,0.007033466,0.009067697,0.0074696564,0.008489115,0.0051238015,0.0037981526,0.008906955,0.014224471,0.48331347,0.013354458,0.009741871,0.008757997,0.04225528,0.3826091,0.09220074,0.08472183,0.5984495,0.32679754,0.533592,0.45277855,0.4078783,0.12940702,0.059844997,0.5906111,0.04825215,0.6020065,0.016213883,0.015695073,0.004834365,0.0100066485,0.009874064,0.010493645,0.0106139,0.011013394,0.0092719365,0.0047995173,0.012450169,0.014103897,0.62117124,0.009976017,0.0055409106,0.00178985,0.0046970835,0.0054315934,0.0043056225,0.0036543806,0.005648991,0.009922782,0.02528714,0.018155469,0.02368319,0.032889128,0.09038806,0.56157374,0.017342398,0.007723542,0.00089372956,0.003937559,0.009353155,0.31382245,0.026821252,0.023474175,0.020233326,0.06849936,0.011083219,0.0034973212,0.003185777,0.019396188,0.018347781,0.0118453875,0.012183735,0.0057967636,0.0032426436,0.0027430216,0.0058240746,0.007005865,0.008233924,0.0049812347,0.012026615,0.019124743,0.58638555,0.5837638,0.014214854,0.00407333,0.00208227,0.015422104,0.5949471,0.61517125,0.020068552,0.0068670716,0.0017971531,0.003578374,0.004049956,0.0056031193,0.0055799014,0.006223979,0.007393944,0.009560876,0.009496961,0.009476256,0.007564361,0.008358086,0.009422309,0.008101812,0.0058817854,0.0061969566,0.005104553,0.0075741545,0.0064579034,0.0036495794,0.0067371773,0.011523636,0.017553803,0.008889759,0.0033947872,0.0038867486,0.0070767067,0.0073983762,0.0065081744,0.0064894776,0.006498876,0.0068111336,0.0069356263,0.0070045884,0.007042609,0.007061317,0.007068195,0.007068285,0.0070653837,0.0070616854,0.007058212,0.007055299,0.007053021,0.0070512886,0.0070499997,0.0070490716,0.0070483936,0.0070479168,0.0070475833,0.007047349,0.007047192,0.0070470893,0.0070470227,0.007046979,0.007046955,0.0070469384,0.0070469286,0.007046919,0.0070469156,0.0070469156,0.0070469156,0.0070469156,0.007046912,0.007046912,0.007046912,0.007046912,0.007046912,0.007046912,0.0074080504,0.0054842453,0.0047995993,0.013535083
0.012126474,0.0034744397,0.004902176,0.007191969,0.0066123763,0.006513174,0.007060084,0.007605726,0.008764846,0.0077788285,0.008541019,0.009395364,0.009602366,0.008067491,0.0069161514,0.007195004,0.0073612,0.0073894835,0.005675193,0.004813616,0.0049375608,0.005078329,0.005863337,0.0061973557,0.0075990483,0.009779687,0.0090429755,0.0074818344,0.0060541956,0.0070128446,0.007805963,0.0080285985,0.008875377,0.008404346,0.008857225,0.007972951,0.0071017453,0.006369981,0.0056384695,0.006214883,0.0061049787,0.0069545684,0.0063580647,0.006684386,0.0062088193,0.0071462058,0.0069265575,0.0067141047,0.006153762,0.0050097466,0.0038613165,0.0038297155,0.0040839347,0.0043225,0.0037844935,0.0043176245,0.006395962,0.007430662,0.006973483,0.0077245617,0.00802257,0.00624186,0.004523572,0.0037364226,0.0054549994,0.006199555,0.006369516,0.006776375,0.0075108265,0.006971199,0.0062797796,0.00656138,0.007604052,0.005696455,0.0031121976,0.002388311,0.0022473456,0.0032946703,0.0035675787,0.004385342,0.00650422,0.008816808,0.008964198,0.008247955,0.006098351,0.0052360417,0.0039245905,0.0038147802,0.0030768688,0.004552372,0.004660816,0.0073214406,0.006799225,0.0062839887,0.007854116,0.007527223,0.010500237,0.0050025787,0.004269866,0.004125453,0.006626429,0.009056099,0.019766547,0.004922263,0.008271985,0.0076258457,0.52798885,0.028241191,0.012350714,0.003255787,0.0080917515,0.020623151,0.04028831,0.034572843,0.021475665,0.009125728,0.016044097,0.012940557,0.0094458945,0.008113918,0.007312121,0.005654632,0.0060272,0.010117448,0.010063085,0.010581571,0.011219464,0.010139204,0.008398514,0.005838701,0.0061720978,0.005940275,0.010913955,0.005285248,0.0031075086,0.0025547056,0.0048158234,0.0062172106,0.009336235,0.011260997,0.011407977,0.00924309,0.015410337,0.021434154,0.53925115,0.3932942,0.060447242,0.019666359,0.003703222,0.004530113,0.0051240767,0.0058132177,0.011836924,0.04695632,0.07762475,0.054285534,0.5785678,0.5787373,0.018471157,0.009022522,0.0026731612,0.014339921,0.011423771,0.008649398,0.011717335,0.008452098,0.00816423,0.0059256265,0.009062443,0.009596096,0.008495234,0.005740359,0.0074710953,0.00571537,0.0119937975,0.010137041,0.006563077,0.0023085526,0.0031464247,0.005206522,0.008320293,0.009495148,0.005478316,0.003246465,0.0026813643,0.005092058,0.0047099637,0.003605934,0.0049555274,0.0055699376,0.0061428966,0.008621781,0.008109724,0.010556235,0.009879193,0.008778029,0.008682558,0.007717136,0.0062951464,0.0043842033,0.0039644614,0.010974529,0.012162182,0.006489238,0.0059711696,0.0038016906,0.007681364,0.0067237276,0.0055094888,0.004885628,0.0064638113,0.00648972,0.006622394,0.0066765836,0.0067226705,0.006885509,0.0069752475,0.0070255906,0.0070537794,0.0070665516,0.0070701297,0.007068653,0.007065153,0.0070613003,0.007057848,0.007055015,0.007052811,0.007051138,0.0070498995,0.007048995,0.0070483475,0.0070478865,0.007047563,0.0070473393,0.0070471857,0.0070470823,0.007047019,0.007046979,0.007046949,0.0070469356,0.007046922,0.007046919,0.0070469156,0.0070469156,0.0070469156,0.0070469156,0.007046912,0.007046912,0.007046912,0.007046912,0.007046912,0.007046912,0.0074080504,0.0054842453,0.0047995974,0.013535083
0.011169971,0.0031732784,0.004868725,0.0068470747,0.006564992,0.0068799513,0.007330644,0.0077155796,0.008751277,0.0077419607,0.008140456,0.007358664,0.0076580215,0.008008406,0.008125496,0.008252804,0.0102291955,0.009869342,0.007410425,0.0064244214,0.0060029523,0.0069807917,0.007916622,0.0071777995,0.0069686873,0.008732617,0.00792566,0.008154806,0.006485316,0.007448323,0.008131947,0.008094703,0.008390914,0.00747908,0.008332488,0.007620986,0.007174096,0.0063021006,0.0059309993,0.0065312036,0.005927646,0.0061985566,0.005768147,0.0063991384,0.0072515677,0.008192574,0.007649301,0.006538373,0.0057772053,0.004926298,0.0046893456,0.004346718,0.004382129,0.00426806,0.0033337146,0.0043399357,0.0065498403,0.00863305,0.0072766948,0.0061504995,0.009974488,0.0062561324,0.0040453947,0.0032522439,0.0056984806,0.0062058307,0.0065699327,0.0068961466,0.008133148,0.006109839,0.0056600585,0.0047953036,0.00801158,0.003108222,0.0016706683,0.0025798045,0.0051868656,0.01925309,0.008735415,0.0049424856,0.004014623,0.0061529274,0.006469298,0.00767102,0.012158339,0.012613589,0.005701759,0.0038087745,0.0028402884,0.010123002,0.0060485536,0.006738731,0.004136731,0.005963909,0.0069265803,0.007397148,0.007300141,0.0058800173,0.0047795526,0.00497971,0.00593562,0.007199549,0.012688846,0.004420428,0.008509046,0.010159913,0.5097628,0.040706757,0.009746803,0.0017600257,0.008613768,0.018439036,0.042489503,0.008700676,0.004746952,0.0033354058,0.0060531995,0.007301568,0.005625257,0.007463306,0.006287545,0.0074993507,0.00513144,0.005253711,0.0044107437,0.0059090494,0.008882082,0.010569472,0.0101865865,0.00712751,0.006077637,0.004965429,0.009053351,0.006723276,0.0059646387,0.004503001,0.005051491,0.007582184,0.008984907,0.013592242,0.0062952805,0.0027438735,0.002037626,0.0055945576,0.031177344,0.5079922,0.019371944,0.0059598396,0.0017680479,0.0041601555,0.0021164836,0.0060400683,0.007929925,0.35341898,0.043152746,0.027445246,0.022048602,0.04242474,0.018144872,0.0071450383,0.0046502627,0.0062522767,0.0073432364,0.0070541133,0.007489532,0.0072132736,0.007463896,0.008023182,0.009583687,0.009965301,0.008816317,0.006287158,0.00594401,0.0040602107,0.008321222,0.010511173,0.009532998,0.006774822,0.0054415846,0.003913762,0.0068349093,0.007917289,0.0057546506,0.0038536515,0.004626182,0.00764055,0.00861282,0.007216296,0.006762896,0.003547383,0.0060494454,0.007458772,0.00825629,0.009460496,0.008583461,0.008036114,0.008775491,0.007951914,0.006425332,0.0035565202,0.0039872224,0.009392643,0.016044874,0.0058694747,0.002861116,0.0014230988,0.0037248377,0.0042441655,0.0071963593,0.0066217734,0.007122963,0.006495657,0.0066908384,0.006768715,0.0068537383,0.0069584725,0.0070142993,0.007047116,0.007064645,0.007071355,0.007071673,0.00706873,0.0070647113,0.007060766,0.0070573837,0.007054651,0.0070525436,0.007050951,0.007049766,0.007048905,0.007048287,0.007047843,0.0070475335,0.00704732,0.0070471796,0.0070470786,0.007047012,0.007046972,0.007046949,0.0070469356,0.007046922,0.007046919,0.0070469156,0.0070469156,0.0070469156,0.0070469156,0.007046912,0.007046912,0.007046912,0.007046912,0.007046912,0.007046912,0.0074080504,0.0054842453,0.0047995993,0.013535083
0.012516233,0.0030764255,0.005435165,0.00720125,0.0070787305,0.0072206566,0.007700302,0.008408658,0.0075472053,0.0067969654,0.0066631944,0.0067552393,0.0067877714,0.006656854,0.008316707,0.0091675995,0.008236523,0.008582154,0.006280601,0.006167545,0.005264015,0.0059546866,0.0066451873,0.0067797746,0.0066730767,0.007596708,0.0074295783,0.007099016,0.0060573956,0.0068904404,0.007141727,0.007391961,0.007926924,0.0074724676,0.007840543,0.0071239616,0.0070519457,0.0066797305,0.0068576634,0.007090434,0.0067733303,0.0062562623,0.006020156,0.0068621663,0.008016914,0.008271336,0.008064993,0.007339397,0.007187504,0.0057570087,0.0051324866,0.005107164,0.006296543,0.005826922,0.002973883,0.004241698,0.0057921926,0.10142351,0.017116511,0.01634078,0.19087642,0.014362626,0.009689314,0.004035591,0.0074999426,0.007998056,0.007915821,0.0075146947,0.00704765,0.0049302056,0.006178436,0.004696881,0.004559683,0.002403227,0.0016583042,0.0036614067,0.021672418,0.03816111,0.012871736,0.0030547613,0.002397001,0.003739607,0.003422213,0.0037249117,0.009591742,0.010851698,0.0017867074,0.0025415535,0.002072335,0.024949724,0.0075348145,0.005550796,0.0030643737,0.007260653,0.007293319,0.008342805,0.0065447227,0.0072170203,0.006016169,0.007670341,0.0071734814,0.007504899,0.0053628255,0.0041417372,0.00537657,0.006277513,0.020587267,0.00883966,0.0053047044,0.0013630956,0.0059318086,0.0063969195,0.64173394,0.0060497755,0.00553992,0.0016238866,0.004650181,0.0043523735,0.0035973147,0.004276714,0.004521928,0.0057994192,0.008809934,0.013097576,0.014186458,0.013068466,0.00935643,0.00627508,0.008366334,0.008327438,0.0071412204,0.004914149,0.0040324894,0.004136739,0.0051171584,0.005107508,0.0049328944,0.009666454,0.020877343,0.5985302,0.011708274,0.0036015112,0.0008808987,0.0023393042,0.029090412,0.04980608,0.0034727084,0.0008146604,0.0006594185,0.0042133927,0.003467995,0.009236887,0.009668435,0.57498276,0.037300125,0.023365248,0.01077542,0.023892108,0.023966841,0.015614409,0.007964443,0.006401713,0.008309937,0.0077115064,0.0074964194,0.007730573,0.0087868385,0.009482931,0.010440907,0.010790272,0.009563694,0.008425585,0.007660022,0.005586351,0.004844021,0.005017259,0.007445007,0.008982899,0.009005075,0.0055311793,0.0043595578,0.0042032953,0.0041961423,0.0034744663,0.006848761,0.009936569,0.016922107,0.006777653,0.0052339635,0.0039031233,0.0071419706,0.00859891,0.007955663,0.008555839,0.008496845,0.008242203,0.009277116,0.0075625572,0.004459372,0.0019723526,0.0042043673,0.012771325,0.52942574,0.015988894,0.006502594,0.0014373638,0.005348748,0.0061614863,0.008373257,0.006949539,0.006911794,0.006579273,0.0068630306,0.0069357404,0.006976684,0.0070171095,0.007047623,0.0070654876,0.0070735146,0.0070749004,0.0070724864,0.0070683924,0.007064033,0.0070600873,0.0070568123,0.0070542167,0.007052223,0.007050724,0.0070496053,0.007048794,0.00704821,0.0070477934,0.0070474995,0.007047296,0.007047163,0.007047069,0.007047012,0.0070469687,0.0070469454,0.0070469324,0.007046919,0.007046919,0.0070469156,0.007046912,0.0070469156,0.0070469156,0.007046912,0.007046912,0.007046912,0.007046912,0.007046912,0.007046912,0.0074080504,0.0054842453,0.0047995974,0.013535083
0.012443868,0.0030059814,0.0058765234,0.007952799,0.0075498912,0.007364393,0.007341999,0.0070239506,0.0069805104,0.007515438,0.006960727,0.006993695,0.0077200094,0.0073460145,0.007101322,0.008299173,0.00868088,0.008019808,0.0064918725,0.006816662,0.0055888966,0.006653121,0.006521414,0.0066314847,0.0064462665,0.0069673713,0.0068979957,0.0069610127,0.0074279155,0.008024768,0.0072092693,0.006924081,0.006462216,0.007034201,0.008281754,0.007801355,0.0073108026,0.0066414243,0.0069314926,0.007327154,0.0064222673,0.0063470574,0.006463254,0.006709086,0.0084666805,0.0075976932,0.007548538,0.0068902285,0.0070517557,0.0062735816,0.005224379,0.005202836,0.006232921,0.007808264,0.003738786,0.0039640153,0.0059216134,0.011097579,0.008624969,0.004718714,0.004927558,0.0036006353,0.0029861038,0.0020688165,0.004075695,0.0048182714,0.006127707,0.007112136,0.0065900865,0.0049941433,0.004428361,0.002411208,0.002140191,0.0007791359,0.003412127,0.011971381,0.49055704,0.36736572,0.016910702,0.0028328097,0.0014568946,0.0042481557,0.0054736855,0.013545472,0.021479454,0.53126794,0.009732473,0.012456468,0.008541302,0.4826702,0.015215105,0.005198832,0.0015649637,0.006204267,0.0062904684,0.008575162,0.0074067437,0.012558134,0.0060533523,0.0058173942,0.008122546,0.0050522382,0.005398534,0.0043737506,0.0053304783,0.0050678183,0.010265371,0.0067035174,0.009300329,0.004730562,0.008691892,0.0055638296,0.023607602,0.01116641,0.004923069,0.0033559531,0.004746022,0.0049687424,0.006270098,0.0070158406,0.0053357496,0.005506558,0.008982406,0.029997492,0.03574269,0.015411667,0.006078124,0.004075501,0.0069340924,0.0070318,0.006096871,0.00508566,0.0042420686,0.0047744135,0.0058068307,0.00540828,0.004274761,0.002955759,0.009259492,0.008967079,0.01942495,0.0034482204,0.0015837506,0.004322524,0.005830036,0.6477274,0.006734325,0.0048979837,0.0016541595,0.0059609553,0.005126824,0.0069371862,0.0045945244,0.018284293,0.016813977,0.29217455,0.030542253,0.03501137,0.3555461,0.015168014,0.015032586,0.004998204,0.008668587,0.0094686,0.008318115,0.008926397,0.010570823,0.010527979,0.0109603945,0.010567532,0.009486717,0.008404171,0.006901373,0.007516377,0.0066339727,0.007326783,0.009438108,0.010306228,0.009755501,0.007930825,0.0059139277,0.005473927,0.0050637973,0.0021902453,0.004333964,0.008069858,0.60117716,0.01529588,0.006643098,0.0020165779,0.00533037,0.008571457,0.0077693234,0.007971684,0.007675159,0.00713357,0.006994225,0.006934782,0.008072191,0.0045571346,0.009204425,0.015255275,0.53849876,0.013355462,0.008596797,0.0020630842,0.007358232,0.007692323,0.010884925,0.00806031,0.0072973007,0.0067697284,0.0069697173,0.0070090075,0.0070390757,0.0070596323,0.007072453,0.007078597,0.0070794015,0.007076781,0.007072429,0.0070676156,0.007063113,0.0070592747,0.007056164,0.007053729,0.0070518656,0.0070504667,0.0070494288,0.00704867,0.007048124,0.0070477333,0.007047466,0.0070472728,0.007047146,0.007047059,0.007047002,0.0070469687,0.0070469454,0.0070469324,0.007046922,0.007046919,0.0070469156,0.007046912,0.0070469156,0.0070469156,0.007046912,0.007046912,0.007046912,0.007046912,0.007046912,0.007046912,0.0074080504,0.0054842453,0.0047995993,0.013535083
0.012786805,0.0028503828,0.006099886,0.008483643,0.0074926238,0.007035414,0.007217697,0.00816255,0.007587227,0.007202177,0.008373794,0.008129156,0.00762104,0.0071111866,0.0069302353,0.0074969195,0.0069839326,0.0075237015,0.0057624015,0.0072868527,0.0060304063,0.007530619,0.0074786902,0.0070771016,0.0070661404,0.0070060343,0.0072969967,0.007621195,0.00800123,0.007952043,0.0073384936,0.0073963664,0.007622079,0.009209744,0.009936072,0.009552765,0.008564256,0.0073370906,0.0074720928,0.0077001383,0.0069640856,0.0070626815,0.0063389963,0.0058274968,0.006102095,0.006257748,0.008232076,0.007009724,0.007223146,0.006839258,0.006435788,0.0064958227,0.0070419563,0.007930528,0.0034525031,0.004455832,0.0044659073,0.020739108,0.010371978,0.0031776465,0.0020545744,0.0027026462,0.008278786,0.009528401,0.014153152,0.011513645,0.009351705,0.008642601,0.0073603783,0.0061234715,0.006920017,0.006736711,0.004283483,0.00092065614,0.0029594838,0.013989473,0.45581654,0.51626366,0.026935495,0.003633797,0.0018581429,0.009332813,0.017274367,0.016884817,0.02790377,0.049992256,0.0073711653,0.0068837283,0.0050203376,0.2954667,0.01326051,0.004870062,0.0028631303,0.0078731,0.008077534,0.0071310573,0.0059303693,0.005937564,0.009819122,0.009460098,0.0051439945,0.0042752014,0.0051762867,0.006137478,0.0066411006,0.005335737,0.0053863735,0.0057210983,0.00739539,0.0046935473,0.004715801,0.0059396923,0.028893603,0.023162348,0.008013188,0.003842562,0.004159328,0.008336755,0.010604685,0.01128412,0.0047184206,0.008092616,0.0147919385,0.5283225,0.53520995,0.0261916,0.010149264,0.0041802386,0.013360686,0.010733178,0.0067903497,0.003582569,0.003408889,0.00445569,0.005051764,0.005892638,0.007021195,0.00587975,0.006360505,0.007652346,0.0039243554,0.0039817235,0.0027016117,0.0035543412,0.00438253,0.007547741,0.0031903395,0.002450397,0.0029696813,0.007218691,0.0051922025,0.0059363456,0.0034850913,0.0116043715,0.013284997,0.03378067,0.017794937,0.022199014,0.017229846,0.0131613985,0.0068198973,0.0036959911,0.0063593024,0.0077155903,0.0076839677,0.009393322,0.00973557,0.009771692,0.009366773,0.008784787,0.008237489,0.008075227,0.007045598,0.007606798,0.0067551085,0.0079130465,0.009165594,0.009543876,0.010176937,0.008490585,0.007053238,0.0057187444,0.0056838747,0.0027849982,0.004478688,0.0056422832,0.027203364,0.011969425,0.0044400734,0.006742045,0.008008326,0.00643476,0.006063126,0.006640773,0.005815365,0.0049496484,0.0050944597,0.008229238,0.010692946,0.010814056,0.0074664685,0.011556613,0.0363579,0.0105000045,0.0057015726,0.0019974834,0.005743996,0.0068881274,0.0101158675,0.00856562,0.007263101,0.0069240653,0.0070660426,0.00707538,0.0070824088,0.0070866346,0.0070878724,0.0070861275,0.007082167,0.0070770015,0.0070715453,0.0070664342,0.0070620026,0.0070583555,0.007055456,0.0070532016,0.007051482,0.0070501864,0.0070492313,0.0070485338,0.0070480336,0.0070476728,0.0070474227,0.0070472425,0.0070471326,0.0070470455,0.007046995,0.007046966,0.007046942,0.0070469324,0.007046922,0.007046919,0.0070469156,0.0070469156,0.0070469156,0.0070469156,0.007046912,0.007046912,0.007046912,0.007046912,0.007046912,0.007046912,0.0074080504,0.0054842453,0.0047995974,0.013535083
0.012167706,0.0030296647,0.006494642,0.007862191,0.007792081,0.007690496,0.007961162,0.007097336,0.007855625,0.0073111933,0.0070291176,0.0071943128,0.0072390256,0.0071681207,0.0067760185,0.0069844946,0.006067653,0.0060739717,0.004854576,0.0060907574,0.0060071223,0.008234267,0.008607678,0.0077737877,0.006631459,0.006444795,0.0071511734,0.0083833905,0.009002765,0.009441991,0.009021468,0.008635491,0.008091962,0.009066563,0.010166927,0.010352053,0.008894907,0.007984644,0.0073859207,0.006482487,0.0053256163,0.0056106136,0.005529789,0.0050028563,0.0054082773,0.00473902,0.009558979,0.007167632,0.008097042,0.007373437,0.007698983,0.008111412,0.00758787,0.007206563,0.0037649593,0.007529724,0.009526619,0.36255223,0.022567702,0.005790227,0.0025059304,0.003991802,0.014100123,0.01237518,0.012719492,0.005623862,0.0038727024,0.0049285963,0.0056531224,0.005488512,0.004672224,0.0041864403,0.0033005753,0.002619112,0.0033086876,0.006218816,0.023148062,0.014525829,0.0044106767,0.0010701173,0.003075769,0.011497019,0.45984396,0.37603438,0.45510668,0.36515388,0.2130744,0.028801722,0.022317907,0.51489264,0.018680394,0.0067511774,0.0022776024,0.0063693803,0.008193186,0.006052405,0.005629651,0.0037197128,0.005936892,0.003493096,0.0038915793,0.004043178,0.0052981065,0.0055644154,0.005936956,0.0060308664,0.006621622,0.006351043,0.0066164583,0.005964138,0.004550581,0.010391442,0.017692382,0.5416584,0.013965058,0.009969973,0.0034775052,0.008548169,0.009916459,0.009099954,0.004793513,0.011428894,0.0124484105,0.41361138,0.31551096,0.022786157,0.0069430554,0.005048034,0.024923762,0.009233545,0.003877875,0.0025422438,0.0035767253,0.0045254575,0.004589258,0.007755155,0.010844648,0.016503802,0.009633698,0.0046788324,0.009691831,0.013973826,0.002809707,0.0033179559,0.0038795883,0.011498444,0.006875164,0.0060583604,0.0073877,0.0050460724,0.009160053,0.012238848,0.00435276,0.0053166994,0.0068510156,0.5123605,0.34946534,0.07126366,0.0486231,0.008600317,0.0044986466,0.0029726643,0.0076704137,0.0077658067,0.0076684435,0.008590179,0.009518471,0.009540821,0.008994422,0.008453045,0.0074540856,0.006688015,0.006291363,0.006133253,0.006721025,0.008266045,0.0096136145,0.008557862,0.008194685,0.0067739044,0.005802342,0.004036344,0.0034175147,0.0013256719,0.0031768312,0.004321755,0.618524,0.028271798,0.015550975,0.0032842252,0.0035523963,0.003288283,0.0053136847,0.005828834,0.0048944014,0.0040449467,0.0025349145,0.0066509754,0.013064026,0.54518837,0.023658242,0.028572263,0.023064576,0.009931734,0.0055075213,0.002406154,0.005350684,0.0064953524,0.009374019,0.008129337,0.0073999977,0.007048267,0.0071143555,0.0071098064,0.0071055023,0.0071007106,0.0070951516,0.007088876,0.0070822877,0.0070758723,0.007070022,0.007064956,0.0070607495,0.0070573636,0.007054701,0.0070526404,0.0070510777,0.007049896,0.007049031,0.007048391,0.0070479335,0.00704761,0.0070473766,0.007047216,0.007047109,0.0070470395,0.0070469887,0.007046962,0.007046942,0.0070469324,0.007046922,0.007046919,0.0070469156,0.0070469156,0.0070469156,0.0070469156,0.007046912,0.007046912,0.007046912,0.007046912,0.007046912,0.007046912,0.0074080504,0.0054842453,0.0047995993,0.013535083
0.01169738,0.003180025,0.005736362,0.008431216,0.008614587,0.008144176,0.00883786,0.00821588,0.007529468,0.0069368607,0.0066189943,0.0063137542,0.0058941133,0.0061051296,0.005886834,0.006316216,0.005204045,0.004632105,0.0046361852,0.0052934266,0.0061658444,0.00824824,0.008961817,0.008365908,0.007445577,0.006388436,0.0073404005,0.0077019455,0.008705193,0.008353322,0.007559259,0.0069329306,0.0075148507,0.008360343,0.0102277035,0.010280186,0.00900325,0.007833084,0.0073375865,0.006144774,0.004751541,0.004641456,0.0044035586,0.0031608094,0.003935026,0.0039049159,0.0061143255,0.0056076166,0.007261406,0.007745833,0.008497359,0.009774281,0.008121182,0.0067313113,0.0031492903,0.0037763962,0.015218921,0.028341472,0.53322256,0.022152366,0.02368321,0.01957617,0.31692916,0.42627397,0.26403922,0.021087492,0.006728883,0.008202944,0.006746325,0.006788996,0.0039209756,0.007543128,0.0048609106,0.008364732,0.0063578924,0.0049041747,0.0061786557,0.0032383786,0.0018703735,0.0013614142,0.0030392117,0.011999524,0.02178065,0.057685565,0.07912773,0.34342444,0.012633553,0.008320675,0.0024838806,0.016878406,0.010207671,0.0051949047,0.0040232483,0.0077619758,0.009382237,0.0069978554,0.005167339,0.0029741274,0.002542055,0.0023198877,0.0040655187,0.0059112175,0.006124229,0.0051116482,0.0046497975,0.0049996176,0.0073564877,0.008137396,0.0069117905,0.0065641813,0.0058025597,0.00808962,0.009504091,0.01680163,0.008674497,0.0055272304,0.0037683002,0.00647344,0.00589943,0.0070969835,0.005791729,0.0064618452,0.007203449,0.031173654,0.06488852,0.006360553,0.005632289,0.0055655767,0.5545512,0.018463466,0.008981961,0.0020942609,0.003578321,0.0037588582,0.0036877703,0.009499944,0.026598139,0.58342683,0.010465002,0.006570795,0.002193785,0.011783438,0.007852864,0.007633572,0.006855306,0.0049328706,0.0049555986,0.0037793592,0.005901262,0.0071934913,0.01859171,0.022112561,0.007725253,0.0056964387,0.0038431555,0.029374786,0.036593076,0.019243484,0.6251874,0.01416245,0.010693026,0.0030454902,0.0060593253,0.007699315,0.00712499,0.0075819655,0.006868994,0.0066800346,0.0071000312,0.006701,0.0067024543,0.006721725,0.0073219016,0.0069800676,0.008282228,0.008555042,0.009693313,0.008767995,0.0077841957,0.0067198058,0.0050609703,0.004209765,0.003157234,0.0025208367,0.0029578297,0.002323505,0.012688947,0.01064712,0.6139124,0.010748241,0.011281243,0.0034731256,0.0068662297,0.006384678,0.005640531,0.004727292,0.00354969,0.0054582856,0.0067507452,0.018539459,0.015663905,0.014628008,0.5255259,0.013300977,0.008133429,0.002531948,0.005461696,0.006524205,0.0072585703,0.007412747,0.0071465946,0.007115399,0.007134175,0.007124059,0.007114523,0.007105314,0.007096479,0.0070881518,0.007080548,0.0070738224,0.007068074,0.007063294,0.0070594186,0.007056334,0.0070539294,0.007052069,0.0070506604,0.0070496025,0.0070488146,0.0070482437,0.0070478367,0.0070475396,0.0070473365,0.0070471894,0.0070470925,0.0070470287,0.0070469826,0.007046955,0.0070469356,0.0070469286,0.007046919,0.0070469156,0.007046912,0.007046912,0.007046912,0.007046912,0.007046912,0.007046912,0.007046912,0.007046912,0.007046912,0.007046912,0.0074080504,0.0054842453,0.0047995974,0.013535083
0.0113008795,0.0034745766,0.0062365346,0.008342521,0.007448916,0.008468507,0.007961969,0.007704789,0.007282694,0.0070250616,0.006691815,0.0065131,0.0067988704,0.0069745895,0.006190305,0.0062696915,0.00602405,0.0053668153,0.004074789,0.0053503774,0.005773419,0.007539081,0.008179678,0.0075068567,0.0068731364,0.0058787437,0.00620942,0.0069850073,0.007675279,0.00744048,0.0073778355,0.006864048,0.0065947375,0.0068046404,0.00787465,0.008640824,0.008141912,0.0075377855,0.0070564244,0.0062094405,0.00468743,0.0045454474,0.004608115,0.0037713982,0.0035424314,0.0034156055,0.005380279,0.005915296,0.0074173445,0.0073626707,0.008408043,0.00876022,0.005940267,0.0037036422,0.0018119937,0.0024237828,0.0027494403,0.0037822924,0.011272614,0.010079419,0.5642286,0.017829973,0.019367477,0.007157257,0.011216984,0.0071221334,0.0026796332,0.0050004027,0.0046046893,0.00601565,0.0033007103,0.0066675604,0.004931705,0.0140563175,0.0075256387,0.0023456863,0.0017073919,0.0013976523,0.0032255459,0.003492339,0.002922298,0.003987357,0.009833035,0.034248833,0.2619363,0.060108144,0.009385267,0.0027038509,0.004737657,0.0079027815,0.004812709,0.0044139065,0.0031521388,0.004372013,0.005785746,0.005126469,0.005154251,0.0052106134,0.0063673556,0.0063055116,0.006025532,0.0040173996,0.0049105734,0.0070764115,0.009732335,0.0101202745,0.008208591,0.0057633417,0.0061577144,0.00761248,0.0076860297,0.009561422,0.011059288,0.018327612,0.0092830565,0.007214715,0.006926377,0.010027889,0.008346834,0.0065928968,0.0049120067,0.0048362417,0.018146785,0.017510196,0.621067,0.01045482,0.009642906,0.0038919805,0.02287313,0.008635327,0.004263829,0.0027445324,0.003354067,0.0035070095,0.002604851,0.0036601105,0.007019685,0.03775053,0.010640496,0.01295286,0.011094608,0.030238727,0.024329131,0.010950659,0.0041376757,0.0024679746,0.0030941044,0.004703517,0.0076575293,0.027477471,0.043579396,0.5180588,0.018754423,0.023571692,0.005750631,0.62085104,0.0327701,0.03679987,0.01832153,0.0082537765,0.0035144247,0.003711006,0.007314959,0.007869466,0.008170862,0.007246904,0.0067348606,0.006080055,0.0064766975,0.0067847343,0.0074370373,0.007460986,0.0077957395,0.0077602314,0.009132375,0.00866866,0.009477125,0.009137446,0.00965457,0.008373474,0.006123704,0.003983524,0.0029527517,0.0023383186,0.00259994,0.0019039343,0.005665206,0.0041645686,0.008822761,0.00517099,0.0056817564,0.0050088773,0.007799292,0.0071601435,0.0058230613,0.0057703406,0.0035187374,0.00534284,0.004495044,0.008668276,0.0061338814,0.0071866023,0.009780366,0.0068682292,0.004169217,0.0039624847,0.006598427,0.0067875464,0.007266836,0.0073892702,0.0072235423,0.0071557146,0.007137709,0.007126022,0.0071146446,0.0071039046,0.007094067,0.0070853033,0.0070776986,0.007071251,0.0070659057,0.0070615513,0.0070580584,0.0070553017,0.0070531545,0.0070515014,0.007050246,0.007049305,0.0070486073,0.0070481002,0.0070477333,0.0070474697,0.0070472895,0.007047159,0.0070470725,0.0070470157,0.0070469757,0.0070469524,0.0070469356,0.0070469286,0.007046919,0.0070469156,0.007046912,0.007046912,0.007046912,0.007046912,0.007046912,0.007046912,0.007046912,0.007046912,0.007046912,0.007046912,0.0074080504,0.0054842453,0.0047995993,0.013535083
0.013709354,0.003170245,0.005642114,0.008063567,0.0072479234,0.00743413,0.007506378,0.007727381,0.008546242,0.0073306784,0.0070576277,0.00618036,0.0060324417,0.0057332655,0.006995447,0.006744872,0.0058539636,0.007296489,0.0062341145,0.007505404,0.006626203,0.008319074,0.008281923,0.007533574,0.006285064,0.005720494,0.005932062,0.0060597872,0.006531383,0.006554874,0.0068717264,0.006734765,0.006742332,0.006732418,0.008086556,0.007168651,0.0070313946,0.0059107887,0.005611558,0.0055429763,0.00484082,0.0055542663,0.004888675,0.0041282163,0.0034752518,0.0031266182,0.004128046,0.005183336,0.006468363,0.0072369385,0.0070554926,0.006329113,0.0040066782,0.0026386469,0.0018671703,0.0016076143,0.0042330506,0.0027124884,0.0069758287,0.005462201,0.014348524,0.007142579,0.012378321,0.0098877745,0.00613612,0.0019730972,0.00083625526,0.003329245,0.0032592707,0.0074220006,0.0034045568,0.008481228,0.0057070223,0.0075412714,0.003603711,0.0014948074,0.0036964794,0.0055526444,0.019182088,0.015157327,0.008834165,0.0048491084,0.009662543,0.04606173,0.50733817,0.028696623,0.0049170298,0.0016374165,0.0029043397,0.0056386082,0.0030951824,0.0039902423,0.0067839953,0.011108642,0.009831318,0.005417832,0.0072278148,0.014250987,0.019449497,0.009011179,0.0040500313,0.0016707042,0.004430279,0.00908102,0.023157671,0.011234746,0.0059515205,0.0032698372,0.0062662074,0.0066850637,0.009297944,0.008521526,0.0100386925,0.010567826,0.005724661,0.0054466105,0.011146252,0.01833864,0.012123505,0.004982799,0.0029165817,0.003219799,0.004764095,0.0049603805,0.013502226,0.0045298464,0.0040214313,0.0032787246,0.013849776,0.00988762,0.006169723,0.003514827,0.0049542487,0.006332647,0.0049502165,0.0025397385,0.0034316257,0.0227705,0.017926753,0.02515279,0.02965253,0.43171346,0.52184427,0.016059455,0.0038549826,0.0011938398,0.0024344549,0.006732182,0.01041272,0.6238207,0.076223314,0.54739743,0.06962459,0.027335959,0.009994331,0.01198685,0.014281785,0.017412208,0.023246901,0.008614628,0.005382663,0.0057745217,0.0076945657,0.0075314348,0.008420399,0.0067438013,0.006755047,0.0062537137,0.006865322,0.007386179,0.008145512,0.00824983,0.008546791,0.008518561,0.009577723,0.009468323,0.008895457,0.009346389,0.009140317,0.0077738543,0.0054928656,0.004000913,0.0036686796,0.00461115,0.0044263205,0.003188134,0.0030630964,0.002620157,0.007850817,0.007355861,0.019116592,0.010387608,0.010406665,0.0065498156,0.0046764947,0.0044077397,0.0033516928,0.0052355723,0.0036053564,0.0027165818,0.0024727338,0.0034315048,0.008877001,0.0060169785,0.0059778364,0.0050195875,0.0071269465,0.0067960997,0.0068651107,0.0071869222,0.007161246,0.00715395,0.0071325903,0.0071211723,0.0071098567,0.0070992415,0.007089695,0.0070813885,0.0070743384,0.0070684757,0.007063678,0.007059803,0.007056715,0.0070542865,0.007052397,0.007050944,0.0070498427,0.007049015,0.0070484076,0.0070479573,0.0070476336,0.007047406,0.0070472425,0.0070471326,0.007047052,0.007046999,0.007046966,0.007046949,0.0070469356,0.007046926,0.007046919,0.0070469156,0.007046912,0.007046912,0.007046912,0.007046912,0.007046912,0.007046912,0.007046912,0.007046912,0.007046912,0.007046912,0.0074080504,0.0054842453,0.0047995974,0.013535083
0.011971686,0.002833505,0.0057260618,0.007416698,0.0077455733,0.0072377883,0.007173849,0.007270968,0.008451663,0.00758199,0.010524626,0.009492378,0.010172246,0.009648868,0.008967427,0.00817895,0.007835178,0.007453225,0.006677402,0.006720583,0.0066012284,0.0083821695,0.008163886,0.007274228,0.006056767,0.0058679776,0.00582645,0.0056188563,0.0062558535,0.0066733365,0.007757618,0.0071631684,0.006960727,0.006562568,0.007329246,0.007465868,0.0071804463,0.0064410316,0.0058421954,0.0059313113,0.004029371,0.005096268,0.0054277643,0.005089959,0.004098609,0.00482221,0.0050245957,0.0058109034,0.005887102,0.006035942,0.0056150528,0.0046998463,0.00539227,0.0034289977,0.0034380925,0.0016952303,0.0016605193,0.0018719416,0.0044454434,0.0051994435,0.020936668,0.011809397,0.013455377,0.0039326344,0.0058488515,0.0073299813,0.0046951645,0.0044891536,0.0024989755,0.0034111578,0.0018514206,0.0028578273,0.0021148408,0.005718403,0.0036677646,0.0015566635,0.00436254,0.008478879,0.4242491,0.35149223,0.049808778,0.027308442,0.020766435,0.5620473,0.42341566,0.023002833,0.005357296,0.0016380668,0.005412465,0.0050300052,0.0035005696,0.00586709,0.00779782,0.018872732,0.0067119016,0.0045840577,0.009949365,0.041019328,0.55485773,0.019185005,0.0059958803,0.0006773614,0.0050721285,0.009202037,0.55941,0.018390886,0.008570566,0.0024478154,0.0073793475,0.0069572004,0.008545514,0.008760845,0.011803712,0.008544508,0.005163862,0.013124612,0.030935286,0.4863631,0.02133884,0.004392447,0.0015121569,0.0062308423,0.0048850346,0.005101977,0.010833871,0.009158011,0.0070376564,0.004662453,0.005963197,0.0055831727,0.0037122932,0.0039243144,0.009630027,0.019560182,0.013820201,0.0027901784,0.0028447367,0.006704051,0.34720272,0.056001298,0.066714816,0.5241622,0.5065342,0.02062686,0.0049802675,0.0013154398,0.0019309593,0.0061243162,0.0078267045,0.32771155,0.070942946,0.30285367,0.53107923,0.059376974,0.6800852,0.086573325,0.09436759,0.37226534,0.014276377,0.0060101724,0.0023096828,0.0072999815,0.008654114,0.008479632,0.0089198155,0.008003055,0.007857714,0.0078208195,0.008306606,0.009163763,0.009382834,0.010503826,0.009878083,0.008368226,0.008713694,0.008066488,0.008354084,0.009833691,0.009959356,0.008855416,0.0060074953,0.004817709,0.0038991487,0.005266912,0.004583927,0.004734987,0.003782878,0.003826628,0.006037782,0.00616101,0.010294357,0.009370486,0.006166142,0.004520324,0.0074053025,0.00945367,0.0064220387,0.0061783716,0.004908931,0.0069702878,0.0046144077,0.003473441,0.0025038,0.0029864088,0.0051438627,0.007519454,0.007397931,0.006904106,0.006784432,0.007094121,0.0071852077,0.0071417238,0.0071234386,0.0071131666,0.007102859,0.00709319,0.007084558,0.0070771156,0.0070708627,0.007065702,0.0070615015,0.0070581185,0.007055429,0.0070533147,0.007051675,0.0070504136,0.0070494553,0.007048741,0.0070482073,0.00704782,0.0070475396,0.0070473393,0.0070472024,0.007047099,0.0070470357,0.0070469924,0.007046962,0.007046942,0.0070469356,0.007046922,0.007046919,0.0070469156,0.007046912,0.007046912,0.007046912,0.007046912,0.007046912,0.007046912,0.007046912,0.007046912,0.007046912,0.007046912,0.0074080504,0.0054842453,0.0047995993,0.013535083
0.01259862,0.0034090038,0.00572547,0.0085901385,0.0076488163,0.007067582,0.0070017036,0.007039353,0.007592632,0.0065408084,0.008147569,0.00821841,0.009409114,0.006882115,0.0068904115,0.006394886,0.0065986463,0.006648749,0.006070619,0.006542283,0.006560348,0.007884841,0.008168745,0.0069294083,0.005893954,0.0058380812,0.005902999,0.005854974,0.006553726,0.0067638126,0.0075393086,0.0067086914,0.007141653,0.0065478394,0.007968005,0.008180045,0.007969388,0.0067666704,0.0062230173,0.006112735,0.0043628896,0.005535186,0.005974063,0.0065373075,0.0053035547,0.005642192,0.005053082,0.0060105515,0.0055278228,0.005595327,0.0043528634,0.004799424,0.008025072,0.011496037,0.0079685245,0.0024151513,0.0033738567,0.011859874,0.39116454,0.031089796,0.015859079,0.012281278,0.39987212,0.018633967,0.017979912,0.014336532,0.009790142,0.0054299734,0.0032356924,0.0042891386,0.002708307,0.0047916295,0.0026520705,0.0032861363,0.0037580284,0.0012706951,0.0039110044,0.009627904,0.4336584,0.38662803,0.36587873,0.40300164,0.029609773,0.02553183,0.01906939,0.0064835157,0.0033343611,0.0025288009,0.0051941536,0.0048445035,0.003161579,0.009091826,0.013337015,0.5671897,0.017395606,0.02589498,0.01245838,0.29293337,0.4721649,0.018533718,0.005497212,0.0009979117,0.0055753947,0.010354642,0.48149005,0.016291844,0.008779764,0.002388952,0.008065314,0.0062660114,0.008708153,0.007548198,0.00999176,0.008136318,0.007660091,0.013059951,0.044233352,0.5296898,0.020054117,0.003880364,0.00080717664,0.0033808337,0.0035076914,0.0057070004,0.0066572223,0.0077176066,0.006537605,0.0068145664,0.0070518423,0.008025724,0.0028518427,0.0058275624,0.011385976,0.5219473,0.04406628,0.0061993967,0.0035479257,0.0105590895,0.60015696,0.063894555,0.07902951,0.3154226,0.3360668,0.042296033,0.005264072,0.0017976151,0.0026864992,0.0061006984,0.005451301,0.01875036,0.016916238,0.5483197,0.0473196,0.02131013,0.004264896,0.01712549,0.024067426,0.5387041,0.025312157,0.010444928,0.0034581495,0.0075076064,0.008379368,0.007729308,0.009125314,0.008678927,0.009129933,0.008911388,0.010143129,0.0090694465,0.0087630525,0.00899761,0.010028836,0.010809507,0.011375011,0.01127643,0.009963941,0.009514007,0.0071919826,0.006250132,0.0035562753,0.0037255525,0.0030449023,0.0040866043,0.0046633803,0.0047694086,0.004924419,0.005530471,0.008589249,0.009084956,0.008015808,0.007957367,0.0035268907,0.0037474548,0.007007368,0.02077887,0.005806847,0.003967976,0.0035773406,0.016899379,0.008542659,0.004215478,0.0023852729,0.004113456,0.004739582,0.009113284,0.0072054174,0.0076227677,0.006732201,0.0068992693,0.0071263094,0.0071206293,0.007112924,0.0071041672,0.007095246,0.0070868493,0.0070793508,0.0070729083,0.007067502,0.0070630494,0.0070594354,0.007056528,0.007054223,0.00705241,0.0070510046,0.007049919,0.007049095,0.0070484807,0.007048024,0.0070476932,0.007047453,0.0070472797,0.007047159,0.0070470725,0.007047019,0.0070469826,0.007046959,0.007046942,0.0070469286,0.007046919,0.007046919,0.0070469156,0.007046912,0.007046912,0.007046912,0.007046912,0.007046912,0.007046912,0.007046912,0.007046912,0.007046912,0.007046912,0.0074080504,0.0054842453,0.0047995974,0.013535083
0.016052749,0.0033920475,0.0072834417,0.007453916,0.0069060978,0.00649956,0.0068071154,0.0066476497,0.0063550435,0.006097247,0.008319346,0.012240278,0.013756766,0.0076602004,0.008050987,0.0073864968,0.007482419,0.0073722987,0.0065925196,0.0072917,0.006783529,0.0078035407,0.0068434146,0.006767571,0.005789996,0.005917197,0.005971317,0.005859855,0.006325043,0.0067541036,0.007369836,0.006730014,0.0073100375,0.0069137416,0.008093791,0.008315948,0.007951189,0.007040146,0.0066539883,0.005677001,0.0041826116,0.0050011026,0.0051642195,0.0051193507,0.005394631,0.0071155815,0.006396816,0.006060669,0.0073035383,0.006175263,0.004407905,0.0060703424,0.010663804,0.23077,0.015761163,0.0032096303,0.0025788688,0.010822154,0.3577405,0.053659227,0.023686957,0.21814822,0.03838541,0.05077906,0.03248868,0.41128394,0.4643975,0.029387597,0.017106976,0.009818644,0.011443498,0.013136903,0.010003625,0.004621858,0.00237127,0.0014031262,0.0014819136,0.0044436394,0.063900016,0.37674096,0.36078122,0.06444736,0.01006324,0.0049804403,0.0026804158,0.0026799494,0.0058942167,0.007357066,0.008807686,0.006525346,0.003974931,0.0059860274,0.008231335,0.014273444,0.0062057516,0.012264399,0.011529867,0.45791915,0.059343517,0.016032005,0.0036435158,0.0027213385,0.005198605,0.0055593965,0.018488301,0.007507845,0.005866434,0.0040247045,0.009936996,0.007212608,0.008486218,0.007529293,0.008370774,0.0035901894,0.0062207147,0.0139438,0.46193534,0.4703523,0.018653091,0.0061811684,0.0024917128,0.010359759,0.007670519,0.0075921114,0.0051191514,0.009202402,0.008117522,0.008586906,0.007857417,0.009647743,0.0037087873,0.00714767,0.013971474,0.5166963,0.49785194,0.028666947,0.017572263,0.0134133985,0.02405091,0.016525332,0.01742792,0.05072703,0.043087274,0.62890834,0.014924678,0.011921541,0.0031927866,0.008589663,0.005669795,0.007690944,0.0075759897,0.019257681,0.01117712,0.0055593625,0.006816749,0.011702679,0.016904155,0.028785659,0.012070872,0.0077259876,0.006003106,0.008874643,0.008284116,0.0070484537,0.007452752,0.007411674,0.007697297,0.0064303963,0.0044681192,0.0030684888,0.00401777,0.008649426,0.014499157,0.013295577,0.010867751,0.0115212025,0.011976081,0.008723355,0.0060756793,0.004561229,0.0034545232,0.003213376,0.0031831628,0.0035464647,0.004555545,0.0051556816,0.0067313467,0.0076421085,0.007688131,0.007657174,0.00998711,0.013892244,0.0034979144,0.0056236754,0.0067586126,0.56487864,0.0068987724,0.004436734,0.0024101576,0.52182657,0.027159669,0.007339685,0.0020810014,0.003771047,0.004612336,0.006729058,0.008355277,0.0070630196,0.006996209,0.006694186,0.007112109,0.007108423,0.007102465,0.00709531,0.0070878523,0.0070807687,0.0070744255,0.007068964,0.0070643807,0.007060599,0.007057534,0.007055068,0.007053111,0.007051575,0.0070503834,0.007049462,0.0070487643,0.0070482437,0.007047857,0.00704757,0.0070473696,0.007047223,0.007047119,0.0070470492,0.007046999,0.0070469687,0.0070469524,0.0070469356,0.0070469286,0.007046919,0.007046919,0.0070469156,0.007046912,0.007046912,0.007046912,0.007046912,0.007046912,0.007046912,0.007046912,0.007046912,0.007046912,0.007046912,0.0074080504,0.0054842453,0.0047995993,0.013535083
0.015644765,0.0033906584,0.0059985383,0.0069908476,0.0069412147,0.0070160534,0.0074735177,0.007163026,0.0060926396,0.0053452784,0.0065094633,0.008612045,0.008452274,0.0074767764,0.0069980244,0.0072903503,0.006766302,0.006569133,0.0062528807,0.009960225,0.008417338,0.007913365,0.0058955885,0.006662156,0.0062732305,0.0063265027,0.005892884,0.0062162327,0.00606456,0.006998995,0.007265343,0.007449359,0.0074170567,0.0075535187,0.008156013,0.008110211,0.00738397,0.007217082,0.0072816564,0.006430862,0.0060297116,0.006301151,0.0051543512,0.0049956953,0.0054670265,0.00645571,0.006103827,0.0062498357,0.0063836854,0.006403317,0.005992241,0.0065065776,0.008354392,0.01357706,0.008018579,0.0025525254,0.0031285714,0.009482601,0.24382539,0.023864824,0.008435454,0.008874912,0.024403708,0.34540942,0.049727507,0.024354706,0.0071295826,0.011077941,0.019442897,0.43577927,0.49535587,0.33230293,0.56711483,0.010367843,0.0036498813,0.0013393537,0.008199442,0.0064077363,0.02270984,0.017365597,0.021222403,0.011447581,0.006659837,0.0029376238,0.0016518807,0.0024471227,0.0030607108,0.0106156925,0.007302923,0.0044663227,0.0036975523,0.005798053,0.0052891104,0.008125958,0.0041037393,0.004100079,0.002742269,0.006993808,0.008487587,0.006206731,0.0059518567,0.0057678022,0.0068844883,0.004978267,0.0077999085,0.005156078,0.006614703,0.005815952,0.0070525305,0.0064380504,0.0071189916,0.011007984,0.00812954,0.00391484,0.006472495,0.01872478,0.07316749,0.046063814,0.004553394,0.002254363,0.0058672824,0.018363642,0.008728601,0.005482253,0.0050844178,0.008296352,0.010646663,0.009077743,0.009890482,0.00910959,0.0063368585,0.0068039894,0.006200581,0.029149102,0.02522449,0.050226957,0.020475233,0.45273566,0.05235424,0.028687883,0.55351186,0.029727232,0.041042544,0.015237425,0.003997289,0.00386225,0.004697273,0.006824811,0.004258008,0.004341438,0.003802023,0.011449179,0.005305744,0.004256844,0.0034561078,0.0059871282,0.012923995,0.012122178,0.009296231,0.00688938,0.0068965126,0.0069453344,0.00915561,0.008383814,0.008211576,0.0044537275,0.004518846,0.007245612,0.011207003,0.012873966,0.01054023,0.0115935905,0.010810404,0.005951797,0.008601817,0.010216092,0.010164432,0.007061274,0.0057191756,0.0035950267,0.0034320627,0.0024649901,0.0036211056,0.003023978,0.0036793374,0.004300564,0.005510698,0.0064725135,0.006825426,0.013036028,0.019609038,0.02495488,0.003804364,0.0034110653,0.004892516,0.5241337,0.0058718594,0.004916679,0.002062825,0.53269243,0.03208765,0.017139116,0.0027305163,0.004525449,0.0042024595,0.0055597234,0.007981049,0.0065390198,0.0068365606,0.006629836,0.0070987167,0.007096946,0.007092707,0.007087101,0.0070810504,0.007075215,0.007069945,0.0070653837,0.0070615555,0.007058389,0.0070558167,0.007053753,0.0070521124,0.0070508174,0.007049816,0.007049048,0.0070484644,0.007048024,0.0070477,0.0070474627,0.007047296,0.0070471726,0.0070470893,0.0070470287,0.0070469887,0.007046962,0.007046942,0.0070469356,0.007046919,0.007046919,0.0070469156,0.0070469156,0.0070469156,0.0070469156,0.007046912,0.007046912,0.007046912,0.007046912,0.007046912,0.007046912,0.007046912,0.007046912,0.0074080504,0.0054842453,0.0047995974,0.013535083
0.012343039,0.0033043441,0.004713345,0.0071965437,0.007643739,0.0082487855,0.008998202,0.00924796,0.009389844,0.008524339,0.009041659,0.009695621,0.008320546,0.007653497,0.005792761,0.006035304,0.005778608,0.005530175,0.0061499137,0.012529696,0.00947831,0.008018537,0.00553732,0.006568402,0.0061846464,0.0064589316,0.0062560523,0.0061685564,0.0064779343,0.0076540583,0.0076522985,0.007619915,0.007336486,0.007836898,0.008495499,0.008387875,0.0077026053,0.007216956,0.0075045307,0.008432616,0.00678429,0.006366369,0.0053544133,0.0053413585,0.005992224,0.0064041885,0.0061117383,0.006537781,0.008489136,0.009648645,0.00899514,0.008192825,0.0069332225,0.008234938,0.006257455,0.003197178,0.0040510795,0.0062846527,0.016475359,0.013626084,0.0050595715,0.010943757,0.02170359,0.4751794,0.25950846,0.01686682,0.0043400526,0.001623008,0.004151224,0.0041932683,0.006427253,0.008798275,0.017194524,0.0023969393,0.00257952,0.0020342902,0.013459744,0.0029722392,0.0018137471,0.0019926128,0.007201209,0.010430025,0.012511161,0.014714995,0.0037108508,0.0034888925,0.004736695,0.44881803,0.013235995,0.009966118,0.004073394,0.007033755,0.0063435123,0.009018574,0.004628833,0.0070988513,0.0055167745,0.012965906,0.009362742,0.007134475,0.005090821,0.0054470142,0.004330766,0.0052819103,0.007985879,0.00655011,0.0060494626,0.0043214434,0.0063357027,0.005215005,0.008021849,0.012876172,0.014659094,0.008933419,0.01187537,0.03934378,0.3774406,0.037260633,0.0049680998,0.0075332676,0.018143628,0.5691247,0.019559981,0.012679696,0.003984213,0.008772713,0.011262111,0.009963235,0.008728712,0.007992561,0.007281001,0.006876541,0.0033708566,0.009444887,0.010492641,0.44589886,0.015571188,0.013303392,0.008488726,0.004873738,0.009970807,0.020669112,0.006177657,0.007413115,0.00435351,0.006341526,0.005791767,0.0057594464,0.0047645313,0.0044086776,0.0036827142,0.010141894,0.0046125767,0.0062966803,0.006806926,0.0066764117,0.009462927,0.004615286,0.007069456,0.004926948,0.0069263014,0.0058178604,0.006130226,0.0041345633,0.007210102,0.009780984,0.011366113,0.014307963,0.018949041,0.01698984,0.021274177,0.0098424135,0.0048662415,0.003799033,0.007262664,0.0096579725,0.008045721,0.0051835543,0.0059408103,0.0042302716,0.0034986257,0.0027382346,0.0038575907,0.0055086524,0.0054891026,0.006597012,0.005732562,0.006163519,0.0070036757,0.01959197,0.03972144,0.34298202,0.012151856,0.011123308,0.0077469437,0.47029516,0.007301292,0.005048371,0.0015121504,0.019330947,0.006292981,0.011071816,0.0041248947,0.0060730013,0.0054980153,0.0068091634,0.008127565,0.0060072043,0.0066565224,0.0065084766,0.0070865476,0.007086621,0.007083984,0.007079803,0.0070750182,0.0070702867,0.0070659695,0.0070622135,0.0070590447,0.0070564244,0.007054293,0.007052581,0.0070512216,0.0070501496,0.007049319,0.007048684,0.0070481976,0.0070478334,0.0070475666,0.0070473696,0.0070472327,0.0070471293,0.007047059,0.007047009,0.007046972,0.007046955,0.0070469384,0.007046926,0.007046919,0.007046919,0.0070469156,0.0070469156,0.0070469156,0.0070469156,0.007046912,0.007046912,0.007046912,0.007046912,0.007046912,0.007046912,0.007046912,0.007046912,0.0074080504,0.0054842453,0.0047995993,0.013535083
0.011507342,0.0028505982,0.0046564224,0.010014445,0.010356338,0.010387653,0.008040573,0.008099341,0.009330702,0.009140132,0.007985002,0.00967398,0.008660813,0.0068873675,0.005314249,0.0059767,0.00489298,0.00481898,0.0060358047,0.014487552,0.010398113,0.008121635,0.005426825,0.0064036087,0.0063977833,0.0067729265,0.0064702453,0.006078251,0.0062354445,0.007481222,0.007662295,0.007658409,0.007481023,0.008010637,0.00887982,0.008638802,0.0073952354,0.007653294,0.008333075,0.009163543,0.00795922,0.008674128,0.007122609,0.006601247,0.006634262,0.0057121087,0.0057784105,0.006933275,0.008627297,0.012166604,0.013972874,0.011677997,0.007269716,0.0054680067,0.004749764,0.0043825074,0.0045385673,0.005553389,0.008466125,0.007501221,0.0031965235,0.002273744,0.005917326,0.031175004,0.3345676,0.009104869,0.0025405032,0.0011681748,0.0029899518,0.0039868588,0.004436104,0.0043412936,0.014923149,0.0013442719,0.0029010302,0.002765412,0.60502005,0.012131987,0.0062947436,0.0022454134,0.0046503623,0.023124224,0.0345187,0.41192043,0.012681387,0.0031247328,0.0018932367,0.009700543,0.0069732917,0.0047647823,0.004660285,0.0055880356,0.008714984,0.011599981,0.0155074475,0.009137148,0.009497171,0.010801958,0.0072057485,0.0036009983,0.0039007526,0.007863147,0.0121267475,0.013772424,0.017592352,0.009797023,0.0046727457,0.0043717283,0.0067778584,0.0038501075,0.007525749,0.014691686,0.25496623,0.08092243,0.08827674,0.50694317,0.38691795,0.037584957,0.01001315,0.004153695,0.0075230747,0.012694834,0.009116733,0.0063194972,0.0055946666,0.008469921,0.008871057,0.0074269627,0.007370024,0.007129586,0.0076077776,0.0074788607,0.00599484,0.008681902,0.0109689105,0.029501235,0.01348278,0.016452529,0.0063203573,0.016925344,0.031520255,0.5918184,0.01779581,0.010701201,0.0035647273,0.0052788844,0.0046851365,0.0046668523,0.004466077,0.006124099,0.002366332,0.0034077566,0.003121787,0.005352204,0.007450171,0.0059874402,0.010936059,0.004409843,0.0070728343,0.0057889177,0.0069660153,0.0028171367,0.0030659602,0.0061241365,0.028739836,0.023356365,0.041903157,0.043331403,0.59952646,0.3559103,0.6112618,0.017576924,0.0067151766,0.0021863075,0.00721029,0.0068583093,0.0057702446,0.0029984103,0.0034902357,0.0045141,0.0049932166,0.0036511682,0.004155725,0.0059688073,0.0077598207,0.0075682527,0.0055428473,0.0036467614,0.007725881,0.014504706,0.43790078,0.057578176,0.029480118,0.01153744,0.012195149,0.034889482,0.0066404617,0.0038910802,0.0015738768,0.0064976295,0.0032539275,0.0043943953,0.004638569,0.007908806,0.0076436056,0.008504485,0.008295128,0.0059393854,0.006543743,0.0065362705,0.0070758793,0.0070776483,0.0070764353,0.007073491,0.007069788,0.0070660133,0.007062511,0.0070594484,0.0070568556,0.0070547108,0.007052964,0.0070515587,0.00705044,0.007049569,0.0070488844,0.0070483643,0.007047967,0.0070476667,0.0070474464,0.0070472863,0.0070471726,0.0070470925,0.0070470357,0.007046995,0.0070469687,0.0070469454,0.0070469356,0.007046926,0.0070469156,0.0070469156,0.0070469156,0.0070469156,0.007046912,0.007046912,0.007046912,0.007046912,0.007046912,0.007046912,0.007046912,0.007046912,0.007046912,0.007046912,0.0074080504,0.0054842453,0.0047995974,0.013535083
0.010422798,0.002697849,0.0044723973,0.010223881,0.008949337,0.008671484,0.007797429,0.00913181,0.011243151,0.011398409,0.00909663,0.010653305,0.007987326,0.0057489383,0.005144072,0.0055921334,0.004273346,0.004956962,0.0067148237,0.013768397,0.010096614,0.00777046,0.0054298835,0.006253873,0.0064381175,0.00704775,0.007317159,0.0069159027,0.0070587904,0.0077136015,0.007989737,0.00868512,0.008424303,0.008848472,0.009029904,0.008341334,0.007319732,0.006994244,0.007447968,0.008513754,0.008904749,0.0075326967,0.007851445,0.007550842,0.0067584333,0.0054192017,0.0055698273,0.005578706,0.007336629,0.009387427,0.011801598,0.0096254945,0.007793361,0.0070633143,0.007503199,0.0072994498,0.0071439384,0.0069380924,0.007224021,0.0066592847,0.0055253436,0.0033117977,0.0034394928,0.007902987,0.01641012,0.009309085,0.006082755,0.004686689,0.005117425,0.0026961006,0.0026990857,0.0026052499,0.0048094215,0.002284071,0.0039837626,0.0055242116,0.020511856,0.00820372,0.0041895662,0.008072531,0.012646888,0.58327854,0.32869652,0.39411795,0.018808888,0.0038453848,0.0026348876,0.009773215,0.008403703,0.0074436218,0.0057033324,0.005318238,0.01457751,0.01941431,0.56551605,0.06562703,0.5927069,0.5579077,0.029280594,0.008431312,0.0029022233,0.006680275,0.023130111,0.036884733,0.58439595,0.015894752,0.015288563,0.004646369,0.008759371,0.004432433,0.008506162,0.017962063,0.40846604,0.3108102,0.2991587,0.39552602,0.10716464,0.049284097,0.41709492,0.016529564,0.017262189,0.008075765,0.011957419,0.01039202,0.008492022,0.009219657,0.008437605,0.0064369007,0.0058047357,0.0056461394,0.0059753745,0.00899807,0.009207748,0.020060785,0.034305517,0.07182346,0.02565814,0.017203245,0.010357417,0.010200813,0.0077284477,0.009042463,0.0060991775,0.004081199,0.0028595647,0.00687758,0.010447921,0.0052180933,0.0036735088,0.002944737,0.003771658,0.006630737,0.0066943252,0.007873737,0.005581002,0.0041816817,0.0053418064,0.0040643723,0.005317171,0.0038864752,0.009693428,0.0040622572,0.004492814,0.0099330135,0.039697193,0.527378,0.5639212,0.043186296,0.015712254,0.0077792117,0.028083233,0.017474212,0.005880701,0.0034337332,0.005561883,0.008779366,0.009119732,0.0052223722,0.0046801986,0.0043870993,0.0075656003,0.004631527,0.004435037,0.005921698,0.007845345,0.009723291,0.008004324,0.00685282,0.004933732,0.00420058,0.0038152896,0.008865533,0.009684251,0.34827554,0.03239778,0.067338735,0.012985192,0.007645762,0.005401113,0.00701908,0.0055048033,0.005130084,0.0049095694,0.007395726,0.009033771,0.008162925,0.007815441,0.006031975,0.006660916,0.006579903,0.007066913,0.007070113,0.007070086,0.0070681544,0.0070653544,0.007062371,0.0070595625,0.007057083,0.0070549813,0.007053238,0.0070518227,0.007050681,0.007049776,0.0070490646,0.0070485105,0.0070480867,0.007047767,0.007047523,0.0070473463,0.007047216,0.007047123,0.007047056,0.007047012,0.0070469757,0.007046955,0.0070469384,0.0070469286,0.007046919,0.007046919,0.0070469156,0.0070469156,0.0070469156,0.007046912,0.007046912,0.007046912,0.007046912,0.007046912,0.007046912,0.007046912,0.007046912,0.007046912,0.007046912,0.0074080504,0.0054842453,0.0047995993,0.013535083
0.0102547705,0.0026816947,0.004354467,0.010554143,0.009056646,0.008978977,0.007954391,0.008982016,0.010595658,0.00827285,0.0075228466,0.0078200465,0.0071291677,0.005982383,0.008068988,0.0069506215,0.006357736,0.006478437,0.0067392327,0.008802064,0.00802894,0.0076012607,0.006658781,0.006830163,0.0070733237,0.007345826,0.007299788,0.007335795,0.0071531446,0.0072521865,0.007376282,0.007750717,0.008042104,0.008866518,0.008565264,0.007649702,0.007097134,0.006851022,0.007490933,0.007851252,0.0076127215,0.007446769,0.008316368,0.007199917,0.0062748482,0.0041280026,0.0037095007,0.0039347606,0.004816214,0.0053821933,0.0064778235,0.007071502,0.007173764,0.0081211245,0.010017112,0.010255085,0.010092573,0.009399567,0.00906915,0.0082678,0.006752968,0.0038729913,0.002842211,0.0027917644,0.0060370895,0.0071875346,0.010052881,0.008241011,0.008338289,0.006669522,0.0069660945,0.005738163,0.006452118,0.003196177,0.00482194,0.005265498,0.0151862735,0.024854086,0.015474757,0.36790308,0.035600245,0.05207997,0.049114518,0.0402764,0.012583243,0.0028884588,0.0034618983,0.0045382036,0.005835439,0.006021004,0.0057534967,0.005705588,0.008718552,0.0076213186,0.013655602,0.004908619,0.008570514,0.008467541,0.00656106,0.0037996017,0.008768725,0.024632555,0.52823967,0.51447266,0.07031203,0.0192097,0.004864012,0.005975972,0.009510952,0.004074069,0.006090945,0.013795119,0.2778763,0.35662922,0.09149976,0.050754447,0.011607501,0.00681357,0.011048017,0.005206243,0.0034359512,0.0031835153,0.0065713925,0.0077250404,0.005967362,0.0035438489,0.0030302699,0.0029179135,0.0032157782,0.004772957,0.005055096,0.01398055,0.026433662,0.4850849,0.5543208,0.5320094,0.44352534,0.10107181,0.56523335,0.021890704,0.009145484,0.005810843,0.01145502,0.022168161,0.008521168,0.0069991145,0.0048868894,0.00522017,0.0033294652,0.003474897,0.008151606,0.017128991,0.008818262,0.0052053393,0.0037180593,0.008005803,0.011322468,0.007261365,0.004584693,0.002288045,0.0031061058,0.002905993,0.01322034,0.014500193,0.31717613,0.05823086,0.031796973,0.007013874,0.0022627392,0.0040668417,0.018311067,0.022172552,0.0062884595,0.0028623585,0.004896466,0.011972425,0.017940776,0.0051715104,0.0038646522,0.0035480286,0.012013614,0.0060212123,0.0064541907,0.0067303358,0.0058521824,0.0083880965,0.008320495,0.012743874,0.0069054957,0.0066406373,0.005588369,0.010766706,0.012623754,0.052068073,0.028271645,0.5185962,0.02311572,0.014581634,0.00685919,0.010650857,0.0066137356,0.0048312023,0.0045526526,0.008053603,0.009602919,0.008397423,0.009352859,0.0065095155,0.0069184345,0.0066163116,0.0070596794,0.0070639728,0.007064859,0.007063732,0.007061652,0.0070593115,0.0070570726,0.0070550847,0.0070533953,0.0070519927,0.007050851,0.007049933,0.007049208,0.007048634,0.0070481934,0.00704785,0.0070475964,0.007047406,0.0070472592,0.007047159,0.0070470786,0.0070470255,0.0070469924,0.007046966,0.0070469454,0.0070469356,0.007046922,0.007046919,0.0070469156,0.0070469156,0.007046912,0.007046912,0.007046912,0.007046912,0.007046912,0.007046912,0.007046912,0.007046912,0.007046912,0.007046912,0.007046912,0.007046912,0.0074080504,0.0054842453,0.0047995974,0.013535083
0.01048877,0.0028019832,0.0044845957,0.010953883,0.010424539,0.008862106,0.008746579,0.01140538,0.011909718,0.008362419,0.008248088,0.008368376,0.007983609,0.0054666633,0.006357766,0.005911657,0.0070313476,0.0073966742,0.007486042,0.0068786577,0.006234408,0.006846264,0.0073837084,0.007673488,0.0078096716,0.007702867,0.007760778,0.007798687,0.007417629,0.0076298336,0.006825613,0.006877264,0.0070145717,0.0077239443,0.0072513176,0.006881998,0.006921699,0.00717572,0.008560508,0.008516363,0.010790323,0.0074719437,0.008127307,0.007920526,0.007257866,0.0053479285,0.004380903,0.003925127,0.004278261,0.0053055575,0.00597267,0.006408799,0.0071093184,0.008453921,0.010498677,0.010579599,0.010206405,0.008843262,0.00851123,0.007449004,0.0069375504,0.005992795,0.0041099098,0.0032867675,0.0034086816,0.0055068634,0.007893832,0.006586988,0.006028511,0.0065249996,0.00656345,0.0054441937,0.005128478,0.005521509,0.01143619,0.0075214766,0.010982669,0.0046385094,0.0070583555,0.014241042,0.036500104,0.040222026,0.30160072,0.033216495,0.021232031,0.005560749,0.0035970686,0.0042405,0.0064764703,0.006429979,0.0056348853,0.0063173873,0.006881215,0.006061586,0.0075568375,0.0045550545,0.005961001,0.007304275,0.0044670906,0.006122352,0.006600169,0.018932888,0.015019938,0.0132822655,0.012726201,0.007599814,0.007380001,0.0074655456,0.009549468,0.0038507513,0.004464502,0.007931215,0.048128247,0.06082854,0.036290057,0.015089875,0.004312177,0.0036494306,0.0077310014,0.009306046,0.010225764,0.006064221,0.0054910057,0.00390306,0.007417457,0.006855725,0.009046309,0.008365911,0.008109583,0.008431726,0.0072140656,0.007930907,0.009044189,0.010968838,0.009542343,0.011207489,0.022234224,0.02752388,0.4144276,0.021759061,0.006903096,0.0032593824,0.0067094285,0.015824977,0.005256719,0.003844848,0.0031088076,0.0059466395,0.0030416185,0.007096526,0.0133506255,0.5151556,0.016773226,0.0047342815,0.002426345,0.008379091,0.014259463,0.007824309,0.00365565,0.0030022813,0.0069303666,0.01261287,0.5679828,0.039444137,0.08451509,0.042258877,0.016466763,0.0026817713,0.0017321915,0.0054211146,0.0114962375,0.63325644,0.008972471,0.0053818002,0.004102029,0.012395284,0.623702,0.015804166,0.012834045,0.007070528,0.016657172,0.008771075,0.008733743,0.008392361,0.0048593218,0.008267942,0.011988924,0.26356843,0.029887225,0.012986055,0.004039802,0.009540843,0.016816808,0.016510755,0.014343554,0.016982857,0.5872451,0.031809174,0.05367739,0.3729327,0.018405855,0.009472269,0.0032179034,0.007843619,0.009992953,0.0085806325,0.010370887,0.00732439,0.0072214976,0.0066526923,0.0070540733,0.007059088,0.0070606256,0.007060097,0.007058587,0.007056772,0.007054998,0.0070534186,0.007052069,0.007050951,0.0070500397,0.007049312,0.007048731,0.007048281,0.007047927,0.00704766,0.007047456,0.007047303,0.0070471857,0.007047106,0.0070470423,0.007047002,0.0070469687,0.007046955,0.0070469384,0.0070469286,0.007046922,0.007046919,0.0070469156,0.0070469156,0.007046912,0.007046912,0.007046912,0.007046912,0.007046912,0.007046912,0.007046912,0.007046912,0.007046912,0.007046912,0.007046912,0.007046912,0.0074080504,0.0054842453,0.0047995993,0.013535083
0.010970696,0.0028795062,0.0044132173,0.008327446,0.009450375,0.0087328805,0.008807561,0.01014982,0.009067094,0.0073720934,0.007563857,0.007761065,0.008232667,0.0059444155,0.005461548,0.005173721,0.0059425985,0.006762227,0.00651894,0.0065512056,0.0068286136,0.007176518,0.008260387,0.008919626,0.00838205,0.0074958303,0.006857247,0.0068263505,0.0068340907,0.0074089207,0.007052557,0.007404703,0.0069832946,0.00726196,0.0069990912,0.0071583744,0.0074109333,0.008384151,0.009276248,0.009491396,0.00857384,0.006984448,0.007930266,0.0073997355,0.0071543055,0.005607082,0.004412748,0.0043299743,0.004523553,0.0053419564,0.0062639397,0.008053074,0.009389942,0.009743761,0.010007054,0.008838762,0.008620249,0.0070646047,0.0068789353,0.0053492147,0.00490403,0.0041150833,0.0030361258,0.0031708481,0.0044612056,0.009675076,0.007440421,0.0045649717,0.0036380533,0.006282643,0.0077427337,0.0071692346,0.0052031497,0.0049284934,0.0050757756,0.0050740493,0.0069419546,0.0033950827,0.0075762444,0.019971699,0.43334848,0.3076518,0.10835441,0.044599526,0.47604144,0.009163901,0.011095355,0.003383658,0.0058540003,0.007338472,0.005931727,0.008924144,0.0060765054,0.0050532166,0.0034144889,0.0028862718,0.0032355434,0.0030455682,0.0035350681,0.015473037,0.026681067,0.42962375,0.018270928,0.014092298,0.0044351695,0.007706958,0.0053928965,0.0072237607,0.0052828947,0.0037384913,0.00618542,0.0120731015,0.33724475,0.26974216,0.30760455,0.009453555,0.004869187,0.0027750058,0.0054252166,0.008036757,0.018253777,0.010090686,0.0037402324,0.0029207324,0.0036761467,0.008733512,0.009387175,0.01570875,0.023700282,0.014192887,0.0061142268,0.004444059,0.0060748067,0.0071399664,0.0062645655,0.0063172043,0.007822892,0.010421952,0.021255247,0.010261921,0.0044831694,0.0076316507,0.013066032,0.6231487,0.014536337,0.009528302,0.0027493748,0.0052714758,0.0032877172,0.0076410593,0.013837642,0.49498665,0.017276602,0.0049663316,0.003634876,0.010334003,0.5098608,0.02202521,0.01666797,0.004446076,0.009328811,0.003405123,0.013724373,0.013124026,0.56655276,0.3977792,0.012843793,0.002552535,0.0010974737,0.0058293454,0.01917824,0.01676666,0.004673422,0.001397229,0.0026433545,0.0029676673,0.012287908,0.005606832,0.00674315,0.008844976,0.013713758,0.011986489,0.01061454,0.012140632,0.004830579,0.0062862784,0.010574903,0.23110743,0.5047992,0.10024151,0.36534375,0.29127178,0.5119762,0.019616092,0.011537456,0.0060085575,0.009812198,0.0068081794,0.017455025,0.03414634,0.015464497,0.0037438588,0.002740272,0.008508934,0.010311803,0.0105474135,0.011686299,0.007878007,0.007512351,0.006661708,0.0070498693,0.0070552654,0.0070572263,0.0070571466,0.0070560803,0.007054684,0.0070532947,0.007052046,0.0070509776,0.007050093,0.007049372,0.0070488006,0.007048344,0.0070479903,0.00704771,0.0070474963,0.0070473393,0.007047216,0.0070471256,0.007047066,0.0070470157,0.0070469826,0.007046966,0.0070469454,0.0070469356,0.0070469286,0.007046919,0.0070469156,0.0070469156,0.0070469156,0.007046912,0.007046912,0.007046912,0.007046912,0.007046912,0.007046912,0.007046912,0.007046912,0.007046912,0.007046912,0.007046912,0.007046912,0.0074080504,0.0054842453,0.0047995974,0.013535083
0.011438412,0.0029762818,0.0045696134,0.0076940884,0.009887465,0.008854821,0.008468983,0.010778028,0.008022286,0.0077108317,0.0074207787,0.007535446,0.008178038,0.0062243827,0.0053805243,0.0060810833,0.007562017,0.007609167,0.0073194928,0.007156528,0.007268725,0.007727022,0.008398395,0.008936616,0.008784687,0.0078057223,0.0069511053,0.00671552,0.0066344943,0.006880688,0.007518014,0.008304904,0.0073953625,0.0075242813,0.0069905464,0.007776628,0.007551257,0.008021117,0.007931605,0.007397568,0.0072997813,0.006678389,0.0070287213,0.0066168597,0.0061822343,0.006247351,0.0056039933,0.0066401283,0.005477983,0.0064570317,0.0076444196,0.009817894,0.010265211,0.008848626,0.008192508,0.0066469666,0.007871708,0.006469902,0.005878596,0.0041120453,0.0046083364,0.0051491945,0.003808957,0.0042284923,0.004217524,0.008745851,0.0055599296,0.0030840703,0.002842284,0.008845996,0.010642847,0.010989135,0.0075929416,0.0077925203,0.006576846,0.0043442873,0.0029367928,0.001398611,0.0014767619,0.002184997,0.028327148,0.052497108,0.3680014,0.5027392,0.05489952,0.0184869,0.004756787,0.0048296116,0.0055145905,0.0050377604,0.004508177,0.005886848,0.004366435,0.0036024817,0.003086235,0.0039111343,0.0055900468,0.006207175,0.009682512,0.017002054,0.028262045,0.018279487,0.0056324922,0.002821734,0.0033637055,0.006580414,0.00571724,0.006279604,0.0033246235,0.0045408513,0.00789737,0.0269239,0.021369243,0.019799085,0.017004589,0.010288675,0.0033027267,0.0012491626,0.006790533,0.011293823,0.52510744,0.038323887,0.005047591,0.0026525878,0.0030119424,0.41808075,0.038253795,0.43982795,0.40095794,0.029601451,0.009823129,0.003031891,0.0056230645,0.004767338,0.0040320605,0.0031934073,0.0035154668,0.0047621895,0.011184088,0.010623002,0.0069422037,0.0066302437,0.0061915345,0.014812667,0.0072538136,0.005027388,0.0038317062,0.0060609626,0.0046647685,0.0071817385,0.010586814,0.032979872,0.009145406,0.004043009,0.0031796212,0.004388231,0.020204198,0.015611117,0.50549704,0.030911021,0.5915772,0.0072944793,0.012690303,0.0032212762,0.012901221,0.009342107,0.009729666,0.0034049691,0.0076176263,0.019509213,0.5833579,0.018163793,0.00628284,0.002922659,0.006763912,0.0047853445,0.009462918,0.005334153,0.011291875,0.012238126,0.011524944,0.010491452,0.009726243,0.012001893,0.0053558988,0.007599077,0.01251189,0.34012762,0.2645608,0.24486509,0.21012427,0.26749346,0.26122567,0.023502773,0.0047382014,0.0018039457,0.003943964,0.008560373,0.0215109,0.53500164,0.018893205,0.005816421,0.002627987,0.01009558,0.010080837,0.009889618,0.009964815,0.007483885,0.007115389,0.0066580013,0.0070468187,0.0070523303,0.007054534,0.007054767,0.0070540467,0.0070529943,0.007051909,0.0070509273,0.00705009,0.0070493952,0.0070488313,0.007048384,0.0070480267,0.0070477463,0.0070475363,0.007047366,0.007047239,0.007047146,0.007047076,0.0070470255,0.0070469924,0.0070469687,0.0070469524,0.0070469384,0.0070469286,0.007046919,0.007046919,0.0070469156,0.0070469156,0.0070469156,0.007046912,0.007046912,0.007046912,0.007046912,0.007046912,0.007046912,0.007046912,0.007046912,0.007046912,0.007046912,0.007046912,0.007046912,0.0074080504,0.0054842453,0.0047995993,0.013535083
0.011583689,0.002959927,0.0044000316,0.0069684032,0.009410664,0.011847648,0.01186016,0.009279299,0.0078059183,0.007647965,0.007116535,0.007282253,0.008011361,0.0073287426,0.0061081303,0.0069881007,0.008755422,0.008842017,0.007046018,0.006489634,0.0070451507,0.0078094243,0.007809361,0.007743096,0.008138031,0.007989673,0.0071390974,0.006871547,0.006667839,0.0068878504,0.007395026,0.008495267,0.007426699,0.0080604395,0.007857502,0.009244942,0.008644627,0.008735151,0.0074693984,0.0066474574,0.007277852,0.0065722703,0.0067629092,0.0055939127,0.005702429,0.00683522,0.0066887094,0.0069974647,0.0064577693,0.008199962,0.009197477,0.009907465,0.009461528,0.0064041973,0.0057378206,0.005088793,0.008213865,0.006908626,0.0060708574,0.0043220464,0.004213297,0.0044727176,0.005508864,0.0066115614,0.006905329,0.007474398,0.003270207,0.002168115,0.0025261755,0.009146841,0.008987828,0.009719462,0.008965079,0.012099792,0.013530508,0.006057459,0.0027402889,0.001361398,0.0021581098,0.003961107,0.018872865,0.023810118,0.012995659,0.008491291,0.011130969,0.0070481407,0.007915993,0.0063737216,0.0061773174,0.0052124085,0.0037027027,0.0048309574,0.0058956947,0.007957255,0.005984754,0.0063360543,0.004470026,0.00512797,0.012663757,0.022307256,0.54993117,0.03657271,0.011102715,0.0048865043,0.004856823,0.006963367,0.0054123597,0.006411717,0.0022976527,0.0044267196,0.008532189,0.4752421,0.05138278,0.035122175,0.018474504,0.006471683,0.0021556488,0.000805829,0.0030281877,0.007438949,0.033275705,0.421507,0.0073545245,0.0025308887,0.0010960083,0.006758654,0.01162141,0.032423906,0.4169745,0.02277828,0.012610822,0.00363651,0.0066327723,0.005720578,0.0063029723,0.006616286,0.005120607,0.005078647,0.0052130288,0.007260915,0.0061771073,0.006940357,0.0055693733,0.013406944,0.009576982,0.008458578,0.005528368,0.007049879,0.00643191,0.00783112,0.007727889,0.01397953,0.009228455,0.0054740384,0.0039261007,0.0050820303,0.015156737,0.015399697,0.029419169,0.0062178024,0.011738636,0.005611196,0.004990555,0.0035198394,0.006512326,0.006146292,0.011096622,0.01542046,0.02524997,0.035849325,0.32264313,0.010700237,0.00528676,0.0022212942,0.01344815,0.003039755,0.0022188323,0.0023504035,0.008722625,0.010334822,0.009880807,0.009790544,0.009569053,0.008641167,0.0054661813,0.004805541,0.009547794,0.03123788,0.2215004,0.06695592,0.24290766,0.34037575,0.14048663,0.36847568,0.009002578,0.006003012,0.002000046,0.0069282735,0.010825391,0.576163,0.01898038,0.010379004,0.0031255377,0.010215045,0.009518344,0.010296743,0.009877547,0.00745554,0.007045328,0.006697275,0.007044697,0.0070501026,0.007052417,0.0070528705,0.0070524197,0.0070516323,0.0070507973,0.007050033,0.0070493785,0.007048838,0.0070484034,0.007048053,0.007047774,0.0070475563,0.0070473934,0.007047263,0.0070471657,0.0070470925,0.0070470423,0.007046999,0.0070469757,0.007046955,0.0070469384,0.0070469324,0.007046919,0.007046919,0.0070469156,0.0070469156,0.0070469156,0.0070469156,0.007046912,0.007046912,0.007046912,0.007046912,0.007046912,0.007046912,0.007046912,0.007046912,0.007046912,0.007046912,0.007046912,0.007046912,0.0074080504,0.0054842453,0.0047995974,0.013535083
0.011486271,0.0029489417,0.0042908024,0.0070308414,0.008184925,0.0106437355,0.010864384,0.008599735,0.010670849,0.007975346,0.00691849,0.007134647,0.007522818,0.0065818415,0.005844838,0.007883197,0.009901616,0.009639946,0.0067167827,0.0061755525,0.007014239,0.007475092,0.0071885213,0.007320859,0.0071082613,0.0070184553,0.006905918,0.007084622,0.007241085,0.006638043,0.00618183,0.0062625473,0.0060466477,0.0068743923,0.007103784,0.007989903,0.0077130105,0.007599559,0.0061231814,0.005582177,0.006055949,0.006886719,0.005577304,0.004769164,0.0046715876,0.0058043175,0.0061737793,0.0085238945,0.008158448,0.008463743,0.007523174,0.0074801138,0.006518419,0.0047515975,0.0043483255,0.005084915,0.006963845,0.007497143,0.0074036517,0.005318213,0.0055648033,0.0075035784,0.018597787,0.011438023,0.0075585293,0.008596162,0.0039479523,0.0025063944,0.0031354318,0.009324674,0.006962975,0.0059909206,0.00542924,0.0074858684,0.009187658,0.008580624,0.0035192457,0.0025012586,0.004598207,0.01210319,0.018272916,0.21884796,0.013503363,0.014681419,0.0059293127,0.009635035,0.0066115116,0.007916195,0.0068408577,0.005964774,0.0048134676,0.009317726,0.017652823,0.023399359,0.010360762,0.0046893903,0.0034161897,0.0067232056,0.009803936,0.011219581,0.014119812,0.007125385,0.004081261,0.0044695893,0.005827585,0.0065097446,0.004997139,0.0054428205,0.002475059,0.0069029783,0.0115150735,0.36162063,0.05569632,0.035225004,0.35620958,0.015517103,0.0040962086,0.0009912295,0.0025987234,0.0036523947,0.040018357,0.3625081,0.012609617,0.004016526,0.0012321861,0.0048874575,0.005012241,0.007789512,0.013842335,0.008216016,0.009440176,0.0054727593,0.0070548947,0.0053416346,0.006798575,0.006773228,0.006112051,0.0065451353,0.006537797,0.009044505,0.007453313,0.00681661,0.0064088865,0.007423561,0.0077852793,0.0073514646,0.0069123795,0.0078527415,0.008617792,0.009377637,0.008627343,0.007527159,0.005365387,0.0048973444,0.0053467723,0.005758791,0.0072958157,0.0066130054,0.010112305,0.005298645,0.015138901,0.012965637,0.016683929,0.0036455833,0.0015083409,0.0023429429,0.006984065,0.5829826,0.04253095,0.033380616,0.028341904,0.0040359073,0.0044477778,0.0035826575,0.6005679,0.014442937,0.007890405,0.0040359707,0.008872072,0.009430814,0.009790582,0.009319583,0.008505281,0.008469756,0.0069044367,0.00581084,0.007603761,0.009795561,0.018694662,0.029198667,0.2955726,0.36270285,0.29812628,0.02768657,0.005673735,0.0023801767,0.0028027857,0.00470297,0.004820245,0.018888477,0.00765291,0.006619744,0.005128048,0.009704223,0.009281035,0.010556853,0.009128518,0.007521522,0.0069322507,0.006850928,0.00704334,0.0070484807,0.0070507936,0.0070513845,0.0070511275,0.0070505533,0.0070499126,0.0070493217,0.0070488146,0.0070483973,0.007048057,0.0070477906,0.007047577,0.007047406,0.0070472797,0.0070471824,0.007047106,0.0070470492,0.007047009,0.007046979,0.007046962,0.0070469454,0.0070469356,0.007046922,0.007046919,0.0070469156,0.0070469156,0.0070469156,0.0070469156,0.0070469156,0.007046912,0.007046912,0.007046912,0.007046912,0.007046912,0.007046912,0.007046912,0.007046912,0.007046912,0.007046912,0.007046912,0.007046912,0.0074080504,0.0054842453,0.0047995993,0.013535083
0.010500416,0.002718003,0.004206348,0.0075471913,0.009927322,0.011370389,0.01092815,0.010738368,0.0102980165,0.007573911,0.0070472127,0.0074680443,0.0079023335,0.0071983254,0.005615133,0.007400306,0.013015473,0.0075656143,0.0047364477,0.0044965246,0.005908052,0.006266291,0.0060625593,0.0061206426,0.0058092014,0.0058406806,0.0056116143,0.0064581116,0.0063973404,0.006730317,0.0059293797,0.0058659613,0.0050078956,0.005751583,0.005719392,0.0072195968,0.0067334576,0.007418373,0.0054558613,0.0053844326,0.0051040635,0.005493746,0.0051886127,0.0043100324,0.0048481305,0.006719679,0.0059468285,0.0054545673,0.0052995617,0.0054201763,0.0051127686,0.004821368,0.0045366506,0.004717758,0.004594265,0.0065669646,0.008425732,0.0091144,0.009618823,0.0069101243,0.0063675577,0.0064075086,0.009708092,0.012213901,0.01930762,0.01531775,0.005794651,0.0034788887,0.0035133278,0.011212801,0.005710456,0.005097363,0.003208654,0.0035492142,0.0047250986,0.0040057325,0.0035533686,0.0067803143,0.016189119,0.4449344,0.031989902,0.023706747,0.0056665326,0.0043046903,0.004635785,0.006890486,0.006840016,0.0071834796,0.0077747516,0.0050463886,0.005648981,0.0154572455,0.047183547,0.49115655,0.0317281,0.010818418,0.0033984787,0.00499411,0.008700237,0.0072759055,0.011230049,0.007973091,0.0058459463,0.004825252,0.0048164744,0.0053554694,0.006084234,0.0104788765,0.0065360935,0.0066013257,0.0059413933,0.013215862,0.022492263,0.026409484,0.4021922,0.029602582,0.010433466,0.0019827283,0.0016942975,0.00336062,0.014084755,0.045362163,0.0116214035,0.0030180141,0.0015870165,0.0038950245,0.0037080701,0.0035550706,0.0055095376,0.0059812483,0.010161832,0.007984137,0.007406172,0.005729869,0.0064182826,0.0072881016,0.007966294,0.008406722,0.00778889,0.008869754,0.007766013,0.00796943,0.008635527,0.008455663,0.008447636,0.007794261,0.007978251,0.007780812,0.008820663,0.009698868,0.008762783,0.0065806103,0.0057381466,0.0052346336,0.0049529676,0.004479955,0.0053194766,0.00699758,0.007202041,0.0032002514,0.008102593,0.0053589405,0.6264617,0.011698764,0.0061689303,0.003553355,0.0076721925,0.515189,0.052885536,0.043072674,0.5747849,0.006483737,0.004760052,0.0016433311,0.012433892,0.008223138,0.0039738473,0.0061386363,0.008271598,0.008620208,0.0089909,0.009466732,0.009144537,0.0082874475,0.008077881,0.0070782453,0.007093872,0.00582756,0.011078553,0.022472927,0.31884208,0.39557546,0.33755225,0.026721472,0.004573886,0.0025185489,0.0040068226,0.0055215564,0.004848236,0.010390246,0.0065889787,0.008684516,0.0064287973,0.008724653,0.009985686,0.010058221,0.008388315,0.0073219985,0.006989881,0.006982874,0.007042626,0.0070473766,0.0070495787,0.0070502334,0.007050113,0.0070496956,0.0070492146,0.0070487605,0.007048367,0.007048047,0.0070477836,0.0070475796,0.007047416,0.0070472895,0.0070471894,0.007047116,0.0070470623,0.007047019,0.0070469854,0.007046962,0.007046949,0.0070469356,0.0070469286,0.007046919,0.007046919,0.0070469156,0.0070469156,0.0070469156,0.007046912,0.007046912,0.007046912,0.007046912,0.007046912,0.007046912,0.007046912,0.007046912,0.007046912,0.007046912,0.007046912,0.007046912,0.007046912,0.007046912,0.0074080504,0.0054842453,0.0047995974,0.013535083
0.010876028,0.0028615734,0.004780864,0.008607491,0.009640625,0.008185928,0.008260465,0.0080991415,0.008110265,0.0072778794,0.00737067,0.008178095,0.008733512,0.0077730226,0.006591586,0.0073692957,0.010125488,0.00728619,0.006473127,0.0067110844,0.006610732,0.0060477518,0.0063129854,0.0069150287,0.0059972904,0.005622028,0.0053000995,0.005848119,0.0059011863,0.0066036335,0.0063661216,0.005494757,0.0044581103,0.005537107,0.005936965,0.0065922164,0.0062768855,0.006858323,0.0053473325,0.005880982,0.005054782,0.0051292884,0.0043455227,0.004685844,0.004906281,0.0052779536,0.005047466,0.0041917115,0.0037997824,0.003647581,0.0032075425,0.003818279,0.0047104466,0.005342263,0.005058419,0.0065788706,0.008564078,0.009015878,0.009933801,0.0051880465,0.0036126974,0.0031563246,0.004812947,0.004305271,0.004874088,0.006638081,0.011094849,0.0053568846,0.0026009541,0.00864948,0.0048972424,0.012938065,0.0050108167,0.004484519,0.0049676513,0.0037809198,0.0043311506,0.0069534956,0.02211461,0.018787902,0.0081124175,0.009086979,0.008408587,0.010571641,0.0077333497,0.008313145,0.0077513293,0.0070614247,0.008585449,0.0044420594,0.011994646,0.018493995,0.47006232,0.3944544,0.06606768,0.008400822,0.0026949213,0.0045461114,0.008076865,0.0068380334,0.005294803,0.0058004553,0.009135867,0.0088478355,0.008326016,0.006616847,0.00670253,0.011622964,0.01430097,0.008766549,0.006343032,0.0044662193,0.006531293,0.009554502,0.027348466,0.01839474,0.008894537,0.0051220423,0.0027827967,0.0080826515,0.009303625,0.331049,0.010586499,0.0037568163,0.0022727945,0.006010281,0.005726007,0.0042669396,0.0038988113,0.0049501625,0.009175555,0.008692369,0.008511847,0.006343963,0.0073092314,0.007969109,0.009032098,0.009540258,0.009372632,0.008995433,0.0079270555,0.010904832,0.013492385,0.012575881,0.008759781,0.0060930178,0.007689423,0.00875962,0.0107836565,0.010618458,0.009664141,0.007619526,0.0062228553,0.006287879,0.008145127,0.008706116,0.005791877,0.005791819,0.0034665503,0.003627501,0.0045159236,0.0059009907,0.017839612,0.0151514765,0.0030220998,0.0019346912,0.003699617,0.016329378,0.01078795,0.013604804,0.02120752,0.00575251,0.0014395124,0.0011357777,0.0075446977,0.0071267006,0.0045332233,0.008265197,0.007825209,0.008186946,0.008131436,0.008105319,0.008004903,0.00787078,0.007887916,0.0075754807,0.0071672327,0.0062196148,0.00788203,0.008901202,0.02643444,0.03945608,0.22932361,0.011011332,0.00416242,0.0027867402,0.0053557567,0.0051207794,0.0043944954,0.005120162,0.004846748,0.007600289,0.0062895147,0.00949731,0.008286887,0.008254534,0.0073401993,0.007107494,0.0070392657,0.0070350505,0.007042476,0.0070467186,0.007048724,0.007049372,0.0070493384,0.007049038,0.00704867,0.0070483238,0.00704802,0.007047774,0.007047577,0.007047416,0.0070472923,0.0070471964,0.007047119,0.007047066,0.0070470227,0.0070469924,0.007046966,0.007046949,0.0070469384,0.0070469286,0.0070469286,0.007046919,0.007046919,0.0070469156,0.0070469156,0.0070469156,0.007046912,0.007046912,0.007046912,0.007046912,0.007046912,0.007046912,0.007046912,0.007046912,0.007046912,0.007046912,0.007046912,0.007046912,0.007046912,0.007046912,0.0074080504,0.0054842453,0.0047995993,0.013535083
0.012589874,0.0036550593,0.0060351808,0.010536178,0.008250888,0.008525781,0.00853525,0.008329261,0.0077070347,0.007822518,0.008794317,0.01059061,0.007886379,0.0054749707,0.005556142,0.006885812,0.0056793573,0.005435289,0.0051802015,0.004528709,0.0050272355,0.0056463694,0.006677908,0.006798301,0.00651021,0.0058099916,0.0054233386,0.0051926263,0.0056034513,0.0066570304,0.0063100904,0.0055979886,0.004172594,0.0042805555,0.0047251703,0.006480519,0.008288791,0.0068435897,0.0060628187,0.0069228355,0.0063446006,0.004719621,0.0044999965,0.004535559,0.0059778336,0.0061452403,0.005898574,0.003811726,0.0031760023,0.0030434218,0.0037883916,0.004583505,0.005018823,0.006033459,0.0059029013,0.0066211424,0.008237344,0.008625874,0.0056481822,0.003605655,0.0052541913,0.0064314776,0.008336227,0.0044430485,0.003108119,0.0083257565,0.008206875,0.00566545,0.0023286175,0.007464091,0.0033381172,0.017920844,0.0023066292,0.0025271177,0.0017749064,0.00240951,0.008014572,0.012763687,0.4876868,0.029287126,0.0115607865,0.0049154824,0.0053849383,0.0067469575,0.007074837,0.00724782,0.00889737,0.00939365,0.010405859,0.004852821,0.011729667,0.016666993,0.5144356,0.31374282,0.5730725,0.017912822,0.012377633,0.0036705588,0.0076089366,0.006456521,0.0056287916,0.0069496804,0.010013032,0.015671944,0.009005862,0.0045585195,0.008470933,0.016915785,0.5229521,0.024873462,0.008095936,0.0022546356,0.0034548105,0.006498762,0.009302258,0.01033951,0.0071638334,0.0065233083,0.0030293425,0.0038458048,0.008294253,0.024493137,0.012358249,0.005154376,0.003538155,0.0063735493,0.0077203894,0.0068473406,0.006982194,0.008084337,0.009844491,0.009341965,0.007961076,0.00666703,0.0075778835,0.00905011,0.009756063,0.009906072,0.009358365,0.008382657,0.008016835,0.009285899,0.011313727,0.010568234,0.008352117,0.0066738543,0.0070205824,0.0074987295,0.0096330475,0.009038037,0.008603469,0.007255342,0.0058987085,0.007663561,0.010310368,0.016939154,0.0081518255,0.009681242,0.0057084616,0.0046882615,0.0031993387,0.007100959,0.020182684,0.63596195,0.011584917,0.010020876,0.0024441588,0.0066796327,0.013083401,0.016218157,0.48487556,0.011737529,0.0031169504,0.0011641484,0.0027940965,0.0045960923,0.0050825896,0.008502801,0.007589999,0.007818263,0.007804615,0.0077047236,0.007595453,0.007443411,0.0073085907,0.0072107264,0.007357616,0.0075496305,0.0073442305,0.007082247,0.007599422,0.008633267,0.009917766,0.004812079,0.004382984,0.005645023,0.009016384,0.006346711,0.0066049974,0.0060716774,0.0061979163,0.007355461,0.00690826,0.009910347,0.007618751,0.007257513,0.0067775473,0.0069477977,0.0070192395,0.0070472755,0.0070428,0.0070464383,0.0070481673,0.007048748,0.0070487508,0.0070485338,0.0070482534,0.007047984,0.00704776,0.0070475666,0.007047416,0.0070472923,0.0070471964,0.007047119,0.007047069,0.0070470287,0.0070469924,0.0070469687,0.007046955,0.0070469384,0.0070469324,0.007046922,0.007046919,0.007046919,0.0070469156,0.0070469156,0.0070469156,0.0070469156,0.007046912,0.007046912,0.007046912,0.007046912,0.007046912,0.007046912,0.007046912,0.007046912,0.007046912,0.007046912,0.007046912,0.007046912,0.007046912,0.007046912,0.0074080504,0.0054842453,0.0047995974,0.013535083
0.016131897,0.006461356,0.008238501,0.00888747,0.007249879,0.007817782,0.007708957,0.0074355304,0.0068605514,0.0076566846,0.008786867,0.009867772,0.0061547183,0.0061691557,0.005695885,0.005712834,0.0044177575,0.004664545,0.0056010606,0.006451482,0.0067488723,0.006529307,0.008125712,0.008140155,0.006701025,0.0063372096,0.006698315,0.0064540408,0.0064486703,0.006514304,0.006245724,0.0051357946,0.0038986038,0.0039721434,0.0051379437,0.00732549,0.0077282256,0.0082537485,0.007851331,0.0089033935,0.0069172517,0.0061344514,0.006910065,0.0061066803,0.0072684386,0.0075911344,0.008075513,0.0053014774,0.0042362576,0.0031914983,0.0039234124,0.004514807,0.006749438,0.006267651,0.0052416157,0.0060812333,0.008137215,0.0071177506,0.0039673354,0.004892841,0.006362193,0.015985863,0.009693464,0.0059485477,0.004733922,0.00486942,0.0045276927,0.0043699625,0.0026991372,0.0053193606,0.0017521007,0.004432888,0.0066167875,0.005635487,0.004083952,0.002808669,0.0032979134,0.004683505,0.0059230397,0.003371105,0.0025778974,0.002889838,0.0060413457,0.0066080363,0.0066023543,0.0066698883,0.0071058795,0.00770414,0.008821714,0.0055953483,0.006321525,0.0069520795,0.013285722,0.011200665,0.012115814,0.005167165,0.00353094,0.0032881564,0.0071555288,0.0066929655,0.0055798143,0.011719882,0.016533224,0.543366,0.023443155,0.013910892,0.00510142,0.0080200285,0.015699795,0.010173095,0.0075519,0.0043468494,0.0051791104,0.006068277,0.004644045,0.0040360857,0.004600757,0.0060590385,0.0034563637,0.0047143535,0.0118708,0.033678908,0.02828878,0.0064646867,0.003652483,0.005062289,0.007912702,0.007419743,0.008184414,0.008092781,0.008900761,0.0078020645,0.0068142186,0.0070099137,0.0072938856,0.008614909,0.008744979,0.009893345,0.010021704,0.008509222,0.007907007,0.008799656,0.010300986,0.009926254,0.0075655,0.006069301,0.0063686953,0.008130713,0.009338613,0.007845876,0.0071476973,0.006240393,0.0051974338,0.012801855,0.020887494,0.5397766,0.014236025,0.0111537445,0.0030745997,0.0076765753,0.005306305,0.0058537833,0.0069363946,0.011232013,0.0067884885,0.004176608,0.0030487594,0.0035567114,0.007294617,0.013173326,0.55885315,0.016433448,0.006188229,0.0019547467,0.004436928,0.00485668,0.0062300954,0.0076360176,0.007256269,0.007426626,0.007466871,0.0073669204,0.0073843123,0.0072507407,0.0071446053,0.007044424,0.0072009703,0.007272527,0.0058957953,0.004741249,0.005047605,0.004798158,0.007272548,0.005318657,0.0054009054,0.0081754895,0.010510607,0.007923156,0.0073995106,0.0072279824,0.006451491,0.008839736,0.010265632,0.01012773,0.007187623,0.007046802,0.006676185,0.0069982,0.0070361905,0.0070439703,0.0070434865,0.0070464383,0.0070478334,0.0070483037,0.007048317,0.0070481473,0.0070479335,0.0070477296,0.007047553,0.00704741,0.0070472895,0.007047199,0.0070471256,0.007047069,0.0070470325,0.007046999,0.007046972,0.007046955,0.007046942,0.0070469324,0.0070469286,0.007046919,0.007046919,0.007046919,0.0070469156,0.0070469156,0.0070469156,0.0070469156,0.007046912,0.007046912,0.007046912,0.007046912,0.007046912,0.007046912,0.007046912,0.007046912,0.007046912,0.007046912,0.007046912,0.007046912,0.007046912,0.007046912,0.0074080504,0.0054842453,0.0047995993,0.013535083
0.017414689,0.0068254936,0.006840855,0.0082710935,0.0074112774,0.007552297,0.0072697946,0.006760021,0.006697173,0.0081994925,0.010076151,0.009614981,0.0051935595,0.0049470677,0.0063637453,0.0054552373,0.004661535,0.0041271537,0.0057484885,0.0064827665,0.0072850455,0.0072763325,0.007874106,0.007409099,0.006634158,0.0066334386,0.0072136084,0.0072221644,0.006625315,0.005933493,0.005557396,0.0042475727,0.0034136872,0.0038884233,0.0050025405,0.006642617,0.0077904714,0.0077048396,0.008741156,0.006173531,0.0064722286,0.0068692863,0.007017455,0.0075275083,0.007565202,0.009095212,0.01131942,0.0076574557,0.00508511,0.0034021987,0.0046176133,0.005249553,0.0060602846,0.0058856006,0.005144392,0.005153117,0.0061453516,0.0046096267,0.002588739,0.0067435107,0.0117342165,0.6217801,0.026475705,0.027540121,0.00943809,0.0042838105,0.003563352,0.0023241928,0.004062026,0.006572516,0.0013669007,0.0011917356,0.0012442304,0.00513491,0.0057854145,0.0116159385,0.004655932,0.002149974,0.0036296214,0.009651772,0.009462015,0.006730081,0.006439603,0.005673859,0.0064731766,0.0067223045,0.008193631,0.008597085,0.008183891,0.0057517486,0.005722865,0.00494958,0.007011228,0.005294949,0.008763148,0.00891721,0.013808468,0.0077755162,0.008632793,0.00632981,0.0060625914,0.007591813,0.008316781,0.015395439,0.009587784,0.0059844535,0.0050593936,0.007613709,0.010534234,0.007353724,0.0060354327,0.006663479,0.008404493,0.009525927,0.0056595863,0.0057994085,0.0061356374,0.004496655,0.0032208227,0.009349674,0.027180245,0.45215258,0.41714433,0.024547692,0.012659007,0.005798036,0.008074856,0.007822555,0.008380703,0.007838378,0.0068280734,0.005589721,0.00526411,0.0063606016,0.0066713355,0.007825024,0.008110557,0.008977785,0.00878135,0.008089616,0.0083220685,0.008782445,0.008680084,0.007460544,0.0062711174,0.006059348,0.0064219385,0.0072594574,0.0070188306,0.006707643,0.0066118753,0.005689828,0.0063302205,0.0082027735,0.0077098752,0.010973314,0.0038874003,0.0042539868,0.003965578,0.0076264883,0.0048328834,0.0053872904,0.004350234,0.01089005,0.006692407,0.009847573,0.0054783006,0.005891021,0.005268941,0.007855384,0.019152954,0.007628224,0.005143218,0.0037330836,0.0056425505,0.0062263063,0.0072406908,0.0067167827,0.006575525,0.0066314815,0.006531476,0.006409081,0.006230098,0.0059826975,0.005729676,0.0056244833,0.005936303,0.00534606,0.0050625606,0.007306986,0.014670966,0.014577516,0.0064833043,0.0030078385,0.004490467,0.009062374,0.009769828,0.010707519,0.008863338,0.008004221,0.008119354,0.009726501,0.009036239,0.010036305,0.007869943,0.007125209,0.006720605,0.007026346,0.0070343115,0.0070403856,0.007044377,0.007046619,0.007047656,0.0070479936,0.0070479903,0.007047857,0.0070476905,0.00704753,0.0070473994,0.0070472863,0.0070471964,0.0070471293,0.007047076,0.0070470357,0.007046999,0.0070469757,0.007046959,0.007046942,0.0070469356,0.0070469324,0.007046919,0.007046919,0.0070469156,0.0070469156,0.0070469156,0.0070469156,0.007046912,0.007046912,0.007046912,0.007046912,0.007046912,0.007046912,0.007046912,0.007046912,0.007046912,0.007046912,0.007046912,0.007046912,0.007046912,0.007046912,0.007046912,0.007046912,0.0074080504,0.0054842453,0.0047995974,0.013535083
0.016197657,0.0061301906,0.0062926235,0.008652677,0.006951161,0.007110732,0.0067963284,0.0067998404,0.0073648915,0.008712064,0.008588876,0.006641308,0.0052871685,0.0064427797,0.0065814336,0.004575986,0.004484811,0.0059044063,0.0109263,0.00890677,0.00694372,0.0069877063,0.0069418265,0.006943246,0.006912946,0.0075250114,0.008630455,0.008614122,0.007902583,0.0066021946,0.005536643,0.0050291177,0.004674835,0.005164883,0.0073996335,0.0067813257,0.008003339,0.008573209,0.00887679,0.006822996,0.005026131,0.005170845,0.006140187,0.005746118,0.006396031,0.00727687,0.009410945,0.0077840523,0.00559447,0.0047060135,0.0047222245,0.0046824804,0.005626996,0.004318656,0.0025867168,0.0017485121,0.004085708,0.0062313443,0.007025308,0.0059683123,0.0076944022,0.00974899,0.020874267,0.0144081935,0.587342,0.013036494,0.010412592,0.0021858301,0.0041721934,0.010432728,0.007935948,0.008634597,0.005693409,0.0109675815,0.03691455,0.44059896,0.0076210224,0.0033077945,0.0015928032,0.012216231,0.010954068,0.0073675658,0.005162336,0.005441203,0.0071708807,0.00701508,0.0067851394,0.0070942785,0.0069097257,0.006199177,0.005246844,0.0044831634,0.0043203067,0.0030267613,0.0049644634,0.006287581,0.016818283,0.009315362,0.007355384,0.0053391242,0.006626627,0.0072455667,0.0067072427,0.013556549,0.009089541,0.008704189,0.0063141673,0.0064876396,0.0067591406,0.005616664,0.0048477533,0.006171463,0.0054394044,0.007958884,0.0050347946,0.009028778,0.006630172,0.004669249,0.0036099623,0.005556587,0.009029585,0.012336774,0.014254383,0.009318887,0.006895967,0.006035865,0.007908021,0.007610629,0.007893209,0.00683691,0.005666965,0.0049990956,0.0055384124,0.007112278,0.007094981,0.008160998,0.007661787,0.008773791,0.008869565,0.0074443794,0.0069845538,0.006352638,0.0070840814,0.006528775,0.0063083144,0.0062605683,0.0060824156,0.0067288033,0.0074967486,0.0074648075,0.006573298,0.0059670787,0.0055582025,0.008024396,0.009605967,0.017742258,0.007622721,0.015942259,0.0041264053,0.013498652,0.0039807837,0.0055629592,0.0042515052,0.0056332024,0.0056990157,0.00766914,0.0070265853,0.0058248397,0.005486966,0.005156733,0.010270477,0.007382869,0.007856328,0.0058550322,0.007909147,0.00819398,0.0069388417,0.006101629,0.0058678444,0.0058218143,0.005398882,0.0052457023,0.0051088943,0.0047952305,0.004404621,0.0040860884,0.00453283,0.0035956006,0.0059518903,0.01445658,0.21973316,0.2119684,0.016959326,0.0037815988,0.0023744837,0.005855942,0.008384009,0.011429148,0.011474274,0.011588937,0.011107616,0.010476626,0.011234158,0.010205832,0.007913055,0.006954822,0.0067299632,0.007031901,0.007037966,0.0070424327,0.0070452946,0.0070468658,0.0070475666,0.007047774,0.0070477463,0.0070476364,0.0070475033,0.0070473826,0.0070472797,0.0070471964,0.0070471293,0.0070470725,0.0070470357,0.007047002,0.0070469757,0.007046962,0.007046942,0.0070469356,0.0070469286,0.007046919,0.007046919,0.007046919,0.0070469156,0.0070469156,0.0070469156,0.0070469156,0.007046912,0.007046912,0.007046912,0.007046912,0.007046912,0.007046912,0.007046912,0.007046912,0.007046912,0.007046912,0.007046912,0.007046912,0.007046912,0.007046912,0.007046912,0.007046912,0.0074080504,0.0054842453,0.0047995993,0.013535083
0.013398294,0.003607286,0.0052057663,0.0077594346,0.006723439,0.007065277,0.0067496425,0.0077050296,0.008858685,0.010297463,0.00898059,0.0055321893,0.0050248485,0.0048304596,0.005220705,0.0040179244,0.0048430837,0.006240721,0.008444997,0.006919575,0.006293435,0.005994079,0.006219008,0.0070373067,0.008005414,0.0088591,0.008906715,0.009104022,0.009309256,0.0072416263,0.0061831046,0.004802103,0.0060354327,0.0070565217,0.0076077417,0.006592928,0.0070780404,0.009016815,0.009766443,0.006731404,0.0046459124,0.003997733,0.0035222769,0.0037887893,0.0038881626,0.0049806936,0.0050972737,0.00575848,0.0040044505,0.0034977896,0.0043844073,0.0041956245,0.004032702,0.0035590273,0.0029167468,0.003909422,0.009768786,0.012707373,0.0044985204,0.0026086546,0.0025623657,0.0077073593,0.0081795845,0.0077784713,0.011696046,0.0065405658,0.009969987,0.0032347222,0.009229367,0.009618115,0.021996275,0.0035642935,0.0037696948,0.0218044,0.5111689,0.36037534,0.012131811,0.009772942,0.005130695,0.50531197,0.27514255,0.016902952,0.006671187,0.0042292154,0.006672656,0.006721038,0.0067081293,0.007353431,0.008373106,0.006899638,0.0064894594,0.005827055,0.006480132,0.0038700583,0.009571569,0.014483745,0.5259234,0.023015574,0.017268702,0.0046718563,0.008175977,0.008050031,0.0064149536,0.0070935567,0.0068719643,0.007479753,0.0071656615,0.00774487,0.009687868,0.008758262,0.0052967547,0.0066501973,0.0079502,0.007981378,0.0047642714,0.006314352,0.005713866,0.0031031335,0.0033018524,0.004957517,0.008409334,0.007813145,0.0077132946,0.005793775,0.0072834385,0.007619547,0.008223391,0.008193186,0.0076521644,0.006001519,0.0056517646,0.005478389,0.006928096,0.009088141,0.009725541,0.0100807035,0.008351311,0.008094741,0.007487353,0.0073776296,0.007950471,0.008336642,0.0071092914,0.0065961676,0.006602395,0.0069826893,0.0071617845,0.007966561,0.0076283435,0.007202351,0.006543318,0.0062065134,0.005938535,0.008595268,0.008746046,0.013464867,0.004420317,0.0038133452,0.0023988695,0.007078205,0.0107942885,0.008368803,0.00518432,0.0032062544,0.003966597,0.003771794,0.004081511,0.0054498613,0.0052953656,0.0038550983,0.0037321015,0.004894833,0.0054134605,0.0064517753,0.006327273,0.0071765897,0.0066854497,0.0061560073,0.005989708,0.0061865454,0.0057574864,0.005633595,0.005202905,0.0047253584,0.004378949,0.0048561706,0.005683484,0.0035687299,0.0064622494,0.018598627,0.3494788,0.3206071,0.022794113,0.0026518535,0.001539191,0.0045030927,0.0072087264,0.008110307,0.01021901,0.01209945,0.011724506,0.010336617,0.010218661,0.009786676,0.007926722,0.0069117444,0.006860879,0.007037,0.0070412154,0.007044227,0.0070460984,0.0070470925,0.00704751,0.007047613,0.0070475666,0.0070474697,0.007047359,0.007047266,0.007047192,0.0070471256,0.0070470725,0.0070470325,0.007046999,0.007046979,0.007046962,0.0070469454,0.0070469384,0.0070469324,0.007046926,0.007046922,0.0070469156,0.0070469156,0.0070469156,0.0070469156,0.007046912,0.007046912,0.007046912,0.007046912,0.007046912,0.007046912,0.007046912,0.007046912,0.007046912,0.007046912,0.007046912,0.007046912,0.007046912,0.007046912,0.007046912,0.007046912,0.007046912,0.007046912,0.0074080504,0.0054842453,0.0047995974,0.013535083
0.012178555,0.003582794,0.0051638368,0.007705941,0.0065269847,0.007003318,0.007311065,0.010388226,0.011630039,0.010130966,0.0063789356,0.005499932,0.0051729456,0.0035392079,0.0035997648,0.0038662308,0.0066429377,0.0075997426,0.009032593,0.0071076257,0.006609905,0.0065982398,0.007058252,0.008045988,0.00964588,0.011034293,0.009308592,0.00867166,0.008699702,0.007766751,0.0072049364,0.0062414105,0.008691749,0.00767711,0.008215686,0.0068672923,0.0073366603,0.008807332,0.009296687,0.008496568,0.0052528754,0.003981504,0.0033893036,0.004030998,0.0039561642,0.0038420802,0.0030379866,0.0031003247,0.0020585456,0.002876155,0.0027690385,0.002733876,0.0029724566,0.005869085,0.008220513,0.0134085845,0.021104814,0.30970618,0.014779657,0.009504256,0.004069865,0.0054774093,0.0040347516,0.0044031534,0.011036166,0.007544156,0.006552155,0.0038264312,0.009990246,0.021007562,0.39903173,0.009887429,0.008231842,0.004844403,0.016099755,0.020284018,0.004774712,0.003214855,0.0028930372,0.015708072,0.015152964,0.011181166,0.004213133,0.005087386,0.006034386,0.0071534724,0.005852876,0.0073157554,0.0077103944,0.00812781,0.007223826,0.0065776585,0.007680986,0.005474524,0.0073506227,0.008814121,0.016031004,0.009470537,0.0062780334,0.005148743,0.007017156,0.006758279,0.0068866923,0.008190625,0.00840844,0.00851714,0.008331223,0.0097476505,0.012730575,0.008864591,0.0055631124,0.0051896586,0.005034931,0.0054666502,0.0042530335,0.0075594448,0.0054476266,0.0031427986,0.0037571462,0.0063886084,0.005545584,0.0039786818,0.003600165,0.0038813374,0.0060159066,0.0076237204,0.008135641,0.007898857,0.006795556,0.0058791093,0.0058825794,0.006805098,0.009475418,0.011050904,0.0107261315,0.008779433,0.0076907254,0.008456339,0.008378987,0.007923663,0.0065831956,0.007254847,0.0070339716,0.008479227,0.0077240537,0.007331591,0.007337285,0.0069552474,0.007188916,0.006982233,0.006110583,0.005614909,0.003707216,0.011524341,0.016859561,0.55945176,0.017778274,0.008479765,0.0026820544,0.010600914,0.021329576,0.009070638,0.0032392086,0.0024479378,0.007218944,0.009066842,0.008399905,0.008949671,0.0038986504,0.0041462635,0.004193499,0.0136105195,0.007948452,0.009307924,0.00726098,0.007495472,0.0071537024,0.006835298,0.006861113,0.0073996303,0.00746983,0.0072205164,0.006623244,0.0062521226,0.0058908476,0.00677972,0.007913317,0.0054610665,0.009292705,0.02311522,0.37427154,0.3182254,0.017793378,0.003167385,0.0018576364,0.0041368315,0.004905366,0.004806216,0.006649013,0.007849272,0.008182158,0.0076385043,0.00916097,0.008572102,0.00760384,0.006968595,0.0069784382,0.0070411256,0.007043767,0.0070455945,0.007046692,0.0070472495,0.0070474627,0.0070474828,0.0070474264,0.0070473426,0.007047256,0.0070471796,0.007047119,0.0070470725,0.0070470357,0.007047002,0.007046979,0.007046962,0.0070469454,0.0070469384,0.0070469324,0.007046922,0.007046922,0.007046919,0.0070469156,0.0070469156,0.0070469156,0.0070469156,0.007046912,0.007046912,0.007046912,0.007046912,0.007046912,0.007046912,0.007046912,0.007046912,0.007046912,0.007046912,0.007046912,0.007046912,0.007046912,0.007046912,0.007046912,0.007046912,0.007046912,0.007046912,0.0074080504,0.0054842453,0.0047995993,0.013535083
0.011633942,0.0032552597,0.004779224,0.0073603676,0.0064282273,0.0073491093,0.007913964,0.011005974,0.009520786,0.009614169,0.0072781583,0.0076783663,0.0054749683,0.0033056291,0.002509591,0.0028272213,0.0037752432,0.0071668727,0.0065443255,0.0071130283,0.0065268083,0.0071849045,0.0071199792,0.008014617,0.00909998,0.008689144,0.00551633,0.004539653,0.005030707,0.005414257,0.0054094573,0.0051432014,0.0068452135,0.0068502594,0.0074181347,0.006693254,0.006080974,0.0068643563,0.006885841,0.0064443643,0.0040228143,0.0038962916,0.002353178,0.0026763475,0.0022903604,0.0027787942,0.005984833,0.0034027207,0.004305608,0.0047199526,0.0050729616,0.002594274,0.0038460023,0.0102037415,0.2558036,0.32521024,0.3087092,0.051778845,0.015683858,0.008248442,0.0050909277,0.005129019,0.003183343,0.004756929,0.0053052655,0.004615834,0.004235459,0.0104714725,0.014928127,0.43505082,0.041568454,0.020597741,0.0042354567,0.003520873,0.0087564485,0.009301567,0.0037578158,0.0032498923,0.0014822707,0.0066223345,0.012299679,0.016694235,0.004576759,0.0026915325,0.0018225099,0.0036100722,0.00464745,0.0053060283,0.007844242,0.0071868342,0.0074185417,0.006662749,0.0065515344,0.0058822646,0.007072275,0.008514091,0.013836568,0.008509838,0.007997337,0.005920124,0.006978693,0.0069215475,0.0066245333,0.007834303,0.008535396,0.009314438,0.008708379,0.010089049,0.011442445,0.008736576,0.005823688,0.0050904565,0.0053744977,0.0060381307,0.0046330746,0.0075931177,0.0044308677,0.0047159647,0.0049745054,0.013541191,0.018928323,0.009855652,0.006474026,0.0056794006,0.0070528304,0.007691195,0.007807743,0.0068848864,0.0060339705,0.0060832626,0.006936723,0.008839385,0.009470273,0.010288733,0.009400135,0.00813691,0.006723276,0.0071027614,0.0068622897,0.0074410643,0.0066440986,0.0071371435,0.0073604477,0.007864371,0.007820634,0.0075349575,0.00769906,0.007260121,0.0070991335,0.005818065,0.0061748675,0.010209219,0.010604155,0.0117407935,0.010335359,0.01369843,0.008054505,0.003819968,0.0066699046,0.01627359,0.4673046,0.013116451,0.0047065783,0.0017824637,0.0075808386,0.011572109,0.004562277,0.003037695,0.00234006,0.0048053265,0.007007939,0.008670176,0.00847195,0.009187836,0.008817432,0.008853215,0.00857562,0.008675317,0.008574757,0.009191088,0.0090545835,0.0089686215,0.008086429,0.007472984,0.006869007,0.0077361567,0.009017594,0.006765934,0.0063287416,0.0065529966,0.014594629,0.009995011,0.00431544,0.0026432464,0.0034055938,0.0057246992,0.0060062166,0.0044668997,0.004702872,0.005547902,0.00646105,0.006624176,0.007099789,0.0075419466,0.0072560557,0.006987515,0.0070367865,0.0070440536,0.007045521,0.007046502,0.007047069,0.0070473296,0.007047396,0.007047373,0.007047309,0.007047239,0.0070471726,0.007047113,0.007047069,0.0070470325,0.007047002,0.007046979,0.007046962,0.0070469454,0.0070469384,0.0070469324,0.0070469286,0.007046919,0.0070469156,0.0070469156,0.0070469156,0.0070469156,0.007046912,0.007046912,0.007046912,0.007046912,0.007046912,0.007046912,0.007046912,0.007046912,0.007046912,0.007046912,0.007046912,0.007046912,0.007046912,0.007046912,0.007046912,0.007046912,0.007046912,0.007046912,0.007046912,0.007046912,0.0074080504,0.0054842453,0.0047995974,0.013535083
0.01185526,0.0033211634,0.004796874,0.00729955,0.0064916173,0.007987666,0.008417963,0.011317483,0.008405968,0.009210871,0.007255287,0.008378238,0.006458084,0.004385673,0.00273224,0.002851608,0.0038028285,0.006070829,0.0062527237,0.007936728,0.008996016,0.009309203,0.008788333,0.009126633,0.008774728,0.007226911,0.00319003,0.0025451002,0.0030532689,0.0054863,0.0043693464,0.0048887264,0.006421765,0.00686383,0.0067273946,0.0062934556,0.0052468693,0.0044546896,0.00664413,0.0072315345,0.0044603143,0.003003803,0.002692294,0.0027896238,0.0025589082,0.0038913074,0.0071996585,0.013320611,0.01170011,0.008454553,0.009473463,0.0026364457,0.0039817463,0.014459937,0.39291725,0.46431798,0.4030478,0.37661898,0.047822807,0.45461693,0.015806653,0.0119817965,0.0031349459,0.0056779576,0.006204505,0.005859111,0.006054683,0.0069236327,0.010842908,0.020751577,0.03625976,0.0094442135,0.0045960816,0.002786902,0.0040864004,0.00475995,0.0032486692,0.0035159795,0.0010435381,0.005708906,0.008743677,0.3371312,0.0129616475,0.0051498003,0.0026858873,0.0067528877,0.0046306322,0.0049657426,0.006244874,0.0071560913,0.006943387,0.005877253,0.005439876,0.006214259,0.0066126143,0.007453733,0.0064889025,0.00612699,0.0059728795,0.006010243,0.0065028123,0.0063939015,0.008030563,0.008403957,0.009064027,0.009031966,0.008148533,0.009570733,0.011030681,0.0075703636,0.005494155,0.004810773,0.0053228154,0.0056225713,0.0046311426,0.009061042,0.004915259,0.0051312433,0.0048418907,0.010418982,0.010458071,0.0072741522,0.007052076,0.0063814446,0.007752426,0.008035267,0.0070077893,0.0058786436,0.005840398,0.0070572635,0.009395257,0.010395616,0.010624846,0.009858659,0.009009758,0.007374135,0.0063777356,0.006758494,0.0065293163,0.0063874647,0.005435299,0.006014535,0.0069214297,0.0076568914,0.007816126,0.0070519354,0.006960298,0.006544784,0.006929379,0.0053214272,0.0084507875,0.011068151,0.019288965,0.007981543,0.0052654957,0.008263552,0.008754856,0.006035859,0.009099575,0.017212665,0.53461725,0.014061597,0.0060240068,0.00376475,0.026203822,0.60867625,0.0148636205,0.0079924995,0.0023247402,0.006193735,0.006931299,0.00846039,0.008361134,0.009065967,0.009280631,0.009390757,0.009481857,0.009293921,0.0091319,0.009226855,0.009138124,0.009342302,0.009457087,0.009673158,0.008835813,0.008424879,0.007713007,0.0069808015,0.0076046702,0.008171616,0.015882054,0.0113037145,0.0059474087,0.004543667,0.0037768863,0.007277007,0.008440441,0.006990424,0.0059642456,0.006035865,0.006491885,0.0068879514,0.0073122554,0.0073861307,0.0071636327,0.007050884,0.00705574,0.007045865,0.007046565,0.007047012,0.0070472495,0.0070473296,0.0070473296,0.0070472825,0.007047223,0.007047163,0.007047109,0.007047069,0.0070470325,0.007047002,0.0070469826,0.007046962,0.007046949,0.0070469384,0.0070469324,0.007046922,0.007046922,0.007046919,0.0070469156,0.0070469156,0.0070469156,0.0070469156,0.007046912,0.007046912,0.007046912,0.007046912,0.007046912,0.007046912,0.007046912,0.007046912,0.007046912,0.007046912,0.007046912,0.007046912,0.007046912,0.007046912,0.007046912,0.007046912,0.007046912,0.007046912,0.007046912,0.007046912,0.0074080504,0.0054842453,0.0047995993,0.013535083
0.011489856,0.0032455965,0.004789861,0.007509067,0.0070829983,0.009885053,0.010106861,0.010617881,0.007685727,0.007923599,0.0071582496,0.008775292,0.007614065,0.005866576,0.0039136633,0.0035743094,0.004936912,0.006154587,0.006572676,0.0083093755,0.0104939975,0.012211997,0.010492526,0.010546045,0.008609828,0.006294571,0.0028679809,0.0028441562,0.0027132612,0.004877165,0.003312514,0.005903816,0.0052484153,0.007330328,0.006770559,0.0059599075,0.0047551277,0.0035259237,0.003439509,0.003978814,0.0034766872,0.0029156073,0.0045068995,0.0032945136,0.001981138,0.0029393882,0.0063911728,0.44752285,0.046421394,0.355962,0.01501436,0.009038763,0.0034539814,0.0054946244,0.014415088,0.0167213,0.015385663,0.013246255,0.008219126,0.0138907805,0.0050514066,0.0049558147,0.0036676687,0.0072721518,0.008240438,0.007085705,0.0069563636,0.004871988,0.008840007,0.010680317,0.37321615,0.010682282,0.008641952,0.004111245,0.006414485,0.0074559413,0.005067138,0.00676331,0.000995505,0.0022968047,0.008653037,0.52934426,0.013811002,0.0051557254,0.0011818042,0.004168874,0.004577322,0.005583493,0.0062966053,0.0066109947,0.00789511,0.012352895,0.014009192,0.01423591,0.009919671,0.006734979,0.006541812,0.007089534,0.00675357,0.0069710407,0.007727801,0.008104015,0.008310523,0.0078017656,0.008922673,0.008892108,0.008623652,0.009044681,0.010574315,0.00866748,0.0068051396,0.0073046763,0.006849312,0.006381968,0.004937219,0.008665833,0.004845943,0.0061176848,0.0058648908,0.008107496,0.005791641,0.005088945,0.0061759097,0.006084237,0.0069915927,0.0070275664,0.006560886,0.0059103626,0.0068094726,0.009027759,0.0104363905,0.0103027215,0.009493454,0.009824766,0.008810193,0.0074068448,0.0062799254,0.0065232655,0.0061759977,0.0057091056,0.0055808034,0.0061411555,0.00627255,0.006813205,0.007317809,0.007451108,0.0076333405,0.006965349,0.00734031,0.0036300903,0.008823899,0.010403836,0.608515,0.018814603,0.011246608,0.0030551432,0.007069139,0.007268308,0.007785592,0.008707568,0.01926471,0.007947169,0.0050430377,0.0037774013,0.008557542,0.00925045,0.005852748,0.002829271,0.0027177434,0.0071209194,0.009159572,0.01036063,0.008503608,0.008721145,0.008403098,0.008476938,0.0089631425,0.008900933,0.008616929,0.008445519,0.008098114,0.0090119075,0.009295866,0.00917833,0.0075518354,0.0066594114,0.0072186748,0.0063323565,0.0072185583,0.011104909,0.020129263,0.013455046,0.005967893,0.0034338178,0.00460929,0.009823003,0.010140386,0.009122865,0.006429455,0.006834761,0.0068529914,0.007154363,0.0070804707,0.0070532616,0.0070466353,0.007046682,0.007052183,0.007046822,0.0070470856,0.007047239,0.007047296,0.0070472923,0.0070472592,0.007047206,0.007047156,0.007047106,0.007047066,0.0070470287,0.007046999,0.007046979,0.007046966,0.007046949,0.007046942,0.0070469356,0.0070469286,0.007046919,0.007046919,0.007046919,0.0070469156,0.0070469156,0.0070469156,0.0070469156,0.007046912,0.007046912,0.007046912,0.007046912,0.007046912,0.007046912,0.007046912,0.007046912,0.007046912,0.007046912,0.007046912,0.007046912,0.007046912,0.007046912,0.007046912,0.007046912,0.007046912,0.007046912,0.007046912,0.007046912,0.0074080504,0.0054842453,0.0047995974,0.013535083
0.011489856,0.0032406668,0.004821551,0.007533731,0.007030353,0.008360885,0.00832114,0.008121609,0.0067988937,0.006874607,0.0067741256,0.00778788,0.007976452,0.007065725,0.0053883973,0.0042171157,0.004844106,0.004559861,0.0047303643,0.006887808,0.0095892465,0.01071114,0.010095413,0.009777291,0.007434451,0.004786923,0.0032883156,0.0030337595,0.0042772153,0.004730039,0.0036929005,0.00929454,0.0068483558,0.008074582,0.005990966,0.0053379214,0.0049124146,0.003721072,0.0033213466,0.0031189497,0.0033181864,0.0034370814,0.0060807606,0.007234216,0.0075566405,0.0042493218,0.0060289144,0.01657086,0.014659866,0.014871674,0.008643712,0.0045235674,0.0028176059,0.0032789025,0.005872146,0.0077231736,0.008382368,0.008256256,0.0072525847,0.01582474,0.0096532395,0.008737063,0.0061516915,0.0061597284,0.008570453,0.007176369,0.007208413,0.007809856,0.010876678,0.011879264,0.032434236,0.016997743,0.01004724,0.005735729,0.005260468,0.0069164135,0.006008734,0.010365515,0.0039686942,0.003274324,0.0063241706,0.020211011,0.00797732,0.004272963,0.0027254054,0.0046915207,0.005354621,0.006199124,0.00743928,0.0070404788,0.01002814,0.013862013,0.01985301,0.011031348,0.0070238314,0.005332977,0.0065736067,0.0064683543,0.0065239547,0.007092714,0.00866805,0.009299551,0.01044076,0.009870801,0.010048597,0.009232594,0.010330541,0.011022503,0.013361006,0.010587923,0.008379071,0.00636222,0.005882089,0.0065742787,0.0055750427,0.009051273,0.0056831446,0.0068624974,0.006107395,0.006048485,0.0057797446,0.0055829342,0.0076016015,0.005859616,0.0068933326,0.0067090155,0.0067208274,0.0067925407,0.008846941,0.010666973,0.010776284,0.009064177,0.007924986,0.009453018,0.008494631,0.008001983,0.0068600704,0.0076819602,0.006494278,0.0056082434,0.006303758,0.0062756063,0.007057397,0.007297232,0.0072529274,0.0072069727,0.008148807,0.007748905,0.008414394,0.008113952,0.012698832,0.012111136,0.02336169,0.007242398,0.0055584,0.0044451077,0.007919,0.0068542706,0.007216699,0.006076822,0.010387044,0.005377486,0.0056657856,0.004341475,0.006416923,0.009256776,0.0063959346,0.0037301162,0.003685896,0.005372196,0.012060555,0.0114395,0.009601718,0.008235727,0.008006747,0.008525101,0.009404146,0.009591611,0.009699541,0.008925094,0.008354274,0.008668529,0.008990182,0.009310598,0.007107555,0.0060678576,0.0061223805,0.0042557246,0.010297341,0.0216256,0.3310957,0.33559397,0.01681505,0.010045443,0.006023082,0.01130492,0.009858096,0.009623676,0.007353682,0.007111258,0.006827585,0.0071505713,0.0071643484,0.0071444428,0.0070936573,0.0070560738,0.0070471396,0.0070472294,0.0070472797,0.0070472923,0.0070472728,0.0070472355,0.0070471894,0.0070471424,0.0070470953,0.0070470623,0.0070470255,0.0070470055,0.0070469826,0.007046966,0.007046949,0.0070469384,0.0070469356,0.0070469286,0.007046922,0.007046919,0.007046919,0.007046919,0.0070469156,0.0070469156,0.0070469156,0.0070469156,0.007046912,0.007046912,0.007046912,0.007046912,0.007046912,0.007046912,0.007046912,0.007046912,0.007046912,0.007046912,0.007046912,0.007046912,0.007046912,0.007046912,0.007046912,0.007046912,0.007046912,0.007046912,0.007046912,0.007046912,0.0074080504,0.0054842453,0.0047995993,0.013535083
0.011489856,0.003258955,0.0048590126,0.007602512,0.007155793,0.00820227,0.008284297,0.007891361,0.0072353324,0.007057487,0.0070461286,0.007152247,0.007950128,0.008044888,0.008164264,0.0068565295,0.0063337125,0.0048098667,0.0041742604,0.004937784,0.005451836,0.004762135,0.0051715127,0.0055213207,0.0060071424,0.0050181584,0.0042912103,0.0045367046,0.004822693,0.0037714124,0.0036914619,0.0082252845,0.007514655,0.0058767404,0.005607217,0.0051631317,0.0051893587,0.0049802274,0.0032265256,0.003003646,0.0033045607,0.004223951,0.0046976004,0.0074828006,0.0062489207,0.0063533788,0.0045017935,0.0067066457,0.007747541,0.009216752,0.011231363,0.006450473,0.004535611,0.0037842295,0.003622928,0.003599214,0.0035217213,0.0039550764,0.0058125155,0.015222559,0.015345623,0.009261964,0.005624736,0.005307954,0.009312019,0.0050234254,0.0055542244,0.007902718,0.025761247,0.053393763,0.097799145,0.032366592,0.010896853,0.003912041,0.003691704,0.0051051388,0.004878155,0.003965819,0.0027217488,0.003158786,0.0043103183,0.009421918,0.006736376,0.0070627555,0.0052764616,0.0060704495,0.0064775567,0.0072279647,0.007699042,0.006226147,0.01585826,0.019755652,0.53231186,0.022938872,0.011246119,0.003236377,0.0049481057,0.0075288056,0.0075019416,0.007950433,0.008260383,0.008441786,0.009294276,0.009408562,0.010112788,0.0099396,0.011956202,0.010555946,0.012137852,0.009269629,0.011251916,0.00921717,0.006050386,0.006939377,0.0055214334,0.009529585,0.007023448,0.007431995,0.0077832425,0.00712858,0.0058837957,0.0065174303,0.006542791,0.0053958697,0.0064468835,0.0071564736,0.008231398,0.009100152,0.011072082,0.010212765,0.009335692,0.0076524946,0.006957784,0.008789942,0.008145297,0.008128591,0.0076364004,0.007943584,0.007792587,0.0067717107,0.0071445545,0.008621472,0.008217202,0.007889909,0.007963686,0.0073764804,0.0075907605,0.0055223657,0.008628896,0.0071171247,0.017078696,0.0075611756,0.012911724,0.005354944,0.0061565447,0.003947881,0.0048794467,0.0071729105,0.00672191,0.0046380605,0.004791955,0.0051320903,0.005985358,0.0050397106,0.0061817016,0.004601045,0.0045798426,0.0030659297,0.0038591395,0.0050558397,0.011978252,0.010182972,0.009399447,0.00855865,0.008518218,0.008897964,0.010129575,0.009843124,0.00995583,0.0087705655,0.007955075,0.007775675,0.007615269,0.007394109,0.006524817,0.0057113254,0.0060715973,0.0036529815,0.008797007,0.012905898,0.37004495,0.033606373,0.015151562,0.0046564047,0.0073680775,0.011367056,0.0099151675,0.0088527175,0.0076737576,0.0071127927,0.0067904205,0.0070482004,0.0070478367,0.007047613,0.0070474767,0.00704741,0.0070473696,0.0070473393,0.007047303,0.007047266,0.0070472187,0.0070471726,0.0070471293,0.0070470925,0.007047056,0.0070470255,0.007047002,0.007046979,0.007046962,0.007046949,0.007046942,0.0070469356,0.0070469286,0.007046922,0.007046919,0.007046919,0.007046919,0.007046919,0.0070469156,0.0070469156,0.007046912,0.007046912,0.007046912,0.007046912,0.007046912,0.007046912,0.007046912,0.007046912,0.007046912,0.007046912,0.007046912,0.007046912,0.007046912,0.007046912,0.007046912,0.007046912,0.007046912,0.007046912,0.007046912,0.007046912,0.007046912,0.007046912,0.0074080504,0.0054842453,0.0047995974,0.013535083
0.011011358,0.0031436803,0.0047317743,0.007295532,0.0068195486,0.0074009504,0.0074887243,0.0073021417,0.007436717,0.0073982608,0.0073927226,0.007258206,0.008435921,0.008657682,0.008940231,0.007471541,0.0059057144,0.005237915,0.0051375246,0.005870615,0.004156686,0.0033054026,0.004205234,0.0056161075,0.008308361,0.0048272978,0.0040752827,0.0077028596,0.00582002,0.007411933,0.013607216,0.011870871,0.007754187,0.0052935826,0.00445019,0.0047445623,0.005710305,0.0054571833,0.0055654603,0.004420529,0.0063041016,0.007574517,0.0047939653,0.005174823,0.00969835,0.008052872,0.006447901,0.0054386873,0.005767857,0.005381016,0.005457646,0.005926306,0.00505302,0.0050443104,0.0058619864,0.006311457,0.0056336354,0.005272506,0.012664091,0.022801958,0.510454,0.015920192,0.0112668015,0.0038590773,0.0072482596,0.0026841876,0.0056306794,0.012296963,0.4129832,0.56789756,0.45037338,0.553202,0.03129016,0.012379079,0.0031700628,0.005107787,0.004586062,0.0050636986,0.0059561827,0.007464017,0.006424187,0.0056369193,0.0042026388,0.0050368276,0.0055211373,0.0070365695,0.007828223,0.009528393,0.009964759,0.009142292,0.008632711,0.0047013587,0.0074679735,0.0072157257,0.009122995,0.0061884043,0.0076850653,0.005407546,0.007401903,0.007325472,0.0070508006,0.007210187,0.008130302,0.008079555,0.008087672,0.007842239,0.009026816,0.009031966,0.01000516,0.007481346,0.00844976,0.00890477,0.006980263,0.0059751477,0.0055167745,0.010445756,0.008973504,0.009832237,0.007412063,0.0057760254,0.0060006594,0.005653541,0.0059183305,0.0051679127,0.007122278,0.0081322715,0.010164279,0.0099143395,0.0096898815,0.009223664,0.0077152695,0.0069317548,0.006785062,0.007671325,0.007685836,0.006470929,0.0062100673,0.007547927,0.008330376,0.009036325,0.008974293,0.00983708,0.007902785,0.0084298765,0.0076049226,0.007835734,0.00863236,0.004736895,0.0122902,0.016277712,0.5689995,0.016378855,0.009210323,0.0023463662,0.0069214166,0.0071152407,0.007805815,0.0066988138,0.004925059,0.0053803837,0.0059822546,0.0065680034,0.007095847,0.0065564523,0.0078064064,0.0051469873,0.0044143405,0.0029773149,0.0031457639,0.004898393,0.009214361,0.012032754,0.009327215,0.008403468,0.009212821,0.010215783,0.011092614,0.00868822,0.008665362,0.007989933,0.007574233,0.006194155,0.0060660606,0.006070389,0.0060825762,0.0069696875,0.007328708,0.0043982165,0.0054824534,0.0061256923,0.017611952,0.010268724,0.0065167486,0.00597196,0.009062391,0.010083155,0.008485584,0.0086232405,0.007857327,0.007254473,0.0069226096,0.0070483475,0.0070480034,0.007047757,0.0070475894,0.007047473,0.0070473826,0.007047316,0.007047256,0.007047206,0.007047159,0.007047116,0.0070470823,0.0070470455,0.007047019,0.007046999,0.007046979,0.007046966,0.007046949,0.007046942,0.0070469356,0.0070469286,0.007046922,0.007046919,0.007046919,0.007046919,0.007046919,0.007046919,0.0070469156,0.0070469156,0.007046912,0.007046912,0.007046912,0.007046912,0.007046912,0.007046912,0.007046912,0.007046912,0.007046912,0.007046912,0.007046912,0.007046912,0.007046912,0.007046912,0.007046912,0.007046912,0.007046912,0.007046912,0.007046912,0.007046912,0.007046912,0.007046912,0.0074080504,0.0054842453,0.0047995993,0.013535083
0.010035167,0.0028534974,0.0044518798,0.006962783,0.0065780957,0.006929972,0.0070642163,0.007264631,0.008087473,0.00799932,0.008232161,0.007792686,0.008807924,0.009621426,0.010507954,0.00719775,0.007833543,0.005690384,0.006919227,0.008215888,0.005626697,0.0043215863,0.005550738,0.011167706,0.010311181,0.004987411,0.004799385,0.005264884,0.0058567673,0.0074660303,0.010519607,0.012997745,0.007950463,0.005974768,0.005292079,0.0048913043,0.0057560075,0.0063218726,0.006021181,0.0057711857,0.008503303,0.008265858,0.0055924384,0.004051047,0.004441279,0.006234741,0.006047898,0.006343741,0.0069789146,0.00790283,0.007338372,0.006146927,0.0054216413,0.0059163333,0.006272773,0.0057703676,0.0052435775,0.005350702,0.0057598837,0.008814909,0.022371871,0.015495571,0.0068517225,0.0037012221,0.0036937727,0.0028080842,0.0070578014,0.008984758,0.5720755,0.04587573,0.03441374,0.009849521,0.0069186217,0.004146935,0.0036016328,0.005654096,0.004732316,0.0046117497,0.0034378197,0.0062530376,0.0058892844,0.006790456,0.0053464524,0.005567955,0.0058452985,0.0070533617,0.008847606,0.00895102,0.008204532,0.007842409,0.010782136,0.010517711,0.020566342,0.017799161,0.021271374,0.006674989,0.0070708822,0.005900331,0.009681416,0.008308896,0.007738306,0.0076493514,0.008090569,0.007933977,0.00753622,0.0071987244,0.0068359068,0.00694084,0.0050885687,0.0047394675,0.0073728994,0.011500931,0.009166941,0.0059271683,0.005369104,0.0113397855,0.011602582,0.011162794,0.0056469105,0.005675228,0.004865293,0.005292827,0.0060562645,0.005906831,0.009069618,0.008512784,0.01008903,0.009421378,0.008863456,0.00801038,0.0075678597,0.0070393095,0.0067382623,0.006643453,0.0061930106,0.0063296505,0.006599865,0.008013657,0.008752551,0.008223368,0.0074617877,0.007549684,0.0070556663,0.007470568,0.007536323,0.008069148,0.0077007944,0.0052864417,0.007008984,0.0066697653,0.0123818945,0.0063530444,0.0034930927,0.003961747,0.0076940274,0.015238887,0.006965913,0.0047009997,0.0039063054,0.005718078,0.0075951945,0.0070727,0.008247775,0.0056242486,0.0066015664,0.00520648,0.005012683,0.0026189052,0.002493884,0.0031279798,0.0052160514,0.0061898446,0.007864688,0.0076069427,0.009014949,0.010557147,0.009851968,0.008474675,0.008606087,0.007917514,0.007989415,0.0066246153,0.006061436,0.0059091668,0.0062749437,0.006819784,0.007057046,0.0050556697,0.0052945544,0.0055160346,0.008777968,0.005969673,0.005581206,0.0065314784,0.008895811,0.009311077,0.009272103,0.007979792,0.00766873,0.0070306486,0.006991977,0.007048234,0.0070479237,0.0070477,0.0070475335,0.007047416,0.0070473226,0.0070472495,0.0070471894,0.0070471396,0.007047106,0.007047069,0.0070470395,0.0070470157,0.007046995,0.0070469757,0.007046966,0.0070469524,0.007046942,0.0070469356,0.0070469286,0.007046926,0.007046919,0.007046919,0.0070469156,0.0070469156,0.0070469156,0.0070469156,0.0070469156,0.0070469156,0.007046912,0.007046912,0.007046912,0.007046912,0.007046912,0.007046912,0.007046912,0.007046912,0.007046912,0.007046912,0.007046912,0.007046912,0.007046912,0.007046912,0.007046912,0.007046912,0.007046912,0.007046912,0.007046912,0.007046912,0.007046912,0.007046912,0.0074080504,0.0054842453,0.0047995974,0.013535083
0.009074651,0.0026061372,0.00408407,0.0062129726,0.0059345113,0.0061780466,0.006554564,0.0072057825,0.0082279425,0.008244301,0.007957962,0.0074315416,0.007759049,0.0073478785,0.0073295124,0.005778416,0.0074021104,0.005890449,0.0075743767,0.006274696,0.0057785287,0.005585797,0.011088807,0.016384808,0.009595634,0.006611255,0.0060406015,0.0052073966,0.0058078077,0.0070321574,0.008146838,0.008828583,0.0067450632,0.0066560903,0.0043347585,0.0046271873,0.0049503576,0.008214109,0.007209508,0.006991599,0.006139029,0.006516128,0.0050000087,0.0045010136,0.0051101646,0.0061787665,0.0070069795,0.008630651,0.009724911,0.00982323,0.0074444464,0.0057167304,0.00485603,0.0050456435,0.0044299024,0.0046787527,0.0053675403,0.0072697117,0.005281201,0.008107036,0.016131435,0.028608013,0.010215031,0.009667573,0.0065255063,0.007965823,0.012939789,0.02257422,0.058336582,0.019132517,0.007171618,0.005281279,0.010202971,0.014084722,0.006675296,0.0066961455,0.00456893,0.0047702375,0.0036293352,0.005510246,0.004229476,0.006306127,0.0047051203,0.0050821076,0.0063780257,0.008589826,0.011026896,0.010022864,0.0061575687,0.006400133,0.0084057925,0.012953097,0.021666994,0.020240648,0.53502554,0.015896818,0.013786013,0.0048436695,0.008339421,0.008304535,0.0071921293,0.0075264364,0.008102332,0.007617828,0.006832609,0.0063244044,0.005649527,0.0053905696,0.003431252,0.0067855893,0.008065623,0.011635363,0.008657652,0.006644083,0.0066612065,0.011962451,0.012796739,0.009608726,0.0060633617,0.006087473,0.0061338725,0.0053626853,0.005984067,0.0071704024,0.008899385,0.008305878,0.010607627,0.0096931625,0.009207716,0.008573411,0.0077680894,0.006610027,0.006747731,0.0059319297,0.0066357674,0.0064221267,0.0062938104,0.006993294,0.008210171,0.0084270425,0.008086961,0.007126899,0.0065620854,0.007601253,0.007826301,0.008981132,0.007984787,0.006116273,0.0054120463,0.005339155,0.009417072,0.0075578424,0.003644534,0.0070860377,0.009819038,0.6389117,0.014200615,0.012810119,0.0033702126,0.006954687,0.0074758,0.0065166713,0.0069415537,0.0065150354,0.007926568,0.004348417,0.005832681,0.0058643823,0.008319031,0.0057057342,0.0060656294,0.0042564278,0.0042226496,0.0050346893,0.005992718,0.009287838,0.008611667,0.007181841,0.0066787307,0.007577499,0.007901566,0.0073188697,0.0065476377,0.0068063,0.00686461,0.006595624,0.006073753,0.005155232,0.0047497465,0.00496197,0.005547446,0.0059911455,0.0070547503,0.008461023,0.008462903,0.008815429,0.008504646,0.007941194,0.0077226064,0.006983414,0.007053629,0.007048047,0.007047774,0.007047577,0.0070474297,0.0070473226,0.007047239,0.007047176,0.0070471256,0.0070470893,0.007047059,0.0070470325,0.007047009,0.0070469924,0.0070469757,0.007046962,0.0070469524,0.007046942,0.0070469356,0.0070469286,0.0070469286,0.007046919,0.007046919,0.0070469156,0.0070469156,0.0070469156,0.0070469156,0.0070469156,0.0070469156,0.0070469156,0.007046912,0.007046912,0.007046912,0.007046912,0.007046912,0.007046912,0.007046912,0.007046912,0.007046912,0.007046912,0.007046912,0.007046912,0.007046912,0.007046912,0.007046912,0.007046912,0.007046912,0.007046912,0.007046912,0.007046912,0.007046912,0.007046912,0.0074080504,0.0054842453,0.0047995993,0.013535083
0.0089764735,0.0025835114,0.004106369,0.005577828,0.005473951,0.005826411,0.0061833244,0.0065752193,0.007136586,0.006943296,0.0061145285,0.0063504684,0.0072371373,0.007455511,0.0067303493,0.005640119,0.005626625,0.0050430996,0.005889307,0.0065032556,0.0070418757,0.0068023144,0.008160393,0.009595353,0.00883021,0.006361132,0.005446361,0.0056950664,0.0069726817,0.007840221,0.008318901,0.008562269,0.0066542556,0.0060852207,0.0038101678,0.0042130807,0.0053896317,0.011563005,0.00966085,0.0076772184,0.0058518355,0.0063795703,0.0063034296,0.0066412385,0.006447198,0.0074220086,0.0071704565,0.007683556,0.0073405257,0.008081041,0.0073396014,0.0066077453,0.006499923,0.006933718,0.006584982,0.005991801,0.0058944765,0.007969852,0.005529952,0.011624581,0.011593733,0.5413014,0.027774109,0.021527238,0.0098633515,0.008323119,0.013143772,0.026536439,0.07805047,0.016020712,0.0035312255,0.0016181484,0.004510679,0.006019235,0.0060518887,0.0067995056,0.0045501203,0.0042981226,0.0022321173,0.0038072637,0.0028983708,0.0045976066,0.0043147067,0.005196428,0.006238107,0.008132229,0.010910145,0.007893258,0.004700832,0.01187085,0.023554731,0.42592987,0.34955126,0.032499768,0.017660595,0.011003167,0.008330431,0.006746891,0.009794668,0.008990716,0.008684467,0.008555952,0.008540958,0.0079475185,0.0074228197,0.0069110766,0.0054320004,0.004604311,0.0030221029,0.0051380657,0.0068535632,0.011789397,0.009065985,0.007849569,0.008758448,0.014352672,0.016717091,0.01106369,0.0064549674,0.0062762275,0.006176226,0.005055854,0.0061336723,0.0070123402,0.008537669,0.007989861,0.010134549,0.010007951,0.010455156,0.009196583,0.007397536,0.0052393656,0.0048015746,0.0054942593,0.006947667,0.008227798,0.008090389,0.0077644587,0.00829114,0.0072483798,0.0067858463,0.0066012875,0.007176155,0.009004616,0.00959466,0.010273076,0.008314886,0.005446655,0.0041060275,0.003537858,0.0048447936,0.0055995923,0.004450593,0.0059881103,0.0064560617,0.0128137255,0.0063294196,0.004925169,0.0051181708,0.007815574,0.007314426,0.0067779766,0.00810313,0.006595487,0.006208352,0.0037253224,0.0060282485,0.007930574,0.021377726,0.0058595496,0.0041150246,0.0027999163,0.0074376706,0.011494873,0.010576395,0.00954439,0.0056807813,0.0066477223,0.0069279782,0.008589301,0.009195953,0.010288117,0.010187188,0.010074339,0.008570186,0.007390071,0.007145999,0.006164947,0.00602014,0.006080913,0.0069771335,0.0074621234,0.007777095,0.008437688,0.0076931166,0.0076653124,0.008622124,0.0077652563,0.007437896,0.0068827346,0.007062187,0.0070478534,0.0070476197,0.0070474492,0.0070473296,0.0070472355,0.007047169,0.007047119,0.007047076,0.0070470455,0.007047019,0.007046999,0.0070469854,0.0070469687,0.007046959,0.007046949,0.0070469384,0.0070469356,0.0070469286,0.007046922,0.007046919,0.007046919,0.0070469156,0.0070469156,0.0070469156,0.0070469156,0.007046912,0.007046912,0.007046912,0.007046912,0.007046912,0.007046912,0.007046912,0.007046912,0.007046912,0.007046912,0.007046912,0.007046912,0.007046912,0.007046912,0.007046912,0.007046912,0.007046912,0.007046912,0.007046912,0.007046912,0.007046912,0.007046912,0.007046912,0.007046912,0.007046912,0.007046912,0.0074080504,0.0054842453,0.0047995974,0.013535083
0.008759292,0.0024329708,0.0048136297,0.0063946736,0.006002919,0.006461934,0.0067529716,0.007234003,0.0067437314,0.0064867726,0.005829475,0.006162625,0.0067678695,0.006350736,0.006457607,0.0062761805,0.0063004103,0.0052461904,0.0052502602,0.0058336738,0.0066175554,0.006147189,0.0076967543,0.008623024,0.008092907,0.0060339198,0.005550949,0.006444172,0.008500811,0.009547262,0.008956157,0.008547462,0.0064709866,0.00498788,0.003011142,0.003067322,0.004883452,0.010371998,0.010575552,0.008716154,0.006341589,0.0069471532,0.007774542,0.008126173,0.0057519563,0.005968272,0.005050575,0.0074753785,0.007801278,0.008338593,0.007725344,0.008033035,0.007571302,0.0072624097,0.006911074,0.007204619,0.0071426397,0.008073982,0.006340375,0.00611516,0.011560743,0.019820584,0.5899722,0.034061417,0.5938788,0.034639753,0.06082346,0.3193439,0.37942347,0.02086741,0.0049495283,0.0019165666,0.00607114,0.007360503,0.0066034743,0.006573227,0.0041199266,0.004367204,0.005161665,0.005417578,0.007737354,0.0053570955,0.0047000493,0.0061066314,0.006947923,0.008030274,0.008193046,0.005254169,0.0056739687,0.006743901,0.021845048,0.017484695,0.01166748,0.0061854464,0.007749672,0.007738328,0.008550538,0.0067889416,0.008098344,0.007812905,0.008566787,0.008107945,0.008190908,0.007538053,0.0077173137,0.0068825646,0.0049121506,0.003789306,0.00441673,0.0061745606,0.011995996,0.0132186785,0.008429,0.008895807,0.009609407,0.0118118245,0.009492095,0.008017752,0.0058936663,0.008575267,0.0075376327,0.0048996317,0.0053437706,0.0038916403,0.0033381,0.0035590765,0.006024938,0.008255982,0.008976274,0.0072988174,0.005977085,0.0049268147,0.004913748,0.0058853272,0.008361593,0.009729904,0.008893713,0.007836224,0.007911756,0.0074491696,0.0067981435,0.006767148,0.006964257,0.008723565,0.008448662,0.008353301,0.0064992453,0.009178699,0.007882634,0.0069383555,0.004768114,0.003366427,0.004121355,0.004668274,0.004136619,0.009388177,0.0069055124,0.006882901,0.0060433648,0.007936241,0.006968796,0.0066844556,0.006074614,0.0063519212,0.010876745,0.0072184764,0.019502232,0.019186947,0.56461626,0.015883008,0.010182481,0.003056054,0.007985913,0.016515361,0.008313604,0.0069602844,0.0040081874,0.006241635,0.006657544,0.009058016,0.010021879,0.010919747,0.010482743,0.010016582,0.009095229,0.008677663,0.00862351,0.00824239,0.008002494,0.00805654,0.008017358,0.00728469,0.0070030526,0.0069531826,0.0065460624,0.0064147227,0.00795272,0.00761927,0.0073670736,0.007017505,0.0070570125,0.0070476867,0.0070474893,0.0070473426,0.0070472355,0.0070471657,0.007047109,0.007047069,0.0070470357,0.007047012,0.0070469924,0.007046979,0.007046966,0.007046955,0.007046949,0.0070469384,0.0070469356,0.0070469286,0.007046926,0.007046919,0.007046919,0.0070469156,0.0070469156,0.0070469156,0.0070469156,0.0070469156,0.007046912,0.007046912,0.007046912,0.007046912,0.007046912,0.007046912,0.007046912,0.007046912,0.007046912,0.007046912,0.007046912,0.007046912,0.007046912,0.007046912,0.007046912,0.007046912,0.007046912,0.007046912,0.007046912,0.007046912,0.007046912,0.007046912,0.007046912,0.007046912,0.007046912,0.007046912,0.0074080504,0.0054842453,0.0047995993,0.013535083
0.009650509,0.0031221716,0.006340655,0.008084139,0.0072793094,0.008001764,0.0079366015,0.007799617,0.0066561126,0.006981691,0.0074827475,0.007944985,0.008476346,0.007911778,0.007221545,0.0065598884,0.0067761093,0.005988919,0.0059098112,0.0056567825,0.007813881,0.0061804475,0.0070321136,0.0067726853,0.0069417735,0.0060199853,0.0064052804,0.007082851,0.009908761,0.01106251,0.010569242,0.009470684,0.006886399,0.004580595,0.0025829708,0.002589262,0.0043877014,0.008350414,0.010245101,0.009560822,0.0069390195,0.008110606,0.0052352124,0.00683738,0.0071107484,0.023277268,0.010101786,0.009517333,0.0053206068,0.0077849077,0.007072379,0.006746805,0.0068630795,0.0077018104,0.011141408,0.008213049,0.005856684,0.006001448,0.0055334717,0.007414368,0.011766998,0.030513018,0.022434814,0.008701396,0.00507909,0.0059194104,0.012101189,0.020618048,0.58348405,0.021267125,0.0105564445,0.0025088987,0.0063563953,0.006521325,0.006493368,0.007342104,0.0051527307,0.005604464,0.0053971056,0.009807131,0.004950933,0.0048302123,0.0038909619,0.0059093065,0.00656087,0.007376683,0.008089643,0.004511594,0.01182476,0.013591763,0.6240226,0.028551988,0.017716091,0.0035015247,0.004582448,0.005268398,0.0072291386,0.0078627225,0.007859253,0.0080901785,0.008283071,0.007819314,0.007362347,0.0074724993,0.008320309,0.007908246,0.0075277113,0.004758182,0.005830937,0.008876719,0.011445057,0.007943475,0.007626654,0.008202836,0.010305464,0.011188544,0.009008263,0.0066696997,0.0058815065,0.0076490617,0.006218089,0.0044576298,0.0044800467,0.00629543,0.0072519183,0.0072830766,0.008113623,0.0060315207,0.0042856536,0.003756477,0.00427766,0.0043576043,0.0057489024,0.0073688314,0.010203332,0.010752419,0.009614791,0.008736836,0.00872232,0.007628877,0.006835926,0.0062176553,0.0067743664,0.008776172,0.00916598,0.0060498924,0.007778975,0.007409965,0.0145247355,0.007620388,0.0055657164,0.0044597,0.0060745934,0.0033686995,0.004541246,0.0049857646,0.005355386,0.0061099,0.0062664542,0.007129184,0.007011092,0.0069087376,0.004290267,0.0059989537,0.012720696,0.020476079,0.014532567,0.00790865,0.00966865,0.009111416,0.0046426547,0.0077371523,0.011417801,0.44293192,0.016413167,0.01357349,0.0034322357,0.0070196018,0.006668255,0.009665861,0.0098553775,0.009899021,0.009499823,0.008942366,0.008726699,0.008964579,0.009465019,0.009350729,0.00966158,0.009545179,0.007741818,0.0070047113,0.0064544715,0.0063295783,0.006077061,0.0064094397,0.0073660244,0.0074001765,0.007102506,0.007011729,0.0070477906,0.007047553,0.0070473794,0.0070472592,0.007047169,0.007047106,0.007047066,0.0070470325,0.0070470055,0.0070469854,0.007046972,0.007046959,0.0070469524,0.0070469454,0.0070469384,0.0070469356,0.0070469286,0.007046926,0.007046919,0.007046919,0.0070469156,0.0070469156,0.0070469156,0.0070469156,0.007046912,0.007046912,0.007046912,0.007046912,0.007046912,0.007046912,0.007046912,0.007046912,0.007046912,0.007046912,0.007046912,0.007046912,0.007046912,0.007046912,0.007046912,0.007046912,0.007046912,0.007046912,0.007046912,0.007046912,0.007046912,0.007046912,0.007046912,0.007046912,0.007046912,0.007046912,0.007046912,0.007046912,0.0074080504,0.0054842453,0.0047995974,0.013535083
0.011318519,0.0038055517,0.00798877,0.0105692325,0.009304574,0.0100850295,0.009926254,0.009108841,0.00837068,0.009162997,0.009242762,0.008856705,0.00882013,0.00795474,0.007656301,0.007707658,0.008178652,0.00744887,0.0072014914,0.006490793,0.0076010656,0.005373924,0.006475894,0.006559133,0.0073716603,0.00619035,0.006653859,0.0063454094,0.008417112,0.009541673,0.010170209,0.009188062,0.006990182,0.0048824046,0.0031614644,0.0036073115,0.0040275496,0.00735599,0.0074305777,0.008222734,0.0075636026,0.008765223,0.0054071876,0.006027646,0.0100299725,0.025994113,0.012140129,0.0065455628,0.0039057191,0.008033344,0.007159629,0.005740427,0.004752583,0.0050682514,0.0053770444,0.0051886346,0.004208842,0.0045583006,0.0049331216,0.007221501,0.013115456,0.026797235,0.015272004,0.0063960133,0.005367276,0.0056655654,0.007330838,0.009566521,0.045046784,0.009992161,0.0064585125,0.0037483876,0.006183436,0.0052858973,0.005887894,0.0054889177,0.0063282084,0.0071354643,0.0076505826,0.0064272163,0.005395716,0.005625481,0.005481988,0.006717661,0.0070144027,0.007146249,0.008670799,0.006918412,0.009715388,0.008506716,0.016480707,0.00779478,0.004317028,0.0036309615,0.005040775,0.006048761,0.0064261598,0.0072915824,0.007851047,0.007996917,0.008173506,0.0075431704,0.007043273,0.0077720713,0.008924639,0.0078221075,0.0066914847,0.005415176,0.008727107,0.008378215,0.0072829,0.0071958965,0.0070003243,0.008673513,0.01033977,0.010246706,0.008043876,0.0058569806,0.007313737,0.008771212,0.0069007003,0.005135782,0.0049341233,0.0065031047,0.014753844,0.016466862,0.008193499,0.0032452615,0.0021413278,0.0027065754,0.003350777,0.005025099,0.006678437,0.008152161,0.0098600555,0.009845463,0.009544057,0.008981341,0.008654424,0.007774671,0.0067424728,0.0073466403,0.007737804,0.009019602,0.008692648,0.0038866375,0.009119655,0.006377452,0.6261113,0.021404322,0.023236902,0.0045914156,0.0045536663,0.0021429993,0.0045625023,0.004817384,0.005917865,0.007261396,0.007795725,0.008109985,0.007458172,0.0061009526,0.0032048132,0.008467401,0.016611824,0.5349607,0.015358887,0.0057004318,0.0027677512,0.00514214,0.0046507353,0.0063591697,0.010530677,0.016294612,0.0071393237,0.0041005504,0.0038978097,0.00770776,0.0074068517,0.008587759,0.007799499,0.007120792,0.0069633373,0.007497899,0.0072585745,0.0072729615,0.0073060975,0.0074752797,0.007922242,0.007119773,0.0054278285,0.0046788305,0.0054629263,0.0059264577,0.006767972,0.006946403,0.007627044,0.0074038934,0.0071398104,0.007067187,0.007047656,0.007047443,0.007047296,0.0070471894,0.007047116,0.007047066,0.0070470255,0.007047002,0.007046979,0.007046966,0.007046955,0.0070469454,0.007046942,0.0070469356,0.0070469356,0.0070469286,0.007046926,0.007046922,0.007046919,0.007046919,0.0070469156,0.0070469156,0.0070469156,0.0070469156,0.007046912,0.007046912,0.007046912,0.007046912,0.007046912,0.007046912,0.007046912,0.007046912,0.007046912,0.007046912,0.007046912,0.007046912,0.007046912,0.007046912,0.007046912,0.007046912,0.007046912,0.007046912,0.007046912,0.007046912,0.007046912,0.007046912,0.007046912,0.007046912,0.007046912,0.007046912,0.007046912,0.007046912,0.0074080504,0.0054842453,0.0047995993,0.013535083
0.012252448,0.003982584,0.008297302,0.011446745,0.00985167,0.009971667,0.009483702,0.008486452,0.008300343,0.009113167,0.009756445,0.008712525,0.007819539,0.0072025424,0.007908361,0.0076379837,0.008103502,0.007868758,0.008137995,0.0074636554,0.0064251856,0.0048916545,0.0046290415,0.005935116,0.007720857,0.0067578247,0.006015921,0.0058250716,0.0065017156,0.0075171203,0.008066816,0.0074799396,0.006072069,0.0049920348,0.004264009,0.0047691055,0.0050221626,0.00620849,0.0048670177,0.0050144484,0.0061714593,0.0071800053,0.004900153,0.006446288,0.026636845,0.5374319,0.023525145,0.008335388,0.0026593758,0.007515331,0.00634076,0.0048348606,0.004272975,0.004100753,0.0047181947,0.0030459447,0.0029522495,0.003806611,0.0043799677,0.014971713,0.016949305,0.4979989,0.015875654,0.0077162036,0.0026877746,0.004241128,0.0049548694,0.0046155755,0.011388027,0.0072332122,0.007481264,0.0055981665,0.007477979,0.009583814,0.008269369,0.006722973,0.009420748,0.0072767255,0.0073456597,0.0063619064,0.0062726396,0.006804144,0.0063170753,0.0070662242,0.008017609,0.009101768,0.011130491,0.0095538655,0.009526345,0.008222356,0.013670061,0.00931784,0.008216039,0.006161772,0.0065595587,0.00734952,0.0075255963,0.008081471,0.0073892386,0.0069446703,0.0071903258,0.007323666,0.0076404638,0.008424358,0.00954853,0.008948749,0.008112982,0.00628353,0.0056299847,0.005460393,0.0050743236,0.005727248,0.006963469,0.009079544,0.010568364,0.011394599,0.008510627,0.006518304,0.009403715,0.009759173,0.0073062805,0.005297189,0.008253089,0.019753871,0.4100213,0.3725772,0.01970739,0.005951154,0.0019726343,0.0033234006,0.0034850766,0.004243662,0.0055659115,0.00721226,0.00787636,0.007864988,0.007848381,0.007666549,0.0076457867,0.0075754346,0.0074401987,0.0071333633,0.007233452,0.007834229,0.008304076,0.0042623975,0.0041925334,0.0052801715,0.02926907,0.023831207,0.30477166,0.010615728,0.0113388505,0.0033177543,0.0055990503,0.0039267903,0.00701491,0.0064233257,0.0071487054,0.0058929683,0.006302647,0.0056026727,0.0043489076,0.009051995,0.023105307,0.5232286,0.018746512,0.0067415247,0.0020334541,0.003361936,0.008601797,0.019219633,0.027480993,0.014667382,0.0054821414,0.0038607658,0.0058862315,0.007863366,0.009370663,0.0083524445,0.0074962033,0.0069531132,0.0069395257,0.006819552,0.00640369,0.006214683,0.0061994973,0.006416166,0.0065722554,0.0059009623,0.004934425,0.0045919255,0.005603659,0.006117375,0.0069948006,0.0067133955,0.007143644,0.007127554,0.0070707747,0.007061832,0.0070475433,0.007047359,0.0070472294,0.0070471354,0.0070470725,0.0070470325,0.007046995,0.007046979,0.007046966,0.0070469524,0.0070469454,0.0070469384,0.0070469356,0.0070469324,0.007046926,0.007046922,0.007046919,0.007046919,0.0070469156,0.0070469156,0.0070469156,0.0070469156,0.0070469156,0.0070469156,0.007046912,0.007046912,0.007046912,0.007046912,0.007046912,0.007046912,0.007046912,0.007046912,0.007046912,0.007046912,0.007046912,0.007046912,0.007046912,0.007046912,0.007046912,0.007046912,0.007046912,0.007046912,0.007046912,0.007046912,0.007046912,0.007046912,0.007046912,0.007046912,0.007046912,0.007046912,0.007046912,0.007046912,0.0074080504,0.0054842453,0.0047995974,0.013535083
0.011822415,0.0037569911,0.0076923454,0.01032901,0.008641387,0.008641392,0.008409346,0.007980826,0.00786529,0.008720852,0.0091723045,0.008345903,0.0072656353,0.0071246997,0.0073163966,0.007308584,0.007335361,0.007394585,0.008110649,0.008112997,0.006550569,0.0043364507,0.0039446405,0.005458511,0.0066204052,0.0068723774,0.006126851,0.0047872704,0.0038380967,0.004214635,0.004302265,0.0041731345,0.0039940057,0.0040823095,0.0055517014,0.006662901,0.0062930766,0.0049568024,0.0046826247,0.0041157263,0.0047329045,0.006112509,0.005755156,0.008525225,0.01148101,0.5065508,0.024491725,0.010058007,0.0030554351,0.0072801122,0.0067527373,0.0059208362,0.0039258096,0.0038332576,0.005318382,0.010238565,0.008847744,0.008535436,0.005350722,0.0048715393,0.0074402587,0.025549127,0.016253328,0.0080264425,0.0047107213,0.005208834,0.0066074636,0.0058030854,0.0060101124,0.005822137,0.0073244246,0.0071725817,0.0069861817,0.0067156884,0.0061049643,0.0052607204,0.005286389,0.0055609783,0.0056056944,0.005119147,0.0069054863,0.008237484,0.008909442,0.009096832,0.009485821,0.011191901,0.012754966,0.012133885,0.010091125,0.007808127,0.0071509564,0.0063912845,0.006244232,0.007833636,0.0073501603,0.008314878,0.007826009,0.008293363,0.0080605615,0.007154888,0.0073689534,0.006943371,0.00834507,0.00957601,0.011076448,0.009582085,0.00822751,0.007282628,0.0056511504,0.004521672,0.004374471,0.0058382805,0.007126738,0.008667718,0.009624589,0.01069454,0.008076602,0.0065199505,0.009228965,0.010137538,0.0081712445,0.0070956894,0.005200514,0.014232752,0.03435329,0.41617936,0.017674118,0.009303234,0.0034327214,0.0063118455,0.0051432014,0.005605221,0.006703654,0.007507642,0.0070649865,0.00696979,0.006811227,0.006036503,0.005819215,0.005617977,0.005611494,0.006058725,0.0063892654,0.0075739864,0.0069046724,0.0024720845,0.0031531833,0.006836651,0.03706995,0.009466557,0.0091164615,0.004202705,0.014207552,0.0060177715,0.0053071184,0.0037516747,0.004116688,0.0053671333,0.010412371,0.0059172367,0.0073770327,0.006219202,0.010611396,0.0045328275,0.00668204,0.02458579,0.023419715,0.008590865,0.0029764813,0.0021916816,0.006088659,0.01184823,0.5852179,0.014767706,0.008028869,0.0022339532,0.005890572,0.0074973986,0.009836649,0.008547321,0.0076064887,0.0069967518,0.0069626714,0.0063731684,0.0057295593,0.0054362505,0.005444785,0.0055336636,0.00556729,0.0052416776,0.004803633,0.0049809082,0.0059824623,0.0061562033,0.006687505,0.0066280584,0.0071457895,0.007136593,0.0070947385,0.0070567355,0.007047453,0.0070472895,0.0070471796,0.007047099,0.0070470423,0.007047009,0.0070469826,0.007046962,0.0070469524,0.0070469384,0.0070469356,0.0070469356,0.0070469324,0.007046919,0.007046922,0.007046919,0.007046919,0.007046919,0.0070469156,0.0070469156,0.0070469156,0.0070469156,0.0070469156,0.0070469156,0.007046912,0.007046912,0.007046912,0.007046912,0.007046912,0.007046912,0.007046912,0.007046912,0.007046912,0.007046912,0.007046912,0.007046912,0.007046912,0.007046912,0.007046912,0.007046912,0.007046912,0.007046912,0.007046912,0.007046912,0.007046912,0.007046912,0.007046912,0.007046912,0.007046912,0.007046912,0.007046912,0.007046912,0.0074080504,0.0054842453,0.0047995993,0.013535083
0.011830991,0.0038438763,0.007819947,0.010454351,0.008629594,0.008507864,0.008512921,0.007814639,0.008056918,0.008590443,0.00837766,0.00767821,0.006888976,0.0071590054,0.007616862,0.0077266563,0.007649663,0.007621596,0.008642021,0.00879194,0.006944545,0.0050338157,0.0051460955,0.005409426,0.0051325257,0.0056572095,0.005345276,0.005659337,0.004453214,0.0047326796,0.0042110807,0.00330915,0.003326114,0.0032917717,0.005844295,0.006953219,0.0057137283,0.0051391013,0.004681438,0.0041601653,0.0045608454,0.0076237493,0.004574913,0.002957263,0.003566567,0.012502633,0.012297044,0.006933551,0.0049962834,0.007969795,0.006991235,0.0059410357,0.0037031814,0.006328475,0.0072923144,0.041071635,0.025350126,0.014203653,0.004316141,0.002821852,0.0064283703,0.020436175,0.03211555,0.0112181,0.0056510298,0.004612459,0.008259958,0.006617743,0.006307675,0.005986246,0.0064681303,0.007155014,0.0086354865,0.009612316,0.008231208,0.00569373,0.0061637815,0.0057599302,0.0064060884,0.0070510646,0.008482039,0.010306534,0.011491233,0.009806339,0.009267444,0.009139911,0.009454573,0.010115227,0.00866537,0.008033609,0.0069778534,0.0074383323,0.0067430832,0.007842528,0.0075224875,0.0091031445,0.009277107,0.009438893,0.008566216,0.007183323,0.0072338767,0.0064974264,0.0068045887,0.008049802,0.009068028,0.009645064,0.008569675,0.007829312,0.0067962245,0.005659997,0.005212942,0.0061789984,0.0064094397,0.0071384786,0.007972936,0.009641443,0.007092707,0.006478748,0.0074615437,0.009515859,0.0077070566,0.00680475,0.0056101903,0.008502265,0.015274198,0.0243811,0.0071714474,0.006517184,0.0057418803,0.008298093,0.005894292,0.006504679,0.0071878335,0.0076146424,0.006676795,0.0058700335,0.0053637363,0.0052272743,0.0048150667,0.0053583835,0.005327028,0.006216583,0.006323101,0.0072179805,0.006351269,0.0025290307,0.005120252,0.00812698,0.5176856,0.008355004,0.004830559,0.0041345945,0.45706016,0.025778085,0.0099870395,0.0032591764,0.0037607874,0.004422422,0.0049443645,0.00522969,0.0066692475,0.016321339,0.007792712,0.004436479,0.007882421,0.021044346,0.5490572,0.034574922,0.011428899,0.0026088047,0.0045786235,0.006256034,0.024255339,0.005216645,0.0048634303,0.002963515,0.0069376817,0.008126654,0.010103841,0.008392231,0.007439843,0.006937367,0.006855423,0.0065949243,0.0063947374,0.0063503566,0.006491298,0.006562328,0.00651899,0.006170126,0.0058011347,0.005939872,0.006423411,0.0062229373,0.00659729,0.0065877647,0.0070488243,0.007048277,0.0070478767,0.0070475866,0.0070473826,0.007047239,0.0070471396,0.007047069,0.007047019,0.0070469854,0.007046966,0.0070469524,0.0070469384,0.0070469356,0.0070469324,0.007046926,0.007046919,0.007046919,0.007046919,0.007046919,0.007046919,0.007046919,0.007046919,0.007046919,0.0070469156,0.0070469156,0.007046912,0.007046912,0.007046912,0.007046912,0.007046912,0.007046912,0.007046912,0.007046912,0.007046912,0.007046912,0.007046912,0.007046912,0.007046912,0.007046912,0.007046912,0.007046912,0.007046912,0.007046912,0.007046912,0.007046912,0.007046912,0.007046912,0.007046912,0.007046912,0.007046912,0.007046912,0.007046912,0.007046912,0.007046912,0.007046912,0.0074080504,0.0054842453,0.0047995974,0.013535083
0.011941503,0.0038894669,0.007887021,0.010420822,0.008409112,0.0081185745,0.008091797,0.0077531594,0.008361956,0.008970635,0.008273237,0.007923846,0.007061408,0.0077716694,0.0075972034,0.008386086,0.008338731,0.008177276,0.00849975,0.009502331,0.010079295,0.008253343,0.006656229,0.005508195,0.0048249224,0.005403806,0.0049291486,0.004372845,0.0043827468,0.005129855,0.0051923553,0.004174417,0.0038602983,0.004190346,0.0065066977,0.006300076,0.0072933882,0.006409919,0.0055123027,0.0061439797,0.003573941,0.0034798654,0.0059886808,0.002691928,0.0028845884,0.005396801,0.013031471,0.010159117,0.008539077,0.009187485,0.008318933,0.0070581487,0.0025778678,0.004939719,0.008060329,0.42169464,0.46243995,0.028065091,0.006443952,0.0011326519,0.008222527,0.01187274,0.5680344,0.020201212,0.015495833,0.004183144,0.008094745,0.007525026,0.00725209,0.00684689,0.007368661,0.008641106,0.009004,0.009656636,0.0071962676,0.006004321,0.004963057,0.0053899,0.007915574,0.008922893,0.009862347,0.009288934,0.009332157,0.0090309195,0.008394842,0.0086842375,0.008662032,0.009322973,0.007902909,0.0076596234,0.007407388,0.007682483,0.0076324632,0.008424226,0.008490288,0.008858313,0.007988584,0.0074754064,0.0072284336,0.0070159934,0.0068479795,0.0076356637,0.00873677,0.011642164,0.011677678,0.010430025,0.008841628,0.0080253035,0.007160175,0.0065797903,0.0053651687,0.006939647,0.0051447386,0.0056657507,0.006244436,0.0077738357,0.005871041,0.006335241,0.0067973286,0.0093457885,0.0071106753,0.0067155585,0.0057499167,0.007609178,0.0072000674,0.010665882,0.005388175,0.0068843546,0.0056470847,0.006878222,0.00592532,0.0065052956,0.008563827,0.008046346,0.0068583293,0.00558141,0.0054859957,0.0047279964,0.004082905,0.005157323,0.005925272,0.0068631996,0.0070923646,0.00787405,0.0070164483,0.003215648,0.004988995,0.011393805,0.38874072,0.013550953,0.003530734,0.0044207573,0.016642714,0.41645887,0.013025105,0.010095589,0.004053439,0.004814669,0.0043200236,0.0044251774,0.0049380907,0.0050483355,0.0052940194,0.0034501525,0.0033166271,0.004561515,0.010276227,0.011662148,0.0029980938,0.002097533,0.0037773328,0.006018807,0.01547027,0.007245769,0.0063965195,0.0024406952,0.005621308,0.0070629655,0.010041991,0.007807252,0.0071577444,0.0068230727,0.006813812,0.0067546857,0.0067037237,0.006752309,0.006847279,0.006899044,0.0068576247,0.0064824685,0.0059414213,0.0058910293,0.006317728,0.00611206,0.0065629096,0.0065874,0.0070486036,0.007048117,0.007047757,0.0070474995,0.007047316,0.0070471894,0.0070471023,0.0070470423,0.007046995,0.0070469687,0.007046955,0.007046942,0.0070469356,0.0070469286,0.007046926,0.007046922,0.007046919,0.007046919,0.007046919,0.007046919,0.007046919,0.007046919,0.007046919,0.007046919,0.0070469156,0.0070469156,0.007046912,0.007046912,0.007046912,0.007046912,0.007046912,0.007046912,0.007046912,0.007046912,0.007046912,0.007046912,0.007046912,0.007046912,0.007046912,0.007046912,0.007046912,0.007046912,0.007046912,0.007046912,0.007046912,0.007046912,0.007046912,0.007046912,0.007046912,0.007046912,0.007046912,0.007046912,0.007046912,0.007046912,0.007046912,0.007046912,0.0074080504,0.0054842453,0.0047995993,0.013535083
0.011799952,0.0038281674,0.007885263,0.010661631,0.008874069,0.008380144,0.008377022,0.007654696,0.009095767,0.009157102,0.009305651,0.008806946,0.00776957,0.008468615,0.008609421,0.009697224,0.009763197,0.008719009,0.008294771,0.008148602,0.010449173,0.011907047,0.00920335,0.0066738417,0.00524963,0.005305915,0.005875217,0.0050070165,0.00756979,0.009428853,0.006921427,0.005538691,0.0049847737,0.007023715,0.006158208,0.005359947,0.004458502,0.0054346104,0.005762511,0.0047023897,0.005289848,0.003741958,0.0042507304,0.0024893356,0.002003708,0.0036332135,0.009150026,0.008654989,0.011169522,0.009030046,0.0084730005,0.006991145,0.0030181245,0.004439228,0.010466863,0.073050976,0.45722672,0.022072205,0.005460282,0.0015062324,0.0056539057,0.0062925667,0.012261396,0.007375954,0.0060785133,0.0042738006,0.008271074,0.0078907,0.008159227,0.0072867353,0.0070710434,0.008047415,0.0077244923,0.00824446,0.006490446,0.006781409,0.005916827,0.0073695597,0.0076455334,0.00955935,0.010309667,0.008620298,0.008285014,0.007285762,0.0063778595,0.0068506645,0.007250597,0.0081862295,0.008045093,0.0076093827,0.007410639,0.007415509,0.0074046925,0.0076607177,0.007875924,0.008045368,0.00699291,0.0066851177,0.0070871143,0.007111332,0.0066940873,0.006884563,0.006760636,0.008088418,0.008914791,0.010395155,0.008791429,0.0077331928,0.006440717,0.0061382493,0.0052068923,0.0042906273,0.004721826,0.0046776533,0.005646921,0.006708294,0.005393961,0.005649736,0.006914121,0.008820584,0.0066169812,0.006477852,0.006453937,0.009884549,0.0071050883,0.00543788,0.0041178786,0.005922838,0.0063185035,0.0068171197,0.0060311663,0.006618443,0.008884937,0.008281724,0.007176321,0.005837016,0.0052501904,0.0042833653,0.0033804001,0.002975628,0.0028312611,0.0030751796,0.0036433148,0.004727124,0.0060663996,0.005985954,0.0056641363,0.00845283,0.035355493,0.016972408,0.002156484,0.0016507856,0.005643166,0.01354725,0.010525113,0.006370515,0.00751775,0.007887674,0.006316172,0.007723634,0.0054631364,0.005606417,0.004353293,0.0055580684,0.00501708,0.0050536646,0.007421678,0.010083568,0.003313432,0.0023028706,0.0032294055,0.00859344,0.013759542,0.0056143845,0.0057901805,0.0026908016,0.006353869,0.006535837,0.0091865435,0.007781726,0.007163891,0.0071345423,0.00716073,0.0071711116,0.0071719056,0.00718214,0.0071898825,0.0071956506,0.0071519017,0.006759825,0.0062211216,0.0060638273,0.0064435494,0.006135515,0.0065663424,0.0065988926,0.0070484076,0.0070479736,0.007047653,0.0070474227,0.007047266,0.007047152,0.0070470725,0.007047019,0.0070469854,0.007046962,0.0070469454,0.0070469356,0.0070469286,0.007046926,0.007046919,0.007046919,0.007046919,0.007046919,0.0070469156,0.0070469156,0.0070469156,0.0070469156,0.0070469156,0.0070469156,0.007046912,0.007046912,0.007046912,0.007046912,0.007046912,0.007046912,0.007046912,0.007046912,0.007046912,0.007046912,0.007046912,0.007046912,0.007046912,0.007046912,0.007046912,0.007046912,0.007046912,0.007046912,0.007046912,0.007046912,0.007046912,0.007046912,0.007046912,0.007046912,0.007046912,0.007046912,0.007046912,0.007046912,0.007046912,0.007046912,0.007046912,0.007046912,0.0074080504,0.0054842453,0.0047995974,0.013535083
0.012406725,0.0040177167,0.007958764,0.0106989,0.008680925,0.008011364,0.007207563,0.0072539025,0.008508036,0.00855359,0.009287683,0.009502192,0.009860014,0.009829085,0.009069837,0.009334264,0.008581691,0.008004986,0.007292297,0.0070637716,0.00802983,0.010269979,0.010125966,0.0073953196,0.006083574,0.0058789756,0.0050271926,0.0042122947,0.0045701773,0.0076826615,0.008197756,0.009040501,0.0064854636,0.009739465,0.010415763,0.006670021,0.0054016407,0.008477833,0.012564776,0.006822863,0.008018405,0.004612352,0.0035626446,0.0036691623,0.002539446,0.004094847,0.005250905,0.009539681,0.012192295,0.009086368,0.008032185,0.0061867684,0.0025810858,0.005192949,0.014547216,0.46536747,0.46928772,0.022195034,0.0072157704,0.0017377158,0.005752253,0.0050391727,0.009815697,0.005961292,0.0061942902,0.0047348207,0.007529742,0.007585726,0.008484008,0.008578207,0.008564427,0.008795036,0.0077061304,0.0074597676,0.0072259395,0.0077360068,0.0074746953,0.007142448,0.008148796,0.009765004,0.008867771,0.0055077355,0.003671443,0.0035221865,0.0048228945,0.006819571,0.0073957406,0.008240633,0.007942114,0.007355015,0.006882764,0.0073825447,0.0076537617,0.007917375,0.007909738,0.0070379158,0.0060173385,0.005745633,0.006566423,0.0065394165,0.0053576874,0.005800313,0.01374755,0.014175538,0.010625644,0.01017478,0.008501208,0.0075140013,0.006426498,0.0059327506,0.0055230097,0.0042354874,0.0037264961,0.004130805,0.008423801,0.0073837256,0.005542038,0.005794085,0.0069716577,0.008403829,0.0067003174,0.0065361555,0.0064222855,0.008451686,0.0073877736,0.006536685,0.0061826385,0.00727984,0.007546791,0.008079131,0.0064980173,0.007039433,0.008154625,0.008097663,0.006967899,0.0049149934,0.005606718,0.007288874,0.008903343,0.0065635745,0.0037824665,0.0049390444,0.0061518895,0.009835176,0.008563341,0.005507051,0.0040013096,0.006278292,0.008153753,0.011093158,0.0025850958,0.0024928025,0.0027129927,0.004563553,0.0052414015,0.0048319935,0.00683591,0.0046141823,0.0046610194,0.00517596,0.008207081,0.0045383777,0.005799716,0.0058198324,0.0048225857,0.004029122,0.0036178262,0.0044094245,0.0042355936,0.0029023213,0.0075684865,0.0072841696,0.5744081,0.010819826,0.008701052,0.0015746804,0.0053766747,0.0057385196,0.008717233,0.0074018054,0.0066956477,0.0069933105,0.007141467,0.007136113,0.007170327,0.0071859155,0.007192256,0.007196983,0.0072104502,0.0069227046,0.0065441704,0.006449709,0.006858732,0.0062766112,0.0065549216,0.006615017,0.0070482306,0.007047843,0.00704756,0.007047359,0.0070472187,0.007047116,0.0070470455,0.007046999,0.007046972,0.0070469524,0.0070469384,0.0070469324,0.0070469286,0.007046919,0.007046919,0.007046919,0.007046919,0.007046919,0.0070469156,0.0070469156,0.0070469156,0.0070469156,0.0070469156,0.0070469156,0.007046912,0.007046912,0.007046912,0.007046912,0.007046912,0.007046912,0.007046912,0.007046912,0.007046912,0.007046912,0.007046912,0.007046912,0.007046912,0.007046912,0.007046912,0.007046912,0.007046912,0.007046912,0.007046912,0.007046912,0.007046912,0.007046912,0.007046912,0.007046912,0.007046912,0.007046912,0.007046912,0.007046912,0.007046912,0.007046912,0.007046912,0.007046912,0.0074080504,0.0054842453,0.0047995993,0.013535083
0.012599011,0.0038963028,0.007828293,0.0107486965,0.009105528,0.008588777,0.0077776616,0.00764033,0.009128255,0.009194871,0.009664962,0.008612156,0.009984319,0.0105401855,0.0094711585,0.009109229,0.0077712694,0.007240523,0.006397286,0.0060064704,0.006320965,0.0067024594,0.0059546586,0.0063593355,0.006260782,0.00656591,0.0054616155,0.0050044446,0.00496821,0.005854377,0.0055791317,0.0069762017,0.006837548,0.008607032,0.0075596767,0.0052743494,0.0040121945,0.004787402,0.005832452,0.01153594,0.0055907867,0.004864247,0.002824189,0.0040507484,0.0024232215,0.0030436723,0.004067259,0.011380213,0.010214969,0.009876693,0.006908269,0.0055042864,0.0050435616,0.005759225,0.008225747,0.013878813,0.020811422,0.0073781004,0.00453255,0.003417123,0.0064944755,0.004817128,0.0046172515,0.0038425804,0.0047071413,0.0048415507,0.0055028223,0.005061696,0.005793645,0.007730749,0.008259919,0.009036892,0.0077983285,0.008360209,0.009085844,0.008970223,0.0077307927,0.0074100355,0.0071446225,0.0064213327,0.0061978404,0.00754587,0.00769367,0.006646236,0.0068949843,0.0055633183,0.0067048473,0.008000189,0.0076559675,0.0073930207,0.006724015,0.0070322803,0.007114476,0.0073554153,0.0067475205,0.0060740635,0.0052848244,0.0045180097,0.005669884,0.005687387,0.010261567,0.0064451336,0.0072730333,0.0094690155,0.0077651828,0.008567346,0.007811604,0.006134649,0.005827491,0.0059580156,0.005636598,0.0046249568,0.0045381794,0.0055135787,0.008024548,0.00693599,0.0067608943,0.005439244,0.006288647,0.007765814,0.007398635,0.00994627,0.008628578,0.006501931,0.005124504,0.008142839,0.006083052,0.007979535,0.008699467,0.009230583,0.007203623,0.0071860785,0.008245306,0.007832073,0.0068881013,0.005770603,0.007476765,0.010952679,0.017447831,0.015423276,0.00784788,0.008201075,0.009461109,0.012884399,0.007860472,0.0035253009,0.0031200647,0.006316283,0.0038333319,0.0031360385,0.002619158,0.0046757734,0.0039232727,0.0035532163,0.003694476,0.0060058525,0.005655887,0.0043956134,0.0061381124,0.006335865,0.006115311,0.006743121,0.00495051,0.005646035,0.0059251995,0.0066702426,0.006562633,0.008047057,0.0051760455,0.0023802558,0.0025853158,0.0032153334,0.014949205,0.004357826,0.004543227,0.0024670686,0.005562935,0.0056154206,0.0075240713,0.006216097,0.0058237463,0.0067020347,0.0075937714,0.007939548,0.0080073755,0.008072862,0.008079078,0.008083676,0.008234633,0.008045817,0.008093764,0.0079029985,0.007873111,0.00673011,0.006672113,0.006700819,0.007048064,0.007047727,0.0070474828,0.0070473063,0.0070471796,0.0070470925,0.0070470325,0.0070469887,0.007046962,0.0070469454,0.0070469356,0.0070469286,0.007046922,0.007046919,0.007046919,0.007046919,0.0070469156,0.0070469156,0.0070469156,0.0070469156,0.007046912,0.007046912,0.007046912,0.007046912,0.007046912,0.007046912,0.007046912,0.007046912,0.007046912,0.007046912,0.007046912,0.007046912,0.007046912,0.007046912,0.007046912,0.007046912,0.007046912,0.007046912,0.007046912,0.007046912,0.007046912,0.007046912,0.007046912,0.007046912,0.007046912,0.007046912,0.007046912,0.007046912,0.007046912,0.007046912,0.007046912,0.007046912,0.007046912,0.007046912,0.007046912,0.007046912,0.0074080504,0.0054842453,0.0047995974,0.013535083
0.011763576,0.003542482,0.0076706572,0.011352854,0.009546252,0.008653712,0.007850193,0.007516853,0.00857055,0.008267336,0.0076961713,0.006635846,0.007437492,0.0084277205,0.008737253,0.007903795,0.007034755,0.006675998,0.005922683,0.005777983,0.0054035266,0.005071696,0.004729516,0.0056519997,0.005656928,0.006340652,0.006418133,0.005796231,0.005525616,0.0062183565,0.006866701,0.0065601864,0.009575001,0.008208385,0.009014765,0.0072944313,0.0066224756,0.0071011335,0.0064524505,0.0063688825,0.003703222,0.0037933688,0.0032035382,0.005109025,0.0051987926,0.0032771635,0.0036585634,0.0055835354,0.009892981,0.007523964,0.0065345145,0.0052185957,0.0055748955,0.006430262,0.007282549,0.008990857,0.008801927,0.0061468915,0.0070831827,0.0058010137,0.007744785,0.0070540193,0.008010342,0.0062782383,0.007123253,0.0068981,0.009423302,0.0076691615,0.007459069,0.0070518255,0.008838704,0.008831701,0.0073744557,0.008910794,0.008873897,0.008898594,0.008021068,0.007405176,0.0068482384,0.0043883766,0.006643904,0.0074931066,0.016018208,0.0058681443,0.0056650983,0.0046377257,0.00740033,0.007997307,0.0072149234,0.0068089506,0.0059490586,0.0063450485,0.006684908,0.007359208,0.006845985,0.0065777027,0.0060693445,0.0047064265,0.005119465,0.0044144806,0.008953816,0.011670525,0.013856929,0.01092782,0.0077276295,0.0080355285,0.0066035087,0.0051745386,0.0057061017,0.0065722954,0.0061735744,0.005442684,0.0052732835,0.006380033,0.0072833654,0.007677226,0.0053025815,0.0049265274,0.0054694302,0.0076521826,0.008253967,0.009050935,0.0067253713,0.006217208,0.005388349,0.0059450185,0.005887439,0.007635533,0.008924908,0.008818016,0.0073209866,0.007059268,0.008466325,0.008755033,0.008509899,0.006086914,0.0126071945,0.019803556,0.41202742,0.33916497,0.2266806,0.061331164,0.27714133,0.22050287,0.015965533,0.002692001,0.002915294,0.007143354,0.0044868616,0.0051031047,0.010093316,0.01503231,0.0060769776,0.003609832,0.0042009153,0.0074161366,0.0055997064,0.0052051614,0.0073256004,0.012159919,0.008074791,0.0049674725,0.003754707,0.0038261788,0.0044633495,0.0056012673,0.007045675,0.012228499,0.007946189,0.0039646723,0.0034370602,0.0030730711,0.008518952,0.004882159,0.0062653585,0.0045834878,0.007210433,0.0056790314,0.007015342,0.0058965557,0.0056826086,0.006667342,0.007873536,0.008457239,0.008535953,0.00862607,0.0086294515,0.008631892,0.008810584,0.008716492,0.008845235,0.008301595,0.008308979,0.007084686,0.0068720165,0.0068599503,0.00704792,0.0070476197,0.007047406,0.0070472523,0.0070471424,0.007047069,0.0070470157,0.007046979,0.007046955,0.0070469384,0.0070469324,0.007046922,0.007046919,0.007046919,0.007046919,0.007046919,0.0070469156,0.0070469156,0.0070469156,0.0070469156,0.007046912,0.007046912,0.007046912,0.007046912,0.007046912,0.007046912,0.007046912,0.007046912,0.007046912,0.007046912,0.007046912,0.007046912,0.007046912,0.007046912,0.007046912,0.007046912,0.007046912,0.007046912,0.007046912,0.007046912,0.007046912,0.007046912,0.007046912,0.007046912,0.007046912,0.007046912,0.007046912,0.007046912,0.007046912,0.007046912,0.007046912,0.007046912,0.007046912,0.007046912,0.007046912,0.007046912,0.0074080504,0.0054842453,0.0047995993,0.013535083
0.0092347,0.0026296934,0.0062853554,0.011003744,0.009852498,0.009066944,0.008578276,0.008298251,0.009041471,0.0077855256,0.0071663363,0.0070346016,0.0060400884,0.0082989335,0.008113327,0.007957797,0.0072922837,0.0063155405,0.0055996026,0.005674776,0.007047019,0.005757456,0.004376145,0.005362286,0.0058174715,0.0057737418,0.006359342,0.006181965,0.0062521906,0.006624684,0.007247491,0.006322163,0.007325011,0.0073396014,0.0086139515,0.009730488,0.008839075,0.00812457,0.0062635564,0.0074326033,0.005262809,0.0040992247,0.0042033773,0.0055782795,0.007819805,0.0050453735,0.0033445247,0.0055777244,0.00598124,0.007288964,0.006398274,0.00528401,0.006430853,0.0068281055,0.00917204,0.0057632593,0.004854777,0.0046985485,0.0070432103,0.008023318,0.008448914,0.007974712,0.010020546,0.007954123,0.009880849,0.009799096,0.013631231,0.007195324,0.0060169785,0.00571001,0.009431259,0.008886092,0.0076742223,0.00875815,0.008206347,0.0067944545,0.006036182,0.005937294,0.005393976,0.0032224844,0.009066422,0.011689263,0.6024798,0.018138481,0.0150319645,0.003732309,0.0066753626,0.006682461,0.006679689,0.006872579,0.0062081753,0.006520315,0.0065414617,0.007579662,0.007742953,0.0077732177,0.008739657,0.0058824853,0.0056138444,0.0059994026,0.01025616,0.011457919,0.01178967,0.0080758985,0.008238154,0.008113008,0.0058519826,0.005050163,0.005457553,0.008644129,0.0066352678,0.006258946,0.007157605,0.008240531,0.006451115,0.005324823,0.003864505,0.004601558,0.0049677338,0.007208873,0.007156498,0.0088448385,0.0104008615,0.010005986,0.0077986647,0.0064040245,0.0067009553,0.0074483766,0.008449405,0.008041818,0.0072130687,0.007304748,0.008278638,0.008241085,0.0087905275,0.007838882,0.0068113343,0.01251321,0.0244143,0.42118308,0.372545,0.09514709,0.36985868,0.28550136,0.015196782,0.002840622,0.00316161,0.009309305,0.004330877,0.005651049,0.010832857,0.25281417,0.014524074,0.0076746834,0.004548622,0.0075266785,0.0060347836,0.007437304,0.007762762,0.010532808,0.007833569,0.004092551,0.0033051954,0.0036160531,0.006300862,0.010733825,0.00802492,0.0062554833,0.004421748,0.0036250218,0.004116608,0.0037748325,0.003765671,0.0024959904,0.0038468777,0.003673277,0.007973501,0.0038264187,0.0045640203,0.006535963,0.0065467227,0.007265993,0.007590883,0.008191903,0.00843695,0.008489581,0.008489557,0.008489421,0.008596792,0.008543822,0.008864893,0.008413192,0.007934953,0.0071049575,0.0069757295,0.0069923666,0.0070477836,0.0070475265,0.0070473393,0.007047209,0.007047109,0.0070470455,0.007047002,0.0070469687,0.007046949,0.0070469384,0.0070469286,0.007046919,0.0070469156,0.0070469156,0.0070469156,0.0070469156,0.0070469156,0.0070469156,0.007046912,0.007046912,0.007046912,0.007046912,0.007046912,0.007046912,0.007046912,0.007046912,0.007046912,0.007046912,0.007046912,0.007046912,0.007046912,0.007046912,0.007046912,0.007046912,0.007046912,0.007046912,0.007046912,0.007046912,0.007046912,0.007046912,0.007046912,0.007046912,0.007046912,0.007046912,0.007046912,0.007046912,0.007046912,0.007046912,0.007046912,0.007046912,0.007046912,0.007046912,0.007046912,0.007046912,0.007046912,0.007046912,0.0074080504,0.0054842453,0.0047995974,0.013535083
0.009186786,0.002766567,0.0057449928,0.010544771,0.010132564,0.009315829,0.0081645,0.008029267,0.0077423374,0.0071537266,0.006532961,0.0054387026,0.005965413,0.0055226637,0.006939147,0.0088789435,0.0079693915,0.006706912,0.0047618593,0.0043570646,0.006115343,0.005071859,0.00561647,0.0057095336,0.006236491,0.0067833555,0.0066678575,0.005599541,0.0060095177,0.006524786,0.0073935944,0.006933446,0.005162826,0.005379927,0.0063116006,0.009093825,0.007843493,0.007169068,0.005791358,0.009401277,0.0074150846,0.0065923226,0.007563456,0.007930637,0.0057884073,0.005492443,0.0040603573,0.005720127,0.0039621913,0.006260723,0.0060720663,0.0057059154,0.0074329763,0.007950734,0.010134645,0.0052808905,0.0044078697,0.004320887,0.0072698086,0.008965532,0.009284556,0.008236468,0.009533313,0.006089964,0.010464715,0.012583953,0.14425483,0.014706306,0.01023643,0.0061622392,0.009404222,0.007827912,0.008469639,0.008454372,0.0064202803,0.006009765,0.005732499,0.014042696,0.007218486,0.0055921967,0.005624371,0.0076943254,0.015874887,0.008659613,0.0064904215,0.004423396,0.0066405972,0.0059415195,0.0061646285,0.006629889,0.00660573,0.0069102948,0.0075094434,0.008331333,0.009424672,0.008405836,0.008055862,0.0050575095,0.0054156156,0.0069160173,0.013013176,0.0090902075,0.009084801,0.009173856,0.009405394,0.009029679,0.006776776,0.005694988,0.006502285,0.0076050633,0.008137453,0.0064559705,0.006712795,0.006434669,0.005960193,0.004979715,0.003934706,0.005211521,0.005891599,0.006462776,0.0050934497,0.0058593582,0.0076097036,0.008126911,0.008427955,0.009830083,0.007492482,0.008190427,0.007936485,0.007829241,0.0072673922,0.0076877275,0.008126061,0.0077555403,0.0071880347,0.007376038,0.0095562395,0.012511125,0.016401054,0.032075234,0.013364728,0.015342814,0.02492527,0.02383297,0.007544473,0.0020635466,0.0035698423,0.0070194025,0.004989371,0.004332662,0.008785261,0.014672435,0.008830278,0.008099631,0.0053312266,0.0059726476,0.0058929594,0.0058028596,0.0060148174,0.006773924,0.004383092,0.0033190886,0.0031615018,0.0045854654,0.005195657,0.008229771,0.0069284244,0.006936615,0.0052252514,0.004782588,0.0043420787,0.0044297846,0.004924218,0.0040848735,0.003993839,0.0033365835,0.0044380696,0.003016571,0.0038641582,0.0068330136,0.008464407,0.0076214876,0.006901373,0.006981777,0.0072890087,0.007303815,0.007302795,0.0073019513,0.0073441993,0.007305959,0.007373078,0.0073144883,0.007292853,0.0070521194,0.007035457,0.0070425896,0.007047663,0.0070474395,0.0070472825,0.007047163,0.0070470856,0.0070470227,0.0070469887,0.007046966,0.0070469454,0.0070469356,0.0070469286,0.007046919,0.0070469156,0.0070469156,0.0070469156,0.0070469156,0.0070469156,0.0070469156,0.007046912,0.007046912,0.007046912,0.007046912,0.007046912,0.007046912,0.007046912,0.007046912,0.007046912,0.007046912,0.007046912,0.007046912,0.007046912,0.007046912,0.007046912,0.007046912,0.007046912,0.007046912,0.007046912,0.007046912,0.007046912,0.007046912,0.007046912,0.007046912,0.007046912,0.007046912,0.007046912,0.007046912,0.007046912,0.007046912,0.007046912,0.007046912,0.007046912,0.007046912,0.007046912,0.007046912,0.007046912,0.007046912,0.0074080504,0.0054842453,0.0047995993,0.013535083
0.010465679,0.0030811029,0.005296458,0.00889094,0.00905989,0.008997517,0.008032375,0.0077216527,0.007964504,0.0078111645,0.0077055614,0.008155967,0.0060865963,0.0053421813,0.006259011,0.00720815,0.005665692,0.003723033,0.00492459,0.009152547,0.008690405,0.006899795,0.006068861,0.0060924287,0.00645716,0.005822399,0.005617399,0.0050277193,0.005355366,0.0064242785,0.007108326,0.0057776845,0.0046584494,0.0045523113,0.0035742193,0.0050289365,0.0044748606,0.004971547,0.005041909,0.007688062,0.0064062485,0.0065815737,0.006958067,0.006586236,0.0063149603,0.005516607,0.005602938,0.009058478,0.0052668094,0.005577325,0.005694656,0.0050947834,0.0055118143,0.006481744,0.021891749,0.007343883,0.005656721,0.0038192843,0.010381851,0.006695283,0.0077357246,0.0064832945,0.0072806873,0.005232345,0.0068885777,0.008313239,0.014055384,0.0097133005,0.00831933,0.00670858,0.00868264,0.008118958,0.008227016,0.007655609,0.0053745178,0.004524811,0.003771789,0.0055241226,0.0048694895,0.0058177584,0.005896592,0.0070537194,0.014950378,0.008768406,0.008382427,0.0049183597,0.006736284,0.0064971154,0.007151512,0.008076185,0.008075696,0.0078117335,0.0073347953,0.0068453145,0.008963782,0.007961942,0.010325156,0.006748425,0.010753078,0.010007913,0.014394419,0.008871095,0.010732864,0.009782286,0.00971342,0.009356875,0.007129191,0.0064360923,0.004891539,0.0058070202,0.0050902204,0.007914226,0.0067645046,0.0070098336,0.0058215987,0.004844759,0.004135643,0.0066476623,0.006886011,0.007253298,0.007642061,0.006803522,0.00667776,0.0065409876,0.006667952,0.008860251,0.007957081,0.008552046,0.0077111856,0.008252161,0.007928428,0.0076674344,0.0077289054,0.0066144937,0.0055372594,0.006635264,0.007917776,0.014147199,0.009237519,0.013553764,0.0047183805,0.0047058905,0.0086404355,0.008758841,0.0037268202,0.001977378,0.0027400258,0.004258334,0.0035966034,0.0035468927,0.0044664205,0.0076827933,0.0093744,0.006397489,0.0047269175,0.0048299734,0.0035789793,0.0040640365,0.0045675077,0.004493531,0.0034955814,0.0034438926,0.003813032,0.0040715123,0.004397185,0.008753068,0.006405784,0.009457878,0.0072096786,0.006718081,0.0066282903,0.0053844447,0.007292867,0.0055434755,0.003241807,0.0025871142,0.002936758,0.0029962598,0.0038291025,0.0045747217,0.009091895,0.007396549,0.0071473457,0.0065681157,0.0067517427,0.00673666,0.0067349533,0.0067335563,0.0067452257,0.006756695,0.00678944,0.0068355217,0.0069503356,0.00698953,0.0070397058,0.0070588505,0.007047553,0.007047366,0.0070472257,0.0070471293,0.007047059,0.007047009,0.0070469757,0.007046955,0.0070469384,0.0070469356,0.007046919,0.0070469156,0.007046912,0.007046912,0.007046912,0.007046912,0.007046912,0.007046912,0.007046912,0.007046912,0.007046912,0.007046912,0.007046912,0.007046912,0.007046912,0.007046912,0.007046912,0.007046912,0.007046912,0.007046912,0.007046912,0.007046912,0.007046912,0.007046912,0.007046912,0.007046912,0.007046912,0.007046912,0.007046912,0.007046912,0.007046912,0.007046912,0.007046912,0.007046912,0.007046912,0.007046912,0.007046912,0.007046912,0.007046912,0.007046912,0.007046912,0.007046912,0.007046912,0.007046912,0.007046912,0.007046912,0.0074080504,0.0054842453,0.0047995974,0.013535083
0.014853814,0.0053584604,0.0057393056,0.008460486,0.008724303,0.009647579,0.008678184,0.008044359,0.008237605,0.008840679,0.01111143,0.010257447,0.0076344684,0.0058625476,0.0055253487,0.0060270345,0.0056462707,0.0043501053,0.0046675256,0.0040754317,0.0069339513,0.0075780055,0.0061375746,0.007510641,0.0056955228,0.0054778643,0.0047170664,0.004992767,0.00604531,0.0069455286,0.0069205156,0.0071694585,0.0049593453,0.004948636,0.003859519,0.0051829303,0.0039942185,0.0055628726,0.005222109,0.007674121,0.0069211638,0.00587676,0.0054926206,0.005101662,0.0043628463,0.0037413712,0.0044964263,0.0054660463,0.005068732,0.0064413054,0.0053226845,0.00560944,0.005033025,0.010849759,0.008946842,0.0056044664,0.0053551774,0.0035556515,0.0081428625,0.006215741,0.011444559,0.0065602707,0.0066961045,0.004990235,0.00603947,0.0071201944,0.010302362,0.008649909,0.008374274,0.0065960176,0.00657134,0.008219289,0.008435797,0.008700676,0.0050741695,0.00617853,0.003895557,0.010328387,0.0060643787,0.007867099,0.00673273,0.0071359547,0.008908414,0.006000833,0.0064569004,0.005606936,0.006626765,0.0063606435,0.0063535743,0.007323097,0.007811497,0.008083534,0.0087693045,0.0087818485,0.010674082,0.007628798,0.008213088,0.005480735,0.009769081,0.010381954,0.007836883,0.008203499,0.009163945,0.009853424,0.010392722,0.008756274,0.0074440166,0.008090656,0.0057026455,0.004899372,0.004260943,0.006437764,0.0044645234,0.010831781,0.006441196,0.007321233,0.005724919,0.0060327332,0.006798314,0.007273292,0.0073458473,0.007291189,0.008118747,0.00936238,0.010607271,0.010813001,0.009387733,0.008628351,0.008943684,0.009327816,0.008475685,0.007159683,0.0066193207,0.0059084827,0.0042986446,0.008245475,0.010167383,0.4006676,0.010483115,0.0066570267,0.0018761802,0.0031387021,0.0059788194,0.0038596678,0.0031122435,0.00293722,0.003324973,0.005054389,0.0034649249,0.006354935,0.0047381427,0.004744637,0.004167465,0.0051786,0.0055161575,0.0042135506,0.0037405821,0.004563048,0.0046024956,0.004424478,0.0030892338,0.0033974985,0.0035768936,0.0042117764,0.0033818702,0.004569988,0.0044999584,0.0051796515,0.0055643492,0.006130194,0.0050043664,0.0030815466,0.0054498333,0.006417121,0.006359417,0.0034396092,0.0028807798,0.005157333,0.008414768,0.0054345876,0.00854766,0.0071856426,0.0073324763,0.006786762,0.0068793814,0.006857504,0.0068558254,0.00685442,0.006859625,0.0068718507,0.0068910085,0.0069214953,0.006983334,0.00703695,0.0070540262,0.0070534316,0.007047456,0.0070472923,0.0070471796,0.0070470953,0.0070470325,0.007046995,0.0070469687,0.007046949,0.0070469384,0.0070469286,0.007046919,0.0070469156,0.007046912,0.007046912,0.007046912,0.007046912,0.007046912,0.007046912,0.007046912,0.007046912,0.007046912,0.007046912,0.007046912,0.007046912,0.007046912,0.007046912,0.007046912,0.007046912,0.007046912,0.007046912,0.007046912,0.007046912,0.007046912,0.007046912,0.007046912,0.007046912,0.007046912,0.007046912,0.007046912,0.007046912,0.007046912,0.007046912,0.007046912,0.007046912,0.007046912,0.007046912,0.007046912,0.007046912,0.007046912,0.007046912,0.007046912,0.007046912,0.007046912,0.007046912,0.007046912,0.007046912,0.0074080504,0.0054842453,0.0047995993,0.013535083
0.015487941,0.005241548,0.0049540773,0.007867412,0.0083438745,0.010278901,0.0096532935,0.00879403,0.008866028,0.0085371155,0.008734263,0.009562253,0.008671919,0.007915263,0.0055304836,0.0042661536,0.004022646,0.0047584777,0.0044161533,0.007399087,0.006352482,0.0065369206,0.005477755,0.004566684,0.0041016177,0.0045274347,0.004750134,0.0060519003,0.007454943,0.01016616,0.0088926125,0.008522686,0.006452197,0.0053774016,0.0045044417,0.0055284286,0.0059255757,0.007805449,0.008167354,0.008231036,0.006110719,0.0050779963,0.0055527175,0.004245139,0.004153261,0.005564038,0.005995895,0.006555219,0.005848463,0.006076655,0.005955587,0.005195373,0.0042507825,0.0035822084,0.0065523754,0.005923963,0.0058339923,0.0045840316,0.0061546224,0.0043484326,0.0068952516,0.0058403704,0.007181708,0.006731216,0.0067416523,0.005567992,0.0049130716,0.006068769,0.006003351,0.006871222,0.0067812037,0.008600422,0.009876917,0.00829457,0.0075885053,0.005502642,0.0039080554,0.005668771,0.005278449,0.007068074,0.0065933154,0.007893373,0.0091698,0.007658069,0.0069105895,0.005761205,0.0066503864,0.006724432,0.007350863,0.0077941497,0.008470193,0.008545255,0.008422387,0.008338171,0.010135864,0.008042883,0.010348926,0.008712133,0.012044747,0.008057119,0.012015702,0.010188621,0.0112217665,0.011818109,0.011961239,0.008951993,0.007314925,0.007516537,0.0065166894,0.0056510703,0.0040429095,0.0046927184,0.003735296,0.0071040625,0.0075583393,0.007387218,0.0045341854,0.0049229567,0.005590108,0.0060595465,0.006062172,0.0064864196,0.0069983127,0.0081503065,0.010431099,0.01093164,0.009232977,0.008620791,0.009309221,0.009611644,0.008520688,0.006709832,0.0054869712,0.0053953193,0.0030500658,0.0035878497,0.004672087,0.013975159,0.009734275,0.0059375754,0.0030803299,0.0054071,0.005016466,0.00433467,0.0037591013,0.0042450805,0.0042077946,0.004505212,0.003758887,0.005599998,0.005553671,0.0056171645,0.004297786,0.004286156,0.0041522533,0.0047055422,0.004153093,0.007952265,0.005232556,0.0056392686,0.004226407,0.005336937,0.0047547123,0.0041409093,0.0030953577,0.0030702061,0.0036335432,0.0049279043,0.004974956,0.0055330102,0.003608071,0.0037800523,0.0059215436,0.017412558,0.008835555,0.0022085758,0.0017759063,0.004965658,0.0085315,0.008855165,0.008052334,0.007753618,0.007336771,0.007101184,0.0070599867,0.007056448,0.0070545636,0.007052991,0.007051692,0.007050627,0.007049766,0.0070490814,0.007048537,0.0070481203,0.007047797,0.0070475503,0.007047366,0.0070472327,0.0070471396,0.007047066,0.0070470157,0.007046979,0.007046962,0.007046942,0.0070469324,0.007046922,0.007046919,0.0070469156,0.0070469156,0.0070469156,0.007046912,0.007046912,0.007046912,0.007046912,0.007046912,0.007046912,0.007046912,0.007046912,0.007046912,0.007046912,0.007046912,0.007046912,0.007046912,0.007046912,0.007046912,0.007046912,0.007046912,0.007046912,0.007046912,0.007046912,0.007046912,0.007046912,0.007046912,0.007046912,0.007046912,0.007046912,0.007046912,0.007046912,0.007046912,0.007046912,0.007046912,0.007046912,0.007046912,0.007046912,0.007046912,0.007046912,0.007046912,0.007046912,0.007046912,0.007046912,0.007046912,0.007046912,0.0074080504,0.0054842453,0.0047995974,0.013535083
0.013335251,0.005090517,0.0050338893,0.0072936374,0.0075463695,0.010040811,0.0093696145,0.008803104,0.008230631,0.007818241,0.008204889,0.007826976,0.0071926094,0.007615229,0.0049296487,0.004367826,0.0047733034,0.0092894435,0.004824437,0.004494297,0.004928753,0.0062035522,0.0053244974,0.0049548903,0.0046560625,0.0049561085,0.005662743,0.00876681,0.008123529,0.010954879,0.008736422,0.008491388,0.006677358,0.0062442617,0.0050658016,0.0059814756,0.0064483187,0.008670308,0.008624659,0.0078317905,0.0059930137,0.005302984,0.004615196,0.0044041737,0.0054402812,0.0053106183,0.005541536,0.004986538,0.0049113445,0.005374607,0.005861536,0.006426123,0.006223259,0.0055705984,0.0057771998,0.005515752,0.0069851293,0.007752077,0.0074589453,0.0063672895,0.007263957,0.006204299,0.007168552,0.007281346,0.0061855456,0.0056577083,0.004929539,0.0088954875,0.006796817,0.005826566,0.005507289,0.006258694,0.0077833487,0.0064842966,0.0061478536,0.0046889386,0.004481387,0.0054310136,0.005411867,0.006527538,0.006642875,0.008521961,0.00847574,0.0076394686,0.0064658234,0.0059324726,0.0057159443,0.0059166416,0.0061912583,0.0066193333,0.0072968067,0.008297925,0.009504171,0.010300292,0.012444437,0.010008221,0.011397264,0.008161435,0.008518698,0.007597901,0.013603351,0.011242945,0.019481393,0.013653247,0.011318918,0.00956387,0.008369069,0.0077654948,0.00684759,0.0067284848,0.0059515825,0.004786446,0.0035962292,0.005026017,0.005753726,0.0046191406,0.0047461186,0.0044642263,0.0050271754,0.005250499,0.0058383197,0.0064496333,0.0072687385,0.008210412,0.008661046,0.008748803,0.008535154,0.008323198,0.008753237,0.008864227,0.008113896,0.006735065,0.0050777914,0.0036318102,0.0013919306,0.0026166814,0.0056154416,0.027688457,0.01023887,0.004100784,0.0024666556,0.0052901115,0.005715752,0.004564088,0.00440647,0.0051588058,0.0062794136,0.004041109,0.004025924,0.005427867,0.0061764014,0.005988204,0.0059548076,0.0062179086,0.006212722,0.0070285182,0.004251118,0.0045387894,0.0038143417,0.004777863,0.0056928284,0.007435183,0.008735713,0.004794095,0.0049933475,0.005171189,0.0044880034,0.006821057,0.003863481,0.0061739027,0.0032752855,0.00875572,0.017307092,0.4421969,0.020626225,0.0046655787,0.0018536646,0.0032620556,0.007925871,0.00724126,0.007468656,0.0073150117,0.0071189003,0.0071098167,0.0070558265,0.0070548113,0.0070532546,0.007051956,0.007050881,0.007049996,0.0070492853,0.0070487144,0.007048267,0.007047914,0.007047646,0.007047443,0.0070472923,0.0070471824,0.007047099,0.0070470395,0.007046995,0.0070469687,0.007046949,0.0070469356,0.0070469286,0.007046919,0.007046919,0.0070469156,0.0070469156,0.0070469156,0.007046912,0.007046912,0.007046912,0.007046912,0.007046912,0.007046912,0.007046912,0.007046912,0.007046912,0.007046912,0.007046912,0.007046912,0.007046912,0.007046912,0.007046912,0.007046912,0.007046912,0.007046912,0.007046912,0.007046912,0.007046912,0.007046912,0.007046912,0.007046912,0.007046912,0.007046912,0.007046912,0.007046912,0.007046912,0.007046912,0.007046912,0.007046912,0.007046912,0.007046912,0.007046912,0.007046912,0.007046912,0.007046912,0.007046912,0.007046912,0.007046912,0.007046912,0.0074080504,0.0054842453,0.0047995993,0.013535083
0.009450415,0.00236684,0.004726895,0.0061804093,0.0067266105,0.008637308,0.008999639,0.008575353,0.007913848,0.0077111674,0.007868703,0.008352772,0.008007841,0.0064181266,0.0042748074,0.0039559803,0.0043306733,0.0069354125,0.0051528597,0.0047440627,0.0061282385,0.0058057266,0.0056060744,0.0048909793,0.0053213593,0.0054132813,0.005905728,0.0069281384,0.008043845,0.008593757,0.00794364,0.007885502,0.007987383,0.007506285,0.007011699,0.007337299,0.008020601,0.009189308,0.009099106,0.0089446055,0.0081869885,0.006233096,0.005550783,0.006831881,0.006101213,0.007972782,0.00636269,0.0064783795,0.0055041583,0.0056315707,0.0056923,0.006770181,0.007582998,0.012777232,0.007224893,0.0073061497,0.009775421,0.008114155,0.008886092,0.007763221,0.007265329,0.0075063948,0.0066234074,0.007208044,0.0053078206,0.005062474,0.002502418,0.0035054968,0.0026172379,0.0048005334,0.0055659115,0.006186572,0.0072806915,0.0061742095,0.0061219744,0.0049309377,0.0047862823,0.0047571366,0.0049906946,0.006044831,0.0060678376,0.0077804956,0.0074842814,0.007886774,0.0063910214,0.005714495,0.005600325,0.0067179883,0.008138859,0.0085375225,0.008754677,0.008980921,0.009513966,0.010180281,0.011910357,0.012556793,0.0161732,0.017494872,0.012008696,0.010389932,0.017478855,0.019276068,0.01908443,0.010796161,0.009661776,0.009262332,0.008517716,0.00702991,0.0074480902,0.0063518137,0.007221399,0.0051675644,0.0044157635,0.004406267,0.005132236,0.005735321,0.0063756364,0.006127849,0.0063689607,0.0062174434,0.0070155817,0.0072754337,0.007872031,0.007866559,0.00806845,0.008330648,0.007988709,0.008318134,0.008007565,0.00796557,0.007840213,0.006163562,0.003776319,0.0021680293,0.0018696373,0.006234408,0.020414516,0.2558206,0.01693216,0.003371283,0.0019740185,0.003968014,0.0064049345,0.00442936,0.0040052608,0.004973892,0.005135724,0.0035370272,0.00489204,0.0055961283,0.006095349,0.0051030978,0.0068114367,0.0060512777,0.0066535943,0.007552404,0.0051442212,0.005294647,0.004969401,0.005211365,0.008452154,0.009927833,0.0058358456,0.0070491815,0.009320138,0.01626019,0.010502378,0.0068859137,0.0033021725,0.0054362887,0.003086788,0.008870827,0.015932895,0.28082666,0.014906091,0.0037594403,0.0018027484,0.0056683784,0.0062609455,0.007041323,0.0071546985,0.0071007237,0.0070777917,0.0070504197,0.007050033,0.0070533883,0.007052123,0.0070510576,0.0070501734,0.007049452,0.0070488644,0.0070483936,0.007048024,0.0070477403,0.007047516,0.0070473463,0.0070472257,0.0070471354,0.007047066,0.0070470157,0.0070469826,0.007046959,0.007046942,0.0070469356,0.007046926,0.007046919,0.0070469156,0.0070469156,0.007046912,0.007046912,0.007046912,0.007046912,0.007046912,0.007046912,0.007046912,0.007046912,0.007046912,0.007046912,0.007046912,0.007046912,0.007046912,0.007046912,0.007046912,0.007046912,0.007046912,0.007046912,0.007046912,0.007046912,0.007046912,0.007046912,0.007046912,0.007046912,0.007046912,0.007046912,0.007046912,0.007046912,0.007046912,0.007046912,0.007046912,0.007046912,0.007046912,0.007046912,0.007046912,0.007046912,0.007046912,0.007046912,0.007046912,0.007046912,0.007046912,0.007046912,0.007046912,0.007046912,0.0074080504,0.0054842453,0.0047995974,0.013535083
0.0075988765,0.0020722186,0.0049943943,0.0060107736,0.006774472,0.008275604,0.009291247,0.00909538,0.008194282,0.007919215,0.0083685145,0.008070236,0.0064173946,0.004825999,0.003930541,0.0038217502,0.0053800903,0.006787839,0.005305052,0.0046940525,0.0059947525,0.0062996643,0.0065242792,0.005935969,0.0055401805,0.0075223697,0.0072313463,0.007908481,0.0080850255,0.008309415,0.007624373,0.007539391,0.0075518424,0.007521946,0.0072094677,0.0076380414,0.007659323,0.0075491774,0.007797245,0.008321844,0.008517627,0.008185185,0.0063971854,0.004341766,0.0048416904,0.0052123168,0.0053677442,0.006272039,0.0062859003,0.0067668273,0.0063478905,0.0069331005,0.007611731,0.009012478,0.009833058,0.007080309,0.0077568907,0.010085692,0.010947489,0.009814659,0.009906297,0.0084507875,0.004305201,0.003006229,0.0029382354,0.0029162618,0.0040636947,0.006432627,0.006354441,0.0069625163,0.0035802142,0.0028604427,0.0056081773,0.005494444,0.0064254166,0.0058201696,0.0061696293,0.005638493,0.0055013923,0.00543863,0.0061925114,0.007509409,0.007993188,0.008317151,0.0072774105,0.0073100855,0.008064703,0.008716463,0.008915617,0.008930242,0.00979183,0.011575202,0.012301997,0.011613568,0.011373804,0.0098154275,0.013194847,0.0109374,0.01476534,0.011463106,0.019029802,0.016793888,0.01129188,0.010394184,0.009421281,0.009343277,0.009229768,0.0075533083,0.007033433,0.005652032,0.006311218,0.0057947524,0.0053945207,0.0047722547,0.004732693,0.00585148,0.0071544955,0.007322536,0.007715018,0.008448758,0.009154943,0.009274132,0.009542538,0.008711397,0.00802224,0.007990319,0.008061202,0.008401644,0.0077464823,0.0077074873,0.0061131692,0.0052584372,0.0045907707,0.003943305,0.004546416,0.013585907,0.15886848,0.26624125,0.01878474,0.0031808065,0.0015967701,0.0036505768,0.0067716045,0.006219904,0.004765881,0.0044499743,0.0039656833,0.0029748827,0.0038059456,0.004984828,0.0057009943,0.0049130647,0.004594592,0.0048395083,0.0063898647,0.0077375476,0.006190217,0.0057599708,0.0067476453,0.006537806,0.006561449,0.006453304,0.004987965,0.007855547,0.013081948,0.2507398,0.020497337,0.009121857,0.005576923,0.0072137523,0.0045659076,0.0044552437,0.007851869,0.040702116,0.017238399,0.0068110432,0.0034565805,0.005484448,0.006936654,0.007962183,0.0071893176,0.0070964484,0.007070471,0.007058406,0.0070533715,0.007052169,0.0070511443,0.0070502833,0.007049565,0.0070489743,0.0070485007,0.0070481203,0.00704782,0.0070475866,0.007047406,0.0070472695,0.0070471657,0.0070470925,0.0070470395,0.007046995,0.0070469687,0.0070469524,0.0070469356,0.0070469286,0.007046922,0.007046919,0.0070469156,0.0070469156,0.007046912,0.007046912,0.007046912,0.007046912,0.007046912,0.007046912,0.007046912,0.007046912,0.007046912,0.007046912,0.007046912,0.007046912,0.007046912,0.007046912,0.007046912,0.007046912,0.007046912,0.007046912,0.007046912,0.007046912,0.007046912,0.007046912,0.007046912,0.007046912,0.007046912,0.007046912,0.007046912,0.007046912,0.007046912,0.007046912,0.007046912,0.007046912,0.007046912,0.007046912,0.007046912,0.007046912,0.007046912,0.007046912,0.007046912,0.007046912,0.007046912,0.007046912,0.007046912,0.007046912,0.0074080504,0.0054842453,0.0047995993,0.013535083
0.006548019,0.0017759749,0.004901171,0.0063584982,0.006985751,0.008149994,0.009404111,0.009572772,0.008955611,0.008539613,0.008088384,0.0079804035,0.006955708,0.0048255776,0.0040274425,0.0036292076,0.003955939,0.0053338264,0.0051181586,0.0056870095,0.006579962,0.0067555844,0.0066895676,0.0062820623,0.0059341597,0.008324832,0.0073898225,0.009154558,0.0095271915,0.00983701,0.008655475,0.007881415,0.007855201,0.007844758,0.007772541,0.008077839,0.008351382,0.008598182,0.008074215,0.008084754,0.008567471,0.007980056,0.006446865,0.0040349336,0.003808235,0.004551207,0.006362696,0.0076434105,0.00955753,0.009118512,0.007991135,0.006284596,0.0068936623,0.0068267477,0.0054593836,0.004883635,0.0055356007,0.0063266344,0.0074709784,0.008013855,0.009522521,0.008363574,0.0039803507,0.0027837562,0.003469721,0.015953131,0.011826181,0.01404106,0.02282781,0.012006796,0.005030387,0.0035965322,0.003957061,0.006397201,0.006536264,0.006400175,0.006265857,0.006461944,0.006601432,0.0071739103,0.008129975,0.0075050592,0.008663335,0.006972589,0.008413344,0.007918837,0.008393365,0.0098863365,0.009795561,0.010242586,0.010236874,0.011009603,0.011853869,0.009421045,0.0071893143,0.0053925207,0.006864129,0.0069071273,0.010568454,0.011482877,0.013722565,0.013115129,0.00952101,0.00955926,0.008646724,0.008730153,0.007898962,0.00815048,0.0066219424,0.00573032,0.006234508,0.006374014,0.006815777,0.006253198,0.0065673874,0.008157143,0.008169776,0.0070013218,0.007886707,0.008313608,0.009175734,0.009051628,0.008747059,0.0081416685,0.0076627126,0.0077308365,0.008504397,0.007975082,0.0072097094,0.007860547,0.0061421744,0.00662944,0.00430994,0.006024315,0.008264681,0.20160307,0.21753308,0.22068942,0.015752643,0.003147098,0.0019019754,0.0036404654,0.00469183,0.004734261,0.004462989,0.004010975,0.0052891606,0.0035428081,0.0038722905,0.00442993,0.006421826,0.0039205397,0.0036490385,0.003304325,0.004497639,0.0058734603,0.008366968,0.010851642,0.0074912556,0.006355549,0.006057206,0.0065311445,0.0048265713,0.0058271596,0.0092947595,0.021585776,0.011252945,0.0059942096,0.004996627,0.006283271,0.0068773,0.0042740363,0.0065622036,0.016297936,0.023964439,0.011275766,0.0052670497,0.005634319,0.007545052,0.007455225,0.0071482453,0.0070442907,0.007046759,0.007048367,0.0070520956,0.0070511345,0.007050317,0.007049622,0.007049048,0.0070485743,0.0070481934,0.0070478837,0.0070476434,0.007047456,0.007047309,0.0070471964,0.007047119,0.007047056,0.0070470157,0.0070469826,0.007046959,0.0070469454,0.0070469356,0.007046926,0.007046919,0.007046919,0.0070469156,0.0070469156,0.007046912,0.007046912,0.007046912,0.007046912,0.007046912,0.007046912,0.007046912,0.007046912,0.007046912,0.007046912,0.007046912,0.007046912,0.007046912,0.007046912,0.007046912,0.007046912,0.007046912,0.007046912,0.007046912,0.007046912,0.007046912,0.007046912,0.007046912,0.007046912,0.007046912,0.007046912,0.007046912,0.007046912,0.007046912,0.007046912,0.007046912,0.007046912,0.007046912,0.007046912,0.007046912,0.007046912,0.007046912,0.007046912,0.007046912,0.007046912,0.007046912,0.007046912,0.007046912,0.007046912,0.0074080504,0.0054842453,0.0047995974,0.013535083
0.0067203087,0.0018721268,0.005354022,0.006700374,0.0071476023,0.008365345,0.009488908,0.00955494,0.009202737,0.008618549,0.008162497,0.00820045,0.0067733303,0.0048141666,0.004504596,0.0041360203,0.004490712,0.0049017086,0.0047329403,0.006146135,0.006825325,0.0069015403,0.0068935086,0.0065730833,0.0070937346,0.0073691946,0.0072843935,0.008791391,0.0093480665,0.01037967,0.00960033,0.009054499,0.008098,0.0076017603,0.0073571773,0.0075527295,0.008273929,0.008273773,0.0077740643,0.0075048357,0.0075159497,0.006735681,0.004305909,0.003367931,0.003749898,0.005611838,0.005468686,0.0067918906,0.0082214195,0.009439731,0.008871972,0.005312447,0.009958311,0.008557529,0.007929782,0.004555152,0.0049036485,0.010369562,0.015256671,0.012542203,0.012063112,0.008211037,0.0033932615,0.0036264637,0.00466586,0.24743305,0.05760947,0.5246044,0.39254507,0.040085945,0.007935249,0.0026310922,0.0036888584,0.006596202,0.006002406,0.0051297653,0.004819744,0.005390488,0.005857758,0.0060762204,0.007749154,0.0074006487,0.008287812,0.0069457884,0.007899817,0.008060214,0.00962774,0.008736278,0.006760104,0.0059752725,0.006213508,0.007529764,0.0076375753,0.005485012,0.0046605105,0.0038864126,0.00561546,0.0055245184,0.0064332816,0.009313343,0.010607507,0.009679061,0.008271743,0.01002028,0.008373304,0.007671063,0.0067185485,0.0056639784,0.006211898,0.0052195117,0.007154553,0.0064523807,0.007339091,0.0073943576,0.0094273435,0.008666083,0.008878015,0.0059747742,0.006628671,0.007888946,0.008876132,0.008870248,0.008610968,0.007877385,0.0070881844,0.007186228,0.008013245,0.0074160174,0.0068223523,0.007386913,0.0038476193,0.006908132,0.0051861247,0.10648685,0.01220012,0.023302507,0.017671824,0.012793698,0.0041276305,0.0025083118,0.002758353,0.004923403,0.004652389,0.0054511665,0.0045963847,0.0052360366,0.005068845,0.0037012184,0.0046829516,0.0057593863,0.007393647,0.004235598,0.0032661527,0.0032668577,0.0036321057,0.0040291967,0.005083103,0.00942864,0.0086762775,0.0071845856,0.0061303214,0.0051649273,0.0063321283,0.0052296603,0.0063380715,0.0074890405,0.008621704,0.006647854,0.0064924913,0.0068218773,0.006048505,0.003733073,0.0062584267,0.015803084,0.28547353,0.023175828,0.00944358,0.0063022855,0.0069749663,0.00722527,0.007109914,0.0070537557,0.007048064,0.007051906,0.0070510274,0.0070502665,0.0070496188,0.0070490716,0.0070486143,0.0070482367,0.007047927,0.0070476867,0.0070474935,0.0070473463,0.0070472294,0.0070471396,0.0070470725,0.0070470287,0.0070469887,0.0070469687,0.007046949,0.0070469384,0.0070469286,0.007046919,0.007046919,0.007046919,0.0070469156,0.0070469156,0.007046912,0.007046912,0.007046912,0.007046912,0.007046912,0.007046912,0.007046912,0.007046912,0.007046912,0.007046912,0.007046912,0.007046912,0.007046912,0.007046912,0.007046912,0.007046912,0.007046912,0.007046912,0.007046912,0.007046912,0.007046912,0.007046912,0.007046912,0.007046912,0.007046912,0.007046912,0.007046912,0.007046912,0.007046912,0.007046912,0.007046912,0.007046912,0.007046912,0.007046912,0.007046912,0.007046912,0.007046912,0.007046912,0.007046912,0.007046912,0.007046912,0.007046912,0.007046912,0.007046912,0.0074080504,0.0054842453,0.0047995993,0.013535083
0.006567285,0.0018422462,0.0054126186,0.0066787307,0.0070097307,0.008219646,0.009349223,0.00923419,0.009065364,0.008880014,0.008706074,0.008646765,0.0073211184,0.005154188,0.0041786074,0.0052438737,0.0058327727,0.0055447035,0.0058921133,0.0073210387,0.0072790263,0.0073548094,0.0068145664,0.006965197,0.006432806,0.0065329024,0.006534663,0.00871129,0.010064893,0.010746482,0.010094346,0.009671522,0.008821823,0.007848259,0.007512867,0.008421761,0.008502913,0.009562713,0.008790394,0.007955632,0.0066087027,0.0054177344,0.0035454908,0.003205101,0.003597913,0.008414541,0.006658645,0.0068465304,0.0061993413,0.0065078167,0.003889007,0.0043025697,0.008537438,0.015637863,0.00949409,0.0053846594,0.0055660466,0.025280584,0.028525263,0.016446918,0.0074142944,0.0068041314,0.0037257366,0.007795264,0.01688348,0.31080303,0.2695861,0.38982058,0.3417797,0.5417436,0.017501406,0.008430869,0.0033142038,0.0056744018,0.0058876015,0.007002887,0.0062929518,0.0062858528,0.0050499663,0.007843916,0.007865692,0.0082207,0.00820882,0.0077664354,0.008180475,0.007598678,0.008113136,0.005652268,0.005636414,0.0059249215,0.0071346844,0.009393229,0.005824116,0.004260595,0.0043978887,0.004801736,0.005887116,0.0058694356,0.00555737,0.007025481,0.011016158,0.011990122,0.01127399,0.011136622,0.009172595,0.0073562507,0.007094974,0.005991429,0.0063999267,0.006049308,0.0069031455,0.006262055,0.0067730257,0.007907591,0.010490809,0.0107304035,0.008933736,0.0067335316,0.0064770537,0.0072999164,0.009214384,0.008628248,0.008301163,0.0074442774,0.006924308,0.006730958,0.007116211,0.007068372,0.0064255144,0.0069860327,0.0033363963,0.005578743,0.0043100095,0.023994466,0.019915089,0.21374612,0.12707667,0.014340798,0.0056031113,0.0033030782,0.004450783,0.005471386,0.004323136,0.0045550736,0.004047078,0.0069244257,0.00611538,0.0054466473,0.0057455185,0.009816284,0.008288305,0.0048540537,0.0036144794,0.0047057653,0.0037155398,0.0039535966,0.004809618,0.009062151,0.0104555795,0.009669171,0.008491612,0.005744206,0.0047861827,0.005038236,0.005418927,0.0038277933,0.004037138,0.004513082,0.0061351634,0.006234422,0.0052307965,0.0036010698,0.0044796644,0.007566828,0.024242332,0.010884639,0.00686278,0.006282994,0.006966728,0.007082888,0.007055506,0.0070476364,0.0070516057,0.007050831,0.007050146,0.007049552,0.0070490413,0.0070486106,0.0070482506,0.0070479573,0.007047717,0.007047523,0.0070473696,0.0070472523,0.0070471657,0.0070470953,0.0070470423,0.007047002,0.007046979,0.007046959,0.007046942,0.0070469324,0.0070469286,0.007046919,0.0070469156,0.0070469156,0.0070469156,0.0070469156,0.007046912,0.007046912,0.007046912,0.007046912,0.007046912,0.007046912,0.007046912,0.007046912,0.007046912,0.007046912,0.007046912,0.007046912,0.007046912,0.007046912,0.007046912,0.007046912,0.007046912,0.007046912,0.007046912,0.007046912,0.007046912,0.007046912,0.007046912,0.007046912,0.007046912,0.007046912,0.007046912,0.007046912,0.007046912,0.007046912,0.007046912,0.007046912,0.007046912,0.007046912,0.007046912,0.007046912,0.007046912,0.007046912,0.007046912,0.007046912,0.007046912,0.007046912,0.007046912,0.007046912,0.0074080504,0.0054842453,0.0047995974,0.013535083
0.006598287,0.0018293791,0.0054813824,0.006670457,0.0070515154,0.008303189,0.009513221,0.009379298,0.009244937,0.009158231,0.008829126,0.0082451,0.006838772,0.0049505783,0.0045504426,0.00453289,0.005839839,0.00621461,0.0059262807,0.0074853194,0.0067812162,0.0067310412,0.0063844384,0.0069196136,0.006694728,0.0067255115,0.0057979925,0.007851293,0.009577258,0.010019344,0.00887841,0.008914096,0.008327032,0.0077965213,0.007812503,0.008252,0.0089184195,0.009398959,0.009502847,0.008348749,0.0064434423,0.005221414,0.0034171848,0.0032660319,0.0033501831,0.006517489,0.0077279727,0.005819772,0.0044277813,0.0033862556,0.0012899793,0.0027319982,0.012099582,0.2917893,0.01698726,0.0071599777,0.009126146,0.339814,0.31229684,0.027434597,0.010710332,0.00457358,0.0061773234,0.009461376,0.017418198,0.013029888,0.008333299,0.008917294,0.015964935,0.015373872,0.007973777,0.0044588344,0.00320859,0.008123771,0.012306963,0.016848996,0.007593092,0.0044159815,0.002813295,0.0063483417,0.0073565603,0.009709219,0.008719871,0.010497052,0.009312977,0.008233924,0.0066293427,0.0048635504,0.0041161384,0.0053656264,0.006530046,0.005872588,0.0055358815,0.0046072626,0.004905136,0.008572341,0.009630177,0.0071413214,0.005879901,0.0074144737,0.011383218,0.008532455,0.008327785,0.009453733,0.008829204,0.007857402,0.006529217,0.0062429127,0.0050355447,0.005986277,0.006295848,0.0057353238,0.005760323,0.007104463,0.008592644,0.010210616,0.009219792,0.008130359,0.0077443863,0.008030418,0.008808835,0.009004297,0.008719331,0.0074910494,0.006588277,0.006604219,0.0069354153,0.007237264,0.006679686,0.006777248,0.0028743,0.0065100277,0.009901227,0.21034294,0.025125643,0.009377327,0.005425374,0.0035005268,0.002773949,0.0027392167,0.004688927,0.0055564926,0.004300225,0.00487233,0.0040983893,0.0054552713,0.0049978336,0.005278354,0.005413086,0.011085504,0.0061151865,0.0059865555,0.0043223235,0.0066574183,0.0053388984,0.0048355097,0.005204766,0.007968528,0.0077156927,0.00707669,0.0069153067,0.006226876,0.0065290844,0.0054873563,0.00511643,0.0048684385,0.005001807,0.00418198,0.0061923503,0.008403098,0.006138898,0.0059107887,0.0052698557,0.011220015,0.0120695075,0.009196861,0.00684045,0.0067853644,0.006989123,0.007045718,0.0070485706,0.0070512216,0.0070505533,0.0070499564,0.007049425,0.0070489715,0.0070485706,0.007048234,0.007047953,0.007047727,0.0070475396,0.0070473896,0.0070472695,0.0070471796,0.007047109,0.007047056,0.0070470157,0.0070469854,0.007046962,0.0070469454,0.0070469356,0.0070469286,0.007046922,0.007046919,0.0070469156,0.0070469156,0.0070469156,0.0070469156,0.007046912,0.007046912,0.007046912,0.007046912,0.007046912,0.007046912,0.007046912,0.007046912,0.007046912,0.007046912,0.007046912,0.007046912,0.007046912,0.007046912,0.007046912,0.007046912,0.007046912,0.007046912,0.007046912,0.007046912,0.007046912,0.007046912,0.007046912,0.007046912,0.007046912,0.007046912,0.007046912,0.007046912,0.007046912,0.007046912,0.007046912,0.007046912,0.007046912,0.007046912,0.007046912,0.007046912,0.007046912,0.007046912,0.007046912,0.007046912,0.007046912,0.007046912,0.007046912,0.007046912,0.0074080504,0.0054842453,0.0047995993,0.013535083
0.006667207,0.0018375237,0.005530287,0.006558748,0.007108864,0.0080994135,0.009065771,0.008990955,0.008764676,0.0083876485,0.008305102,0.0082695335,0.0070196153,0.00522449,0.005239888,0.0055484646,0.0053693894,0.006451977,0.005740185,0.007757394,0.0066212397,0.00675884,0.0067454916,0.007804534,0.0078793485,0.0074471915,0.005822363,0.0064400854,0.0084006665,0.00899443,0.009999475,0.00992021,0.009451469,0.009038592,0.008887352,0.009438269,0.00996506,0.010916915,0.010565443,0.009509775,0.0072164848,0.005101587,0.0031729771,0.0042907475,0.0051203636,0.010412957,0.009707559,0.0061444887,0.0057697934,0.004231664,0.0028687555,0.0061921887,0.036813915,0.37989482,0.01929402,0.0061787576,0.00545606,0.03672936,0.032040417,0.013163047,0.005444302,0.0032112142,0.009487604,0.01436255,0.3529897,0.012338303,0.005966536,0.002655223,0.0059968866,0.008122488,0.007852853,0.0056932443,0.0036281457,0.009193281,0.023219869,0.2594709,0.017912572,0.006101522,0.0026490502,0.0066958917,0.0077343187,0.009531692,0.009083771,0.009906534,0.009056814,0.009829555,0.007120117,0.005583006,0.00522968,0.0062254947,0.008802563,0.0061212927,0.005092587,0.0053013563,0.005517434,0.008194697,0.008227487,0.009093201,0.010142536,0.012272513,0.012412621,0.012101445,0.01330134,0.010815454,0.009306082,0.0074962275,0.0070646717,0.005930805,0.0048967567,0.0056330077,0.0070003746,0.0059707286,0.005638501,0.0069633108,0.008159898,0.009113348,0.010151496,0.009013943,0.007856123,0.008005774,0.008665731,0.008237294,0.007850728,0.0069204723,0.007104369,0.0074435486,0.0076345108,0.007942854,0.0068412116,0.0068548387,0.004005704,0.008458539,0.014949529,0.19128616,0.18071452,0.016251087,0.010607557,0.005983211,0.00602776,0.004251154,0.004189453,0.0044099228,0.0039871316,0.0038897328,0.003843013,0.0050091078,0.004602847,0.006590827,0.005409167,0.007319604,0.0067766253,0.0059900205,0.004749823,0.005472367,0.005001499,0.007996331,0.0069058626,0.008602057,0.0058046863,0.0064633763,0.006449236,0.0056746495,0.0053382176,0.0043190457,0.00544376,0.006537921,0.0053767688,0.0056627514,0.0046648527,0.0062256483,0.006603906,0.0076825237,0.0065703997,0.007889476,0.0076189246,0.0074771047,0.006919611,0.007050874,0.007047123,0.0070505766,0.007050767,0.007050213,0.007049709,0.007049252,0.0070488476,0.0070484974,0.0070481906,0.0070479307,0.00704772,0.0070475396,0.007047396,0.0070472825,0.0070471894,0.007047119,0.007047066,0.007047019,0.0070469924,0.007046966,0.0070469524,0.0070469384,0.0070469324,0.007046922,0.007046919,0.0070469156,0.0070469156,0.0070469156,0.007046912,0.007046912,0.007046912,0.007046912,0.007046912,0.007046912,0.007046912,0.007046912,0.007046912,0.007046912,0.007046912,0.007046912,0.007046912,0.007046912,0.007046912,0.007046912,0.007046912,0.007046912,0.007046912,0.007046912,0.007046912,0.007046912,0.007046912,0.007046912,0.007046912,0.007046912,0.007046912,0.007046912,0.007046912,0.007046912,0.007046912,0.007046912,0.007046912,0.007046912,0.007046912,0.007046912,0.007046912,0.007046912,0.007046912,0.007046912,0.007046912,0.007046912,0.007046912,0.007046912,0.007046912,0.007046912,0.0074080504,0.0054842453,0.0047995974,0.013535083
0.006736587,0.0019387437,0.005717476,0.006996341,0.007563405,0.008315444,0.009069365,0.008709058,0.008054772,0.0074577807,0.0072133,0.0074176434,0.0054759653,0.0046217134,0.0052639623,0.008910087,0.0062036724,0.005719084,0.0061968477,0.0085292,0.007362218,0.007543823,0.0073881615,0.008334269,0.008508447,0.0078607295,0.0073641697,0.0072124167,0.007698593,0.0077510322,0.008867968,0.00927195,0.009859692,0.01014289,0.010381669,0.01063872,0.0117427185,0.0129727,0.011442273,0.009358706,0.0068579656,0.005382035,0.0036526984,0.004008389,0.0055261482,0.008565386,0.006874897,0.005528321,0.006434577,0.0066729,0.011327507,0.03025498,0.23814774,0.35029134,0.016592648,0.0054538352,0.0029667404,0.010810747,0.011219635,0.00883786,0.0062196893,0.005243535,0.0055838847,0.011741988,0.010278599,0.0041725044,0.0014919349,0.0012535589,0.0026729896,0.0038273386,0.005785428,0.0044920677,0.0065927343,0.011319895,0.19512483,0.30587313,0.025089694,0.007554241,0.0030716616,0.0061527295,0.007512735,0.008721298,0.008191896,0.008478157,0.007757229,0.007904789,0.006363031,0.0065851565,0.006979648,0.007971348,0.005845827,0.0053373165,0.005218222,0.0058458084,0.005237142,0.00707108,0.005917214,0.0072980127,0.0076194177,0.012371724,0.011960676,0.008245841,0.008718149,0.008455304,0.0088426145,0.007581463,0.0075211595,0.005993216,0.0051719444,0.005760771,0.0075780055,0.0063048364,0.0061951913,0.0070450576,0.007823406,0.008146545,0.009035718,0.009161114,0.008439427,0.008175014,0.008509412,0.008653201,0.0082271015,0.0075030425,0.0076499707,0.00750371,0.00832828,0.008744161,0.007823032,0.0074591567,0.0053284913,0.0050695566,0.0041375444,0.008984444,0.0055167745,0.0046158074,0.004090441,0.0069535477,0.0053036558,0.003376165,0.002283004,0.0038100102,0.004145031,0.004238648,0.0044660093,0.004527172,0.0046569686,0.004612006,0.00604598,0.008627571,0.007927547,0.00577019,0.0055881757,0.0059229387,0.0052257273,0.010040797,0.007985377,0.008113219,0.0050869077,0.005822957,0.005702673,0.005887294,0.005284684,0.0042478815,0.0037035455,0.004952016,0.005190934,0.004235835,0.004534782,0.008713435,0.009737953,0.007136553,0.007966033,0.008568642,0.007884376,0.0073784185,0.0070190304,0.0070190434,0.0070375195,0.0070454576,0.0070498358,0.007049415,0.0070490343,0.007048687,0.007048384,0.007048117,0.0070478837,0.0070476867,0.0070475265,0.0070473934,0.0070472825,0.0070471964,0.0070471256,0.007047069,0.0070470287,0.0070469924,0.007046972,0.007046955,0.0070469384,0.0070469324,0.0070469286,0.007046919,0.007046919,0.0070469156,0.0070469156,0.0070469156,0.007046912,0.007046912,0.007046912,0.007046912,0.007046912,0.007046912,0.007046912,0.007046912,0.007046912,0.007046912,0.007046912,0.007046912,0.007046912,0.007046912,0.007046912,0.007046912,0.007046912,0.007046912,0.007046912,0.007046912,0.007046912,0.007046912,0.007046912,0.007046912,0.007046912,0.007046912,0.007046912,0.007046912,0.007046912,0.007046912,0.007046912,0.007046912,0.007046912,0.007046912,0.007046912,0.007046912,0.007046912,0.007046912,0.007046912,0.007046912,0.007046912,0.007046912,0.007046912,0.007046912,0.007046912,0.007046912,0.0074080504,0.0054842453,0.0047995993,0.013535083
0.0069461735,0.0019646287,0.0059027025,0.007308276,0.007691701,0.008046791,0.009121839,0.008512394,0.007845074,0.007446836,0.007343355,0.0073286775,0.0051276144,0.0046430775,0.0058705625,0.008762779,0.0061196457,0.005425428,0.006623357,0.008217058,0.007785537,0.007650361,0.007838032,0.008162882,0.0085220095,0.009110322,0.008658058,0.008846719,0.0079729855,0.010459907,0.0077694007,0.007230333,0.0084226215,0.009772587,0.00967626,0.010022764,0.009974459,0.010894155,0.009585085,0.007428471,0.005412924,0.004377307,0.0043601585,0.00571086,0.009975604,0.011070296,0.008169966,0.0068577183,0.01081448,0.018636908,0.27293837,0.29866245,0.341153,0.040939637,0.010309974,0.0041123563,0.0044110827,0.004650497,0.006416443,0.005700256,0.003829563,0.0034423969,0.0027647913,0.012890495,0.0068087955,0.0042033535,0.0030046455,0.0032518902,0.004593613,0.0058756573,0.006920738,0.005825094,0.0049279486,0.0061985916,0.013069014,0.023467693,0.011814301,0.005860753,0.004478335,0.0061215335,0.006527721,0.0083289305,0.00848463,0.008595305,0.007066843,0.0074714916,0.006310913,0.006679541,0.006813863,0.0065788706,0.0063916966,0.005752286,0.005002299,0.006478671,0.0051563173,0.0058061397,0.00589118,0.0075958055,0.011236007,0.01265057,0.008560726,0.0076138745,0.008733887,0.0079132,0.007665247,0.006900096,0.0076332074,0.005973789,0.005710633,0.0061219544,0.0084546525,0.0064854547,0.0066734497,0.0072534354,0.007751131,0.008309905,0.008844688,0.007964184,0.007435728,0.0075959964,0.007941881,0.008043998,0.0076947226,0.0073688347,0.007803891,0.0070070764,0.008057508,0.0085160965,0.008103881,0.007922834,0.0067019807,0.0050529097,0.0034796738,0.004819545,0.00412295,0.005873126,0.00887019,0.13483615,0.008716224,0.0032700358,0.0020963964,0.003362302,0.0039912676,0.004590518,0.0045983945,0.0043321745,0.0047235265,0.0050153146,0.0058007496,0.008030133,0.0061640353,0.0059655122,0.0052412204,0.006754321,0.005397551,0.011387899,0.00815824,0.0064137713,0.0047283354,0.006058188,0.005337096,0.005395747,0.0052724206,0.005129155,0.0038440756,0.0041125943,0.006027337,0.004764597,0.0074524353,0.009068637,0.006956061,0.0069301045,0.006850013,0.0071829017,0.007198182,0.0071306424,0.007096375,0.007049943,0.0070449645,0.0070494385,0.0070491047,0.007048791,0.0070485035,0.0070482474,0.007048017,0.00704782,0.0070476434,0.0070474963,0.0070473766,0.0070472755,0.0070471894,0.007047123,0.0070470725,0.0070470325,0.007046999,0.0070469757,0.007046959,0.007046942,0.0070469356,0.0070469286,0.007046919,0.0070469156,0.0070469156,0.0070469156,0.0070469156,0.0070469156,0.007046912,0.007046912,0.007046912,0.007046912,0.007046912,0.007046912,0.007046912,0.007046912,0.007046912,0.007046912,0.007046912,0.007046912,0.007046912,0.007046912,0.007046912,0.007046912,0.007046912,0.007046912,0.007046912,0.007046912,0.007046912,0.007046912,0.007046912,0.007046912,0.007046912,0.007046912,0.007046912,0.007046912,0.007046912,0.007046912,0.007046912,0.007046912,0.007046912,0.007046912,0.007046912,0.007046912,0.007046912,0.007046912,0.007046912,0.007046912,0.007046912,0.007046912,0.007046912,0.007046912,0.007046912,0.007046912,0.0074080504,0.0054842453,0.0047995974,0.013535083
0.0073232115,0.0019226795,0.0061665922,0.0069920258,0.00786982,0.008752323,0.009660413,0.008535703,0.0075454405,0.0071722283,0.0079694595,0.0072569423,0.004694253,0.0035541453,0.0044409395,0.008726942,0.008623069,0.007721477,0.0071660415,0.008044926,0.007877836,0.0076225447,0.0072448123,0.007118324,0.007181549,0.008016691,0.008411773,0.010176899,0.007708059,0.0067710658,0.006236059,0.0057695527,0.005604703,0.006564918,0.006110186,0.005661983,0.004647873,0.0050513875,0.005629536,0.0052726585,0.005151032,0.005755216,0.006285865,0.008190296,0.012659393,0.010490868,0.009117086,0.008961999,0.010407436,0.019706313,0.24165398,0.3226715,0.057480875,0.010828822,0.0038598033,0.003716018,0.005575849,0.004404529,0.00469808,0.004720042,0.00393531,0.0028321107,0.0016900806,0.0029751922,0.008874467,0.004541457,0.0041478625,0.0037551124,0.006390861,0.0065509947,0.007329319,0.0061270855,0.005370981,0.0055490485,0.008566183,0.009124831,0.006879551,0.005462784,0.0057181404,0.006168612,0.0073641804,0.008930322,0.008562624,0.009156072,0.0076646996,0.00684116,0.0064506996,0.007005776,0.0072180624,0.0066597327,0.005185724,0.0052492167,0.005526363,0.004522288,0.004335465,0.005037208,0.0052607576,0.0063866684,0.008885899,0.0077751046,0.007084964,0.007907363,0.008071378,0.007226477,0.007880785,0.006984194,0.007871887,0.0062268493,0.008332208,0.008946507,0.0103804,0.007355662,0.007309819,0.007373782,0.007596521,0.008129287,0.00877793,0.0077166534,0.0068032644,0.0069691893,0.00783939,0.008402403,0.008065074,0.007847071,0.0075969994,0.006909873,0.008058034,0.0073860534,0.007086618,0.008146834,0.008465432,0.0056833094,0.0030407696,0.0024052043,0.0022073803,0.003512748,0.0066331965,0.01083452,0.006330232,0.0031658374,0.0020331494,0.0029888165,0.0037299888,0.0039551444,0.0045439266,0.0047769966,0.005630695,0.0072526527,0.008073924,0.009500971,0.006869348,0.0068185795,0.005180101,0.0062049194,0.005946935,0.009981972,0.009867703,0.006853433,0.0049124938,0.0046067266,0.0050924784,0.0055763335,0.0062267957,0.006940998,0.0072210496,0.004739229,0.004694984,0.0045250645,0.0062543415,0.0071112406,0.0074243266,0.0072669904,0.0070073484,0.007085293,0.0070343213,0.00702938,0.0070394194,0.0070444834,0.0070490413,0.007048781,0.0070485338,0.0070483075,0.0070480937,0.007047907,0.0070477333,0.0070475833,0.007047456,0.007047349,0.0070472592,0.0070471824,0.007047119,0.007047069,0.0070470287,0.007046999,0.007046979,0.007046962,0.0070469454,0.0070469356,0.0070469286,0.007046922,0.007046919,0.0070469156,0.0070469156,0.0070469156,0.0070469156,0.0070469156,0.007046912,0.007046912,0.007046912,0.007046912,0.007046912,0.007046912,0.007046912,0.007046912,0.007046912,0.007046912,0.007046912,0.007046912,0.007046912,0.007046912,0.007046912,0.007046912,0.007046912,0.007046912,0.007046912,0.007046912,0.007046912,0.007046912,0.007046912,0.007046912,0.007046912,0.007046912,0.007046912,0.007046912,0.007046912,0.007046912,0.007046912,0.007046912,0.007046912,0.007046912,0.007046912,0.007046912,0.007046912,0.007046912,0.007046912,0.007046912,0.007046912,0.007046912,0.007046912,0.007046912,0.007046912,0.007046912,0.0074080504,0.0054842453,0.0047995993,0.013535083
0.007253031,0.0017307898,0.0053267707,0.006254004,0.0076461304,0.00890823,0.009917087,0.009200324,0.008135029,0.007713714,0.0073277545,0.007247319,0.005250773,0.004278702,0.004105743,0.0051038265,0.0064653116,0.006484874,0.007981343,0.007990935,0.0074704164,0.006410709,0.006075572,0.00639641,0.006682465,0.0070755775,0.0064193495,0.007039152,0.00655991,0.0068323077,0.0070320703,0.005873368,0.005317857,0.00541664,0.0071421736,0.005024059,0.0041908617,0.003980778,0.004021283,0.0048758504,0.005675766,0.006262242,0.0070912694,0.009266621,0.013930301,0.00937517,0.007271144,0.005064307,0.003739811,0.005908001,0.022908704,0.29842168,0.025736194,0.0046349396,0.0015226572,0.0040720752,0.0073131286,0.005083547,0.004886551,0.0046276883,0.0036086007,0.00138744,0.002353421,0.005972302,0.020135783,0.007973328,0.0041417237,0.0031348222,0.0069909696,0.006641682,0.0075278897,0.0073225186,0.0067169005,0.0067989836,0.006255101,0.0046105613,0.0043347585,0.0043307142,0.0058545796,0.006443842,0.007989374,0.009503593,0.011317254,0.0112151755,0.008428644,0.007139932,0.006189481,0.0067972327,0.006742562,0.0057712654,0.0055068294,0.0056135887,0.004574062,0.004219567,0.0037047614,0.004454531,0.00507024,0.007999074,0.00924471,0.008086387,0.008943007,0.010645653,0.008186741,0.0075355493,0.007316078,0.00707618,0.007350783,0.00561443,0.0066401283,0.00807436,0.009401032,0.0078910515,0.007682433,0.007594411,0.0076734484,0.008487795,0.008833739,0.0075294827,0.006780009,0.00687378,0.007603479,0.008112602,0.008246411,0.007984376,0.0073014717,0.00692197,0.0073657623,0.0065759113,0.0064536403,0.0077214227,0.008684426,0.007962187,0.0052025076,0.0038862338,0.0032308656,0.004355917,0.007274938,0.008362426,0.005469537,0.0032414126,0.003214412,0.003456012,0.0032814902,0.0039620725,0.0040818583,0.0051576067,0.0056739044,0.0063908393,0.0067617726,0.008087233,0.010494438,0.008160929,0.006526199,0.0060246442,0.008608659,0.0072508296,0.0091189565,0.009046954,0.008500453,0.006492389,0.0059558074,0.010700817,0.008995599,0.008712311,0.008257629,0.0062579107,0.0043398347,0.0036920933,0.0043213223,0.006910613,0.007477654,0.0073213605,0.007014233,0.007076077,0.0070530013,0.007049055,0.0070488644,0.007048664,0.0070484704,0.0070482837,0.0070481002,0.007047937,0.00704778,0.0070476397,0.007047513,0.007047406,0.007047313,0.0070472327,0.0070471657,0.007047109,0.007047066,0.0070470287,0.007046999,0.007046979,0.007046962,0.0070469454,0.0070469384,0.0070469324,0.007046926,0.007046922,0.007046919,0.007046919,0.007046912,0.007046912,0.007046912,0.007046912,0.007046912,0.007046912,0.007046912,0.007046912,0.007046912,0.007046912,0.007046912,0.007046912,0.007046912,0.007046912,0.007046912,0.007046912,0.007046912,0.007046912,0.007046912,0.007046912,0.007046912,0.007046912,0.007046912,0.007046912,0.007046912,0.007046912,0.007046912,0.007046912,0.007046912,0.007046912,0.007046912,0.007046912,0.007046912,0.007046912,0.007046912,0.007046912,0.007046912,0.007046912,0.007046912,0.007046912,0.007046912,0.007046912,0.007046912,0.007046912,0.007046912,0.007046912,0.007046912,0.007046912,0.007046912,0.007046912,0.0074080504,0.0054842453,0.0047995974,0.013535083
0.0076174242,0.0017277638,0.0035997562,0.005882563,0.0069297724,0.0087693585,0.009228464,0.008886441,0.007738522,0.007066495,0.006158847,0.005277082,0.0038732544,0.0034278543,0.005081722,0.005877351,0.008651078,0.0061964653,0.00679291,0.006952119,0.007113432,0.0067054606,0.0064538145,0.007216044,0.0074603157,0.007268387,0.006942359,0.0071237455,0.008384441,0.008799028,0.008675092,0.007521465,0.0077207033,0.0070071924,0.01057897,0.0071488987,0.007356512,0.0054215435,0.0057277777,0.0073391884,0.008188588,0.008066939,0.008290509,0.006679708,0.015626023,0.007753996,0.005224223,0.004358552,0.0030909802,0.008467441,0.028148636,0.28544062,0.023899922,0.0046594315,0.0025028824,0.005304986,0.0068059294,0.0049034622,0.0033952198,0.0036836872,0.0039147735,0.0026421857,0.0058255713,0.030356474,0.34743032,0.01440126,0.006544645,0.0032795023,0.007868919,0.007217109,0.007705113,0.007956329,0.008300539,0.009662876,0.009796976,0.008059822,0.0065380265,0.0054280395,0.006611311,0.0068128146,0.00856103,0.009659067,0.010808379,0.009605165,0.0074697123,0.00699397,0.0067940974,0.006996159,0.006915483,0.0063552484,0.0061890553,0.0060371007,0.0051146024,0.0042330045,0.0037532714,0.0044808188,0.004876357,0.0071786894,0.006965989,0.010525371,0.011160889,0.010619865,0.00793552,0.0073090787,0.007873059,0.008044668,0.007150029,0.0060679694,0.0077115865,0.010834933,0.010167949,0.008126403,0.007355227,0.007431703,0.007551282,0.008364131,0.009085235,0.007527056,0.0068192896,0.0069512897,0.007699071,0.008258114,0.008814958,0.008814837,0.007905923,0.0076600113,0.0073493426,0.0069483873,0.00657096,0.007804995,0.008615271,0.0076535954,0.006598137,0.0061730975,0.0060024634,0.0056002,0.0066962475,0.006816558,0.0055740857,0.0043632207,0.0030172751,0.0028710342,0.0027750046,0.003974993,0.0039662505,0.0047905203,0.0056707524,0.0052676513,0.0057813535,0.0061049326,0.009858267,0.009137101,0.008239955,0.00667186,0.006925702,0.0067929523,0.006498098,0.0071246997,0.006255142,0.008050648,0.008506178,0.009232995,0.009001565,0.008096238,0.0072346744,0.0061301766,0.0053278194,0.004048975,0.0043700165,0.0059404867,0.007002217,0.007186738,0.0070032985,0.0070410753,0.0070437733,0.0070484607,0.00704832,0.007048181,0.007048037,0.007047907,0.007047774,0.007047653,0.0070475433,0.0070474395,0.007047349,0.0070472728,0.0070472024,0.0070471424,0.0070470953,0.007047056,0.007047019,0.007046995,0.007046979,0.007046962,0.0070469454,0.0070469356,0.0070469324,0.007046922,0.007046922,0.007046919,0.007046919,0.007046919,0.007046912,0.007046912,0.007046912,0.007046912,0.007046912,0.007046912,0.007046912,0.007046912,0.007046912,0.007046912,0.007046912,0.007046912,0.007046912,0.007046912,0.007046912,0.007046912,0.007046912,0.007046912,0.007046912,0.007046912,0.007046912,0.007046912,0.007046912,0.007046912,0.007046912,0.007046912,0.007046912,0.007046912,0.007046912,0.007046912,0.007046912,0.007046912,0.007046912,0.007046912,0.007046912,0.007046912,0.007046912,0.007046912,0.007046912,0.007046912,0.007046912,0.007046912,0.007046912,0.007046912,0.007046912,0.007046912,0.007046912,0.007046912,0.007046912,0.007046912,0.0074080504,0.0054842453,0.0047995993,0.013535083
0.008236538,0.0018350965,0.0036387306,0.0059660072,0.008308691,0.010168213,0.008695582,0.007722965,0.0070935497,0.006566719,0.0052815746,0.0040695714,0.0033636221,0.003416349,0.0043392903,0.0057572927,0.005570812,0.0055831405,0.00716788,0.006835133,0.0072905994,0.0072750202,0.008530773,0.0107886745,0.010060975,0.008896349,0.0077366983,0.007427332,0.012908036,0.009597121,0.008527261,0.0068995925,0.0070575243,0.0073750457,0.008037586,0.010217663,0.006370989,0.0069535575,0.006089906,0.008574728,0.007760947,0.0058234287,0.0044336156,0.0043809908,0.007111042,0.009054391,0.009681355,0.010160513,0.0072321612,0.019226408,0.028815348,0.25969583,0.026905738,0.006378797,0.003700308,0.006019027,0.0055572693,0.0045966185,0.007932738,0.012947715,0.011304311,0.01377021,0.02486532,0.33964497,0.26342803,0.015033511,0.0054131397,0.0044529727,0.008116305,0.0077546863,0.00773549,0.008939788,0.009995453,0.0106006935,0.010413948,0.009099696,0.008165446,0.007644098,0.008002082,0.006880587,0.007311747,0.0075290794,0.009197434,0.009195036,0.007812351,0.007967982,0.0072519593,0.0071259513,0.009115265,0.007567544,0.0074022184,0.0065701166,0.0056319796,0.0047619385,0.004258532,0.0060554324,0.00569535,0.008859653,0.008842886,0.010772122,0.009434788,0.00876277,0.008805656,0.008028299,0.008418843,0.007698816,0.006840346,0.006425137,0.007981525,0.010645744,0.008917455,0.007424264,0.0072759464,0.0073640547,0.0074791857,0.008421997,0.009120013,0.007678214,0.0071655563,0.006970176,0.0076523023,0.0076555293,0.008240921,0.008449713,0.008278136,0.0077384487,0.0073923385,0.0075947735,0.0072487607,0.0084904805,0.007853634,0.0076593086,0.007673746,0.006826586,0.0065868977,0.0060456246,0.007290785,0.00816311,0.006352316,0.004962843,0.00314641,0.0053832987,0.004119101,0.005519284,0.0052299155,0.0054453765,0.0067843907,0.0045149974,0.004926249,0.0052136867,0.006853709,0.00892003,0.006057798,0.0057505867,0.006005688,0.008650044,0.0060679726,0.006087713,0.0064734644,0.0070269243,0.00788363,0.009723181,0.010112015,0.009108557,0.009072001,0.008493981,0.009546252,0.006490203,0.006084589,0.00653683,0.00708689,0.0070752655,0.0070130173,0.0070433766,0.0070481035,0.007048014,0.0070479168,0.007047817,0.00704772,0.007047623,0.00704753,0.0070474464,0.007047363,0.0070472895,0.0070472257,0.007047169,0.007047119,0.0070470823,0.0070470455,0.0070470157,0.0070469924,0.007046972,0.007046962,0.0070469454,0.0070469384,0.0070469324,0.0070469286,0.007046922,0.007046919,0.007046919,0.0070469156,0.0070469156,0.007046912,0.007046912,0.007046912,0.007046912,0.007046912,0.007046912,0.007046912,0.007046912,0.007046912,0.007046912,0.007046912,0.007046912,0.007046912,0.007046912,0.007046912,0.007046912,0.007046912,0.007046912,0.007046912,0.007046912,0.007046912,0.007046912,0.007046912,0.007046912,0.007046912,0.007046912,0.007046912,0.007046912,0.007046912,0.007046912,0.007046912,0.007046912,0.007046912,0.007046912,0.007046912,0.007046912,0.007046912,0.007046912,0.007046912,0.007046912,0.007046912,0.007046912,0.007046912,0.007046912,0.007046912,0.007046912,0.007046912,0.007046912,0.007046912,0.007046912,0.0074080504,0.0054842453,0.0047995974,0.013535083
0.009405496,0.0021734806,0.00391403,0.006594387,0.00947921,0.0117131835,0.009724549,0.0072187153,0.00636024,0.006181748,0.0054363892,0.004084156,0.003274769,0.0035712896,0.0051443456,0.005956417,0.005338438,0.0059709405,0.007030992,0.0071024247,0.00707338,0.008662701,0.0077208644,0.008953452,0.008359399,0.008286981,0.007026824,0.006657065,0.007365836,0.008490026,0.0068918993,0.00560897,0.005657408,0.0066028545,0.007268033,0.0076925633,0.006659531,0.006483132,0.0057709343,0.006729976,0.004282572,0.0048600044,0.0039040036,0.009606966,0.016082043,0.25807256,0.057248067,0.05329674,0.26626414,0.30630538,0.3389709,0.2778093,0.028475529,0.0076989867,0.004977478,0.0074019493,0.006373307,0.004768913,0.009202803,0.027050992,0.2433124,0.024986172,0.03727586,0.30797133,0.043644525,0.00668274,0.00246621,0.0065989746,0.008462214,0.007456361,0.0069294875,0.00825337,0.008806238,0.0077359076,0.006585734,0.006599018,0.007868342,0.008846109,0.00939843,0.0072531984,0.007019665,0.0069483276,0.00861299,0.008742523,0.009906109,0.007836883,0.0069869123,0.0061086193,0.00617833,0.0071331374,0.00728469,0.0072615948,0.0058284136,0.005188775,0.0045435377,0.007512252,0.007811959,0.009903658,0.008886499,0.008109932,0.008323718,0.009182602,0.008219265,0.00849362,0.007668545,0.007194871,0.006823884,0.007936954,0.010439897,0.011112346,0.00837499,0.0073941685,0.0069247046,0.0071176733,0.0074814237,0.008394302,0.0094147725,0.0085522635,0.0074743317,0.007029334,0.007543813,0.007623518,0.00843703,0.008503395,0.007940277,0.0077447374,0.00785515,0.008056122,0.0075739715,0.007666673,0.0063326624,0.0068114465,0.007188593,0.0067626946,0.0062422114,0.0058403453,0.007340675,0.011329953,0.008564013,0.0065742075,0.005988195,0.0096589895,0.0122852875,0.0078586135,0.0046638274,0.003765308,0.006294839,0.0051503694,0.0061344597,0.0058968966,0.008717571,0.006871056,0.0053573926,0.007184112,0.007639932,0.0068783322,0.006070337,0.0063831746,0.0074836225,0.008164203,0.008796845,0.008896513,0.009949473,0.009497225,0.009062318,0.0076511614,0.00825218,0.0071199955,0.007025996,0.007025474,0.0071702157,0.0070755673,0.007053983,0.007047814,0.0070477533,0.0070476905,0.0070476197,0.0070475503,0.0070474828,0.007047416,0.007047349,0.0070472863,0.0070472294,0.0070471796,0.0070471326,0.0070470925,0.0070470623,0.0070470325,0.007047009,0.0070469854,0.0070469687,0.007046959,0.0070469454,0.0070469356,0.0070469324,0.007046922,0.007046922,0.007046919,0.007046919,0.007046919,0.0070469156,0.0070469156,0.007046912,0.007046912,0.007046912,0.007046912,0.007046912,0.007046912,0.007046912,0.007046912,0.007046912,0.007046912,0.007046912,0.007046912,0.007046912,0.007046912,0.007046912,0.007046912,0.007046912,0.007046912,0.007046912,0.007046912,0.007046912,0.007046912,0.007046912,0.007046912,0.007046912,0.007046912,0.007046912,0.007046912,0.007046912,0.007046912,0.007046912,0.007046912,0.007046912,0.007046912,0.007046912,0.007046912,0.007046912,0.007046912,0.007046912,0.007046912,0.007046912,0.007046912,0.007046912,0.007046912,0.007046912,0.007046912,0.007046912,0.007046912,0.007046912,0.007046912,0.0074080504,0.0054842453,0.0047995993,0.013535083
0.010097591,0.0023355759,0.003989581,0.005487697,0.008337553,0.010603084,0.010083226,0.008028227,0.0074483408,0.0073407935,0.006799641,0.0055629616,0.0043298695,0.003631334,0.005114901,0.004440276,0.0052820705,0.00598481,0.0064502656,0.0069509046,0.006293703,0.009484378,0.007643707,0.009985026,0.008116221,0.0074512633,0.005527645,0.0060218773,0.0058606276,0.0060779424,0.0050059645,0.005236809,0.0056381035,0.0073049427,0.0071629854,0.008129848,0.0073992657,0.0058042733,0.003986556,0.0036232565,0.0031673864,0.0067404965,0.011284632,0.01945144,0.04982741,0.20557286,0.47237653,0.4999463,0.22025882,0.04629138,0.020855349,0.024171114,0.012102768,0.0063978164,0.0065017403,0.008097245,0.007224725,0.011047704,0.028261794,0.3919662,0.14727661,0.024512343,0.038480587,0.31761643,0.019125678,0.0027624338,0.0012581311,0.007822685,0.008052776,0.0071033905,0.006848174,0.0071033933,0.0064777345,0.004722621,0.0039420933,0.0034259488,0.005153554,0.0048869546,0.0070721414,0.0056747193,0.006360264,0.006095843,0.008274685,0.009710961,0.009947275,0.007201819,0.0055778357,0.007691515,0.009414257,0.009252167,0.006912491,0.0055870605,0.005282709,0.0049356963,0.0046785506,0.0066416604,0.009263483,0.010945197,0.00982478,0.008686454,0.008455112,0.009486524,0.008027019,0.008557137,0.007063113,0.006860921,0.007281346,0.009666354,0.0103648985,0.008213666,0.008349799,0.0074635358,0.00750355,0.007273533,0.0076523605,0.008599556,0.009991627,0.008980615,0.007721069,0.0069381422,0.0072848583,0.0075507774,0.008053451,0.007970361,0.008026055,0.007773111,0.007908372,0.0073036593,0.0063137505,0.005636598,0.005500185,0.0061161686,0.0065830825,0.00716672,0.00665211,0.0064685163,0.0071907747,0.007951914,0.008486379,0.0055778064,0.008510582,0.0124337515,0.21958148,0.015448555,0.006469816,0.0044243103,0.0051838225,0.0049750623,0.00538311,0.008062255,0.008029682,0.006620562,0.006224651,0.0069418456,0.008415866,0.007297605,0.005788627,0.006630008,0.007388795,0.009135408,0.00989533,0.010305538,0.010293363,0.00979768,0.008890801,0.009063085,0.008679427,0.0075798407,0.0072995117,0.0071397703,0.0071391347,0.007077578,0.007061612,0.0070475396,0.0070474963,0.007047453,0.007047406,0.007047356,0.007047309,0.007047263,0.007047216,0.0070471726,0.0070471354,0.007047099,0.007047066,0.0070470395,0.0070470157,0.007046995,0.007046972,0.007046962,0.0070469524,0.007046942,0.0070469356,0.0070469356,0.007046926,0.007046919,0.007046919,0.007046919,0.0070469156,0.0070469156,0.0070469156,0.0070469156,0.007046912,0.007046912,0.007046912,0.007046912,0.007046912,0.007046912,0.007046912,0.007046912,0.007046912,0.007046912,0.007046912,0.007046912,0.007046912,0.007046912,0.007046912,0.007046912,0.007046912,0.007046912,0.007046912,0.007046912,0.007046912,0.007046912,0.007046912,0.007046912,0.007046912,0.007046912,0.007046912,0.007046912,0.007046912,0.007046912,0.007046912,0.007046912,0.007046912,0.007046912,0.007046912,0.007046912,0.007046912,0.007046912,0.007046912,0.007046912,0.007046912,0.007046912,0.007046912,0.007046912,0.007046912,0.007046912,0.007046912,0.007046912,0.007046912,0.007046912,0.0074080504,0.0054842453,0.0047995974,0.013535083
0.010985487,0.0026994685,0.0038572175,0.004745348,0.004778659,0.005336195,0.0068469453,0.0076750284,0.008429251,0.008094411,0.007252062,0.0065044174,0.0054992354,0.0042253495,0.005310701,0.0048092576,0.0063476074,0.005631707,0.004842598,0.004379699,0.0038667414,0.0049969805,0.0046048556,0.0055963215,0.005204831,0.0064780205,0.005591476,0.0043342444,0.0043935794,0.0036609087,0.0045454553,0.005984609,0.005222156,0.0065988335,0.008550723,0.016341921,0.014276015,0.010058558,0.004645659,0.0017873778,0.0038250324,0.01200308,0.32569918,0.2959686,0.3252068,0.23159592,0.040651742,0.021202,0.01495495,0.009989307,0.006527588,0.0070407456,0.008000114,0.007713565,0.008810376,0.008588855,0.0065713776,0.0055723446,0.00903574,0.016913073,0.008382209,0.0077941683,0.018025314,0.34294766,0.014913689,0.0018043658,0.0010887033,0.0076731546,0.0074333455,0.006664233,0.006601961,0.0069260104,0.006344002,0.004814411,0.003561776,0.0028119632,0.0063328245,0.00610587,0.0095477,0.0069211703,0.0058230036,0.0067179473,0.008454121,0.009604049,0.008727417,0.0051147584,0.006285724,0.012102216,0.021765176,0.015176107,0.0067261485,0.0042788996,0.0052028038,0.005311054,0.0062396657,0.0065027317,0.008135717,0.010876602,0.009019546,0.008630247,0.009026274,0.008788911,0.00826802,0.008347714,0.0067414,0.006617399,0.007627946,0.009531493,0.009352368,0.008097609,0.008544294,0.0072436975,0.0072161565,0.0072027026,0.007814114,0.009144995,0.010751258,0.009327947,0.008259114,0.0075292042,0.0076454612,0.007782654,0.00842988,0.008007747,0.0073966742,0.007222889,0.007926515,0.007284756,0.006174379,0.0055519175,0.006310497,0.0068343496,0.008467614,0.007702456,0.0069998205,0.006548953,0.0067254417,0.0072375657,0.0076845344,0.00504193,0.0061208894,0.013088827,0.028080652,0.016410412,0.009157786,0.0054390584,0.00699539,0.0076720184,0.006490855,0.0062951106,0.006181874,0.005300301,0.003660271,0.004463934,0.005222833,0.008436974,0.0069135777,0.0069853812,0.007929707,0.008619878,0.008870521,0.0093681,0.008713287,0.00809718,0.0072583617,0.008190977,0.007901656,0.0075636487,0.0070607862,0.0071162214,0.007133806,0.007094124,0.007056418,0.0070473426,0.007047313,0.0070472825,0.0070472495,0.0070472187,0.0070471824,0.0070471494,0.007047123,0.0070470925,0.007047069,0.0070470395,0.007047019,0.007046999,0.0070469826,0.007046972,0.007046955,0.007046942,0.0070469384,0.0070469356,0.0070469324,0.007046919,0.007046919,0.007046919,0.007046919,0.007046919,0.0070469156,0.0070469156,0.0070469156,0.0070469156,0.007046912,0.007046912,0.007046912,0.007046912,0.007046912,0.007046912,0.007046912,0.007046912,0.007046912,0.007046912,0.007046912,0.007046912,0.007046912,0.007046912,0.007046912,0.007046912,0.007046912,0.007046912,0.007046912,0.007046912,0.007046912,0.007046912,0.007046912,0.007046912,0.007046912,0.007046912,0.007046912,0.007046912,0.007046912,0.007046912,0.007046912,0.007046912,0.007046912,0.007046912,0.007046912,0.007046912,0.007046912,0.007046912,0.007046912,0.007046912,0.007046912,0.007046912,0.007046912,0.007046912,0.007046912,0.007046912,0.007046912,0.007046912,0.007046912,0.007046912,0.0074080504,0.0054842453,0.0047995993,0.013535083
0.011683497,0.0028898201,0.0041932124,0.0058778697,0.00504972,0.0045579155,0.004620766,0.008949659,0.010355531,0.009842446,0.008094595,0.008236448,0.007125139,0.0055646105,0.0051847226,0.006453402,0.0072919037,0.0078730555,0.0060896203,0.0049485704,0.0040519107,0.004996921,0.0054263333,0.0051195524,0.004803913,0.0044234907,0.0058980286,0.0056310473,0.0067608175,0.003958155,0.0039315363,0.0057371645,0.0072448533,0.012564937,0.008649422,0.011220512,0.012201457,0.010658436,0.0063216304,0.0031733387,0.0070606857,0.019284561,0.27983743,0.043265685,0.034221362,0.023715075,0.013589825,0.006922908,0.0046037384,0.0056539564,0.0035773355,0.004996582,0.009448412,0.008263756,0.008299153,0.006897992,0.0055486253,0.0049576773,0.0059428266,0.0071772523,0.0023712735,0.003696077,0.015302259,0.50954723,0.017692722,0.0029564407,0.0015095084,0.00736842,0.0073237247,0.0073269876,0.007139462,0.0069123073,0.0065575265,0.0069124713,0.004863936,0.006466289,0.009949261,0.016367335,0.010045595,0.0058988845,0.004881142,0.0062410966,0.0068441443,0.008375018,0.007917031,0.0040375846,0.008758846,0.015871318,0.31769806,0.028410472,0.006284602,0.0026323989,0.0047854604,0.0057425997,0.006619295,0.0077190893,0.010303213,0.011365689,0.007933962,0.008316601,0.00775473,0.008396204,0.008578454,0.007901566,0.0068194414,0.0069545265,0.00835977,0.011167074,0.008703342,0.008204939,0.008733116,0.0076181954,0.0067840978,0.006982375,0.007862422,0.009135983,0.010575262,0.009506156,0.008873242,0.008447748,0.008729669,0.008581213,0.008656867,0.008813995,0.008315786,0.007462667,0.0071701403,0.0067252186,0.0069762184,0.0068808384,0.0071392693,0.0079265945,0.007195995,0.008201765,0.0075266715,0.0073750075,0.0065059923,0.006675236,0.006958716,0.0045159534,0.0072851726,0.013100948,0.034769848,0.015481473,0.0054467143,0.0037627744,0.005309182,0.0051853424,0.0048926855,0.005919694,0.006664997,0.0041911067,0.0038923281,0.004435643,0.005526612,0.0046060337,0.0059867366,0.006474645,0.0066142716,0.0067903954,0.0068496563,0.008282628,0.00782952,0.0071764262,0.006805298,0.0075613013,0.007721025,0.00732089,0.007055235,0.0070493217,0.0070424327,0.0070472355,0.0070472187,0.0070472024,0.0070471857,0.0070471657,0.0070471424,0.007047119,0.0070470953,0.0070470725,0.007047056,0.0070470357,0.007047019,0.007046999,0.0070469854,0.0070469687,0.007046959,0.0070469524,0.0070469454,0.0070469384,0.0070469324,0.007046926,0.007046919,0.007046919,0.0070469156,0.0070469156,0.0070469156,0.0070469156,0.0070469156,0.0070469156,0.007046912,0.007046912,0.007046912,0.007046912,0.007046912,0.007046912,0.007046912,0.007046912,0.007046912,0.007046912,0.007046912,0.007046912,0.007046912,0.007046912,0.007046912,0.007046912,0.007046912,0.007046912,0.007046912,0.007046912,0.007046912,0.007046912,0.007046912,0.007046912,0.007046912,0.007046912,0.007046912,0.007046912,0.007046912,0.007046912,0.007046912,0.007046912,0.007046912,0.007046912,0.007046912,0.007046912,0.007046912,0.007046912,0.007046912,0.007046912,0.007046912,0.007046912,0.007046912,0.007046912,0.007046912,0.007046912,0.007046912,0.007046912,0.007046912,0.007046912,0.007046912,0.007046912,0.0074080504,0.0054842453,0.0047995974,0.013535083
0.012202096,0.0034998911,0.0052750753,0.007647198,0.009051632,0.006315235,0.0041762963,0.0073739532,0.0071307975,0.008741285,0.007852853,0.008507103,0.007739049,0.0064454577,0.0064118514,0.0076818843,0.008937985,0.012735748,0.0068428023,0.005480361,0.006308093,0.009150796,0.009743826,0.0069707967,0.009007697,0.0054779104,0.0071397633,0.0065925037,0.009435256,0.0042668623,0.005425623,0.016537419,0.01655545,0.008334887,0.005431377,0.003098153,0.009920627,0.00971087,0.010919629,0.0051667085,0.0076694917,0.011114453,0.024055684,0.013631154,0.01023261,0.006663636,0.0043477314,0.0023063056,0.0030651402,0.005728182,0.009215237,0.008917223,0.012560914,0.012372575,0.009317972,0.006394241,0.0043767453,0.0056276573,0.005287972,0.004195947,0.0016662364,0.0040151053,0.01492366,0.2634795,0.017952181,0.006211306,0.0026273509,0.0073972205,0.00730226,0.008138592,0.0074310065,0.00795891,0.0076758238,0.009971823,0.0055717817,0.00875265,0.014224399,0.392483,0.023282062,0.012820339,0.0049239285,0.0058805915,0.006559192,0.0072484897,0.0081363795,0.003391672,0.00814371,0.012705863,0.2997832,0.019757254,0.010078515,0.0029354459,0.005325707,0.0066122194,0.0072648716,0.00894529,0.009628245,0.0076999636,0.007055867,0.0070985453,0.0075843944,0.007994296,0.0077629862,0.0072652157,0.00688757,0.007912668,0.010077711,0.0110144075,0.008295175,0.00922856,0.008299087,0.0070999237,0.0062594293,0.0066049127,0.007492567,0.008471378,0.009386057,0.008633381,0.008225363,0.0077805286,0.008090419,0.0071411356,0.006182009,0.0064702816,0.0084461905,0.0074100774,0.0069489065,0.0063207676,0.00836393,0.009269147,0.009658966,0.009675122,0.008195968,0.008611187,0.007510656,0.0070680073,0.0065726787,0.007436203,0.0076185456,0.0049969996,0.009990015,0.017031837,0.3696365,0.020069158,0.008247627,0.0033266195,0.0038584433,0.0036235477,0.004543646,0.0049835723,0.006725426,0.0057468587,0.004807804,0.0049140602,0.0045580757,0.0038893542,0.004390873,0.006282378,0.007959227,0.007171278,0.007676663,0.008366702,0.008635132,0.007866786,0.007519277,0.007604379,0.0073931147,0.007191646,0.007095226,0.0070561874,0.0070471354,0.0070471256,0.007047119,0.007047109,0.0070470953,0.0070470823,0.007047066,0.0070470492,0.0070470357,0.0070470227,0.007047009,0.007046995,0.0070469826,0.007046972,0.007046962,0.0070469524,0.007046942,0.0070469384,0.0070469356,0.0070469324,0.007046926,0.007046919,0.007046919,0.007046919,0.0070469156,0.0070469156,0.0070469156,0.0070469156,0.0070469156,0.0070469156,0.007046912,0.007046912,0.007046912,0.007046912,0.007046912,0.007046912,0.007046912,0.007046912,0.007046912,0.007046912,0.007046912,0.007046912,0.007046912,0.007046912,0.007046912,0.007046912,0.007046912,0.007046912,0.007046912,0.007046912,0.007046912,0.007046912,0.007046912,0.007046912,0.007046912,0.007046912,0.007046912,0.007046912,0.007046912,0.007046912,0.007046912,0.007046912,0.007046912,0.007046912,0.007046912,0.007046912,0.007046912,0.007046912,0.007046912,0.007046912,0.007046912,0.007046912,0.007046912,0.007046912,0.007046912,0.007046912,0.007046912,0.007046912,0.007046912,0.007046912,0.007046912,0.007046912,0.0074080504,0.0054842453,0.0047995993,0.013535083
0.0118036615,0.0033446199,0.0052255862,0.007820846,0.0072129527,0.0057451613,0.004572722,0.0049663344,0.0051116166,0.0060031833,0.0067211646,0.008285382,0.00805112,0.007364124,0.00670595,0.0068394006,0.006347051,0.008038988,0.0078104255,0.008355458,0.007761495,0.010346646,0.009252855,0.0066484967,0.0064079002,0.004853434,0.017395899,0.01405306,0.3693399,0.014857938,0.019593794,0.019512575,0.2553116,0.017968195,0.0073418184,0.0042505465,0.011466009,0.0105945235,0.01270007,0.008814178,0.008815329,0.008875226,0.010319543,0.006240047,0.0058064344,0.00543105,0.006701051,0.0069883917,0.00772518,0.010175726,0.008351923,0.0080091525,0.010661958,0.017404484,0.009118293,0.0041512456,0.0035457904,0.006574899,0.004996364,0.0045275697,0.0036157158,0.0047889836,0.0076796855,0.019158939,0.007812706,0.004504063,0.003858141,0.0069792713,0.0073437337,0.008144857,0.0077686696,0.008725639,0.008409609,0.009269116,0.00628501,0.006572769,0.00999923,0.021676214,0.01264527,0.00875986,0.0054861726,0.006486198,0.0063527646,0.0055747046,0.0056713168,0.0041747103,0.0062203873,0.006315068,0.01683285,0.0074988957,0.0048722005,0.0033133184,0.0059619644,0.0070328326,0.008711385,0.0096998885,0.008435076,0.0076336553,0.007299975,0.007008672,0.007006688,0.0071381913,0.006987469,0.00710773,0.007733639,0.010217071,0.011295016,0.008449705,0.008703375,0.008076434,0.00840891,0.0070210947,0.006311352,0.006580311,0.0070122504,0.007440146,0.00793382,0.0073679383,0.0070959544,0.0071527213,0.0075568017,0.0053069517,0.0040765135,0.0037949872,0.010181406,0.009099068,0.0075330753,0.005942289,0.0099102305,0.0100467475,0.0104028,0.01017994,0.008402765,0.008883026,0.007223501,0.0075585432,0.0073293117,0.007632257,0.0072727823,0.005232623,0.007311875,0.008189618,0.02332248,0.00916604,0.0065097446,0.002935542,0.0036421346,0.0036650596,0.005597142,0.0059203925,0.0055120704,0.005144109,0.0035330732,0.004152251,0.0033256505,0.00358027,0.0034991945,0.004548501,0.0061251493,0.0061916728,0.0069201514,0.008065054,0.008213903,0.0076261414,0.007236829,0.0071566836,0.007124083,0.007069761,0.0070611034,0.0070470623,0.007047056,0.007047052,0.007047052,0.0070470395,0.0070470325,0.0070470227,0.007047012,0.007047002,0.0070469924,0.0070469826,0.0070469757,0.007046962,0.007046959,0.0070469524,0.007046942,0.0070469384,0.0070469356,0.0070469324,0.0070469286,0.007046919,0.007046919,0.007046919,0.007046919,0.007046919,0.007046919,0.007046919,0.007046912,0.007046912,0.007046912,0.007046912,0.007046912,0.007046912,0.007046912,0.007046912,0.007046912,0.007046912,0.007046912,0.007046912,0.007046912,0.007046912,0.007046912,0.007046912,0.007046912,0.007046912,0.007046912,0.007046912,0.007046912,0.007046912,0.007046912,0.007046912,0.007046912,0.007046912,0.007046912,0.007046912,0.007046912,0.007046912,0.007046912,0.007046912,0.007046912,0.007046912,0.007046912,0.007046912,0.007046912,0.007046912,0.007046912,0.007046912,0.007046912,0.007046912,0.007046912,0.007046912,0.007046912,0.007046912,0.007046912,0.007046912,0.007046912,0.007046912,0.007046912,0.007046912,0.007046912,0.007046912,0.007046912,0.007046912,0.0074080504,0.0054842453,0.0047995974,0.013535083
0.011661977,0.0032752578,0.004949538,0.0075867167,0.007059011,0.0070540328,0.0058162278,0.0056819427,0.005018473,0.0041494323,0.0041787145,0.005963731,0.0071499883,0.008503344,0.008539731,0.0077932915,0.007980517,0.009429922,0.008546867,0.007755471,0.0076930877,0.009183934,0.008416487,0.0068112435,0.007597283,0.0068885516,0.009650609,0.009758606,0.009035189,0.013990616,0.020132603,0.45389235,0.53629136,0.039151117,0.012421562,0.002899778,0.003668887,0.0054726787,0.009322023,0.008643533,0.007817094,0.0061383187,0.005612343,0.0074204905,0.007989677,0.007814805,0.0064546433,0.006590705,0.00629688,0.0067534926,0.00505643,0.00911105,0.013462328,0.19233342,0.012345771,0.0044140574,0.0038171585,0.0084897615,0.006005975,0.005864582,0.005332633,0.006963881,0.0067239674,0.00796184,0.0062301815,0.005825403,0.0059498195,0.0068094926,0.007157955,0.007363064,0.0072415997,0.008022396,0.0075962623,0.0073823733,0.0053119734,0.005391311,0.0056234053,0.010606191,0.008773372,0.0065814117,0.0054745707,0.0076623783,0.007990179,0.0075201206,0.0069585945,0.0062173577,0.0073301406,0.00850627,0.006459336,0.006015798,0.0044655236,0.005476194,0.0054507116,0.0060716085,0.0076683746,0.008308719,0.00829696,0.0075109717,0.00718078,0.0066117276,0.0065085846,0.0065382486,0.0067316405,0.0072279447,0.008394691,0.009955458,0.008963825,0.0075620883,0.008580637,0.0076721595,0.008775652,0.0070690108,0.0067518232,0.006718094,0.0070616687,0.0070969663,0.007490936,0.006605016,0.0063243983,0.00638456,0.007097652,0.0038058045,0.0023232442,0.003001632,0.011388171,0.008906773,0.0063690604,0.0038649568,0.008588668,0.009731738,0.009465658,0.010093197,0.009295041,0.009590347,0.008421698,0.008131336,0.0074590435,0.007911621,0.0077483626,0.006668259,0.006377068,0.0048422352,0.008400381,0.005316768,0.0073529165,0.0039999,0.005554435,0.0064530564,0.009846076,0.010576195,0.006364735,0.005796151,0.005030571,0.0047391322,0.003988916,0.0043763113,0.004398947,0.005981396,0.0063373,0.0069957217,0.007436608,0.007511711,0.0073511135,0.0071589947,0.0071132504,0.007143827,0.0071351775,0.007093745,0.0070560607,0.007047009,0.007047009,0.007047002,0.007046999,0.0070469924,0.0070469887,0.0070469826,0.007046979,0.0070469687,0.007046962,0.007046959,0.0070469524,0.0070469454,0.007046942,0.0070469356,0.0070469356,0.0070469324,0.0070469286,0.007046919,0.007046919,0.007046919,0.007046919,0.007046919,0.007046919,0.007046919,0.007046919,0.007046919,0.007046912,0.007046912,0.007046912,0.007046912,0.007046912,0.007046912,0.007046912,0.007046912,0.007046912,0.007046912,0.007046912,0.007046912,0.007046912,0.007046912,0.007046912,0.007046912,0.007046912,0.007046912,0.007046912,0.007046912,0.007046912,0.007046912,0.007046912,0.007046912,0.007046912,0.007046912,0.007046912,0.007046912,0.007046912,0.007046912,0.007046912,0.007046912,0.007046912,0.007046912,0.007046912,0.007046912,0.007046912,0.007046912,0.007046912,0.007046912,0.007046912,0.007046912,0.007046912,0.007046912,0.007046912,0.007046912,0.007046912,0.007046912,0.007046912,0.007046912,0.007046912,0.007046912,0.007046912,0.007046912,0.007046912,0.007046912,0.0074080504,0.0054842453,0.0047995993,0.013535083
0.011379179,0.003185854,0.0047936016,0.007351444,0.007026159,0.007650137,0.007676089,0.0084149465,0.0059115705,0.0049923477,0.0043362034,0.0054057464,0.0069778035,0.008038346,0.007291276,0.006902792,0.0074842526,0.0074748234,0.0074337367,0.0074436897,0.007996649,0.008321147,0.0077734566,0.005914208,0.0057355226,0.0047646784,0.0073968596,0.007100502,0.0085673295,0.005895396,0.004970447,0.006733952,0.014203738,0.021338126,0.29840723,0.012371963,0.0073333615,0.004710697,0.0068693776,0.0071938424,0.006960614,0.0068308483,0.00766602,0.008351895,0.007871317,0.0068077347,0.0053000012,0.0048823464,0.0050447416,0.0051432303,0.0047494215,0.0057097175,0.008317985,0.014666127,0.008233976,0.004633475,0.00470527,0.010079643,0.0069686314,0.005395527,0.0054495228,0.006759912,0.006790077,0.0049793865,0.0046923086,0.0056677363,0.0061790855,0.006309059,0.0067666415,0.006669067,0.007374051,0.007913522,0.007605182,0.00722866,0.0063979863,0.0051011974,0.004577363,0.008601438,0.007933501,0.0069159158,0.005232459,0.006045748,0.008995161,0.008155407,0.0077531156,0.011244285,0.008482283,0.0070679435,0.004391219,0.0049396465,0.0040911306,0.005620876,0.0050929445,0.0053559775,0.0078297015,0.009114502,0.008008088,0.0074733617,0.0070307283,0.0069208853,0.0066559142,0.006337513,0.006847182,0.007824009,0.010167302,0.011480853,0.009030276,0.008157541,0.0071334783,0.0070796222,0.007724982,0.0068993443,0.0069668526,0.0071840915,0.007260358,0.0073777614,0.007946665,0.007170626,0.006844575,0.00721591,0.007751519,0.0037612626,0.003072472,0.0052549792,0.030247098,0.010608723,0.0038323267,0.0026389216,0.007816876,0.008660493,0.009252216,0.009174684,0.008901538,0.009316039,0.008101409,0.0075923917,0.007250171,0.007745133,0.008328505,0.008490412,0.0065793726,0.004226756,0.004671422,0.004073605,0.0066573797,0.0057277884,0.01033533,0.009105575,0.009434895,0.0074223597,0.0060885325,0.006011543,0.006293721,0.0063949283,0.0054643853,0.0059817107,0.0056967735,0.0067006573,0.007019423,0.007128766,0.007016485,0.0070317644,0.0070768977,0.007077638,0.0070480504,0.007046966,0.0070469687,0.0070469687,0.0070469687,0.0070469687,0.0070469687,0.0070469687,0.007046962,0.007046962,0.007046962,0.007046959,0.0070469524,0.007046949,0.007046949,0.007046942,0.0070469356,0.0070469356,0.0070469356,0.0070469324,0.007046926,0.007046926,0.007046919,0.007046919,0.007046919,0.007046919,0.0070469156,0.0070469156,0.0070469156,0.0070469156,0.0070469156,0.0070469156,0.007046912,0.007046912,0.007046912,0.007046912,0.007046912,0.007046912,0.007046912,0.007046912,0.007046912,0.007046912,0.007046912,0.007046912,0.007046912,0.007046912,0.007046912,0.007046912,0.007046912,0.007046912,0.007046912,0.007046912,0.007046912,0.007046912,0.007046912,0.007046912,0.007046912,0.007046912,0.007046912,0.007046912,0.007046912,0.007046912,0.007046912,0.007046912,0.007046912,0.007046912,0.007046912,0.007046912,0.007046912,0.007046912,0.007046912,0.007046912,0.007046912,0.007046912,0.007046912,0.007046912,0.007046912,0.007046912,0.007046912,0.007046912,0.007046912,0.007046912,0.007046912,0.007046912,0.007046912,0.007046912,0.007046912,0.007046912,0.0074080504,0.0054842453,0.0047995974,0.013535083
0.011188561,0.0031835262,0.004823707,0.0072174477,0.0071097827,0.0070947316,0.00891068,0.006107731,0.005961761,0.004988377,0.0049708276,0.004860583,0.0077383607,0.0055032424,0.005840905,0.005414221,0.0073200543,0.0073034903,0.007754139,0.0074914005,0.0076440033,0.0074391565,0.007807078,0.0065912427,0.006542308,0.0068240934,0.010922323,0.0072219935,0.0053873262,0.004413437,0.0033667868,0.0048941504,0.0034535234,0.0043826886,0.010629916,0.0076868436,0.00368213,0.0041102283,0.0059924317,0.006778612,0.00725482,0.0074373926,0.009817147,0.0085916445,0.009057258,0.0059123803,0.0043973583,0.0039709588,0.004288377,0.004851481,0.004993122,0.0061437786,0.008616143,0.010533941,0.0056132427,0.003181948,0.0041787997,0.0077382796,0.005190848,0.0049043,0.0054661785,0.0074878773,0.008000738,0.006499658,0.0059579187,0.0065291184,0.0071644136,0.0067646615,0.006402783,0.0065834136,0.006992864,0.006769129,0.00624781,0.0056447927,0.0061995615,0.004086944,0.0056438725,0.00952837,0.017554138,0.0077480576,0.004002659,0.0032579633,0.0057662195,0.0062397774,0.0067630503,0.0074990136,0.006825387,0.0058252816,0.0057717357,0.004623286,0.0053062923,0.0048370613,0.0049668923,0.0054516373,0.006158418,0.0075092344,0.008095966,0.0071251215,0.006217479,0.0062349066,0.0056867967,0.0059386003,0.006588729,0.007565364,0.009523857,0.00877331,0.0077831834,0.0068644835,0.006537388,0.0070069833,0.0065276492,0.005938434,0.005792215,0.0064493823,0.0063038683,0.00725291,0.0076379473,0.0070291273,0.006825985,0.0070569855,0.0080995355,0.0036998931,0.005351905,0.010194007,0.32541487,0.0146066975,0.004715891,0.002436816,0.009560437,0.009269375,0.009078527,0.008658451,0.009045142,0.008240406,0.0077024223,0.0073273242,0.007045961,0.007890219,0.008698057,0.0094821965,0.007024031,0.0050370214,0.004368463,0.0054475255,0.007215432,0.008044695,0.00897977,0.009162165,0.008646912,0.007863992,0.008713139,0.008724955,0.011356825,0.009391898,0.0077883326,0.007303598,0.0075111785,0.007809051,0.007396044,0.0071486384,0.0070163123,0.007017432,0.0070373192,0.0070436765,0.0070469454,0.0070469454,0.0070469454,0.0070469454,0.007046949,0.007046949,0.0070469454,0.0070469454,0.007046942,0.007046942,0.007046942,0.007046942,0.0070469384,0.0070469356,0.0070469356,0.0070469356,0.0070469286,0.0070469286,0.007046922,0.007046919,0.007046919,0.007046919,0.007046919,0.007046919,0.007046919,0.007046919,0.0070469156,0.0070469156,0.0070469156,0.0070469156,0.0070469156,0.0070469156,0.007046912,0.007046912,0.007046912,0.007046912,0.007046912,0.007046912,0.007046912,0.007046912,0.007046912,0.007046912,0.007046912,0.007046912,0.007046912,0.007046912,0.007046912,0.007046912,0.007046912,0.007046912,0.007046912,0.007046912,0.007046912,0.007046912,0.007046912,0.007046912,0.007046912,0.007046912,0.007046912,0.007046912,0.007046912,0.007046912,0.007046912,0.007046912,0.007046912,0.007046912,0.007046912,0.007046912,0.007046912,0.007046912,0.007046912,0.007046912,0.007046912,0.007046912,0.007046912,0.007046912,0.007046912,0.007046912,0.007046912,0.007046912,0.007046912,0.007046912,0.007046912,0.007046912,0.007046912,0.007046912,0.007046912,0.007046912,0.0074080504,0.0054842453,0.0047995993,0.013535083
0.010266446,0.003037594,0.004624691,0.007118887,0.006660667,0.0065218164,0.008831175,0.006746836,0.0078681335,0.0067136884,0.007370042,0.0056547504,0.006846177,0.0043459213,0.0044670375,0.0038838822,0.0054404153,0.00588275,0.0067367493,0.0068060774,0.0068860077,0.0072470075,0.006988296,0.0063386993,0.0052848593,0.005333609,0.007001468,0.006252072,0.0066585597,0.0046092286,0.003166107,0.0017860943,0.0014102847,0.0024061678,0.006324326,0.007422469,0.004362341,0.0044338536,0.0050039105,0.0060288403,0.0070637087,0.006941199,0.008176007,0.0076622153,0.007697774,0.0058296025,0.005193799,0.006023964,0.0063476344,0.007363357,0.007034851,0.005864315,0.005997458,0.0061160442,0.0049726246,0.0048299967,0.004573328,0.0040760045,0.0037648538,0.0036406317,0.00501674,0.006961073,0.007633593,0.007005597,0.005843132,0.006680037,0.0072326814,0.0069241934,0.006158491,0.006312492,0.0070535955,0.0070848567,0.0063333134,0.0062245945,0.007476482,0.0032357909,0.008331849,0.0152453855,0.44033504,0.02647616,0.0069754515,0.002975925,0.003306864,0.0059465067,0.0056292377,0.0071886913,0.0054284493,0.004606051,0.0051285806,0.004850756,0.005111345,0.004759153,0.004934111,0.005528727,0.005459345,0.0057541328,0.00606002,0.007441498,0.007126076,0.005687932,0.0056975107,0.005510413,0.006526691,0.0072382,0.010660047,0.009695058,0.00822201,0.0066463114,0.005587834,0.0059246486,0.00506098,0.004627071,0.0047331178,0.0060938783,0.006185232,0.0068393,0.0075975205,0.007159087,0.006938908,0.0063939802,0.007666618,0.00407523,0.0064434,0.011301572,0.33892018,0.014237068,0.0075029572,0.0030471787,0.011805909,0.009849773,0.0088954745,0.0074149864,0.0070903194,0.006757473,0.0075251115,0.008055394,0.008437584,0.008525607,0.009500388,0.009581546,0.006874682,0.006087805,0.0066337776,0.013529908,0.010801174,0.009880429,0.0076592825,0.0066949534,0.0068646525,0.007094967,0.007930536,0.00863605,0.008836423,0.008381562,0.007013532,0.0069990116,0.0071831807,0.0071920105,0.007145089,0.007098344,0.007082371,0.00705051,0.0070469324,0.0070469324,0.0070469356,0.0070469356,0.0070469356,0.0070469356,0.0070469356,0.0070469356,0.0070469356,0.0070469356,0.0070469356,0.0070469356,0.0070469286,0.0070469286,0.0070469286,0.0070469286,0.007046926,0.007046926,0.007046922,0.007046922,0.007046919,0.007046919,0.007046919,0.007046919,0.007046919,0.007046919,0.0070469156,0.0070469156,0.0070469156,0.0070469156,0.007046912,0.007046912,0.007046912,0.007046912,0.007046912,0.007046912,0.007046912,0.007046912,0.007046912,0.007046912,0.007046912,0.007046912,0.007046912,0.007046912,0.007046912,0.007046912,0.007046912,0.007046912,0.007046912,0.007046912,0.007046912,0.007046912,0.007046912,0.007046912,0.007046912,0.007046912,0.007046912,0.007046912,0.007046912,0.007046912,0.007046912,0.007046912,0.007046912,0.007046912,0.007046912,0.007046912,0.007046912,0.007046912,0.007046912,0.007046912,0.007046912,0.007046912,0.007046912,0.007046912,0.007046912,0.007046912,0.007046912,0.007046912,0.007046912,0.007046912,0.007046912,0.007046912,0.007046912,0.007046912,0.007046912,0.007046912,0.007046912,0.007046912,0.007046912,0.007046912,0.0074080504,0.0054842453,0.0047995974,0.013535083
0.011849055,0.0034368234,0.0053553986,0.0076435404,0.0065829144,0.006250938,0.007667598,0.0076785837,0.008865605,0.008614672,0.008447273,0.0060364166,0.005675527,0.0075207427,0.0066332277,0.00516529,0.0046353773,0.0057616364,0.007233736,0.007112247,0.0067332913,0.0068953107,0.007431401,0.0059112846,0.0054858862,0.0057111527,0.0064975033,0.0059303725,0.0062920395,0.005366186,0.005481629,0.0053402414,0.004410566,0.0041344315,0.004723018,0.0061827647,0.0059447032,0.0047278353,0.0047443733,0.0050016935,0.0059295404,0.0062679625,0.00721144,0.006768033,0.0073062596,0.007056418,0.007038889,0.00696098,0.0067923316,0.006385201,0.0057729315,0.006501922,0.0067929425,0.006452546,0.0047650854,0.0036554188,0.0034208146,0.003844994,0.0046508457,0.004961784,0.006476627,0.0067394427,0.007942904,0.0070494385,0.0069445358,0.007418553,0.0074296175,0.007182851,0.0064792205,0.006307962,0.0064650024,0.0068098335,0.0069128578,0.0071457075,0.008363736,0.003304839,0.008961347,0.013950101,0.26608628,0.016587654,0.00506134,0.0018805608,0.0027320255,0.0053609414,0.0039947648,0.0062475502,0.006078113,0.0051763575,0.0049635777,0.006339973,0.004981922,0.006249172,0.007845285,0.0066444483,0.0064308257,0.0066446024,0.00630928,0.0056101563,0.0051319143,0.004871845,0.006782222,0.0058541135,0.007385673,0.0069736456,0.010829252,0.009319236,0.0073918556,0.00706412,0.005293053,0.0070320903,0.005350263,0.0042558396,0.0056197224,0.006035261,0.005580698,0.006310411,0.0076100854,0.0068810107,0.0062798867,0.0054425756,0.006552205,0.0049933805,0.0051654074,0.0049097463,0.013771828,0.00507267,0.0053240303,0.004120398,0.011098402,0.009104516,0.008531777,0.006964346,0.0069908905,0.006576126,0.007515555,0.008780805,0.009509439,0.008818175,0.009012674,0.008574083,0.006971902,0.007562178,0.011059871,0.014122978,0.011323509,0.007712276,0.0076188627,0.0070447745,0.008488634,0.0084416345,0.008919005,0.0073777833,0.008404811,0.007188079,0.0071297414,0.0069006192,0.0070689614,0.007100757,0.007115342,0.007085027,0.007055977,0.007046922,0.007046922,0.007046922,0.007046926,0.007046926,0.007046922,0.007046922,0.007046926,0.007046926,0.007046922,0.007046922,0.007046922,0.007046922,0.007046919,0.007046919,0.007046919,0.007046919,0.007046919,0.007046919,0.007046919,0.007046919,0.007046919,0.007046919,0.007046919,0.007046919,0.007046919,0.007046919,0.0070469156,0.0070469156,0.0070469156,0.0070469156,0.007046912,0.007046912,0.007046912,0.007046912,0.007046912,0.007046912,0.007046912,0.007046912,0.007046912,0.007046912,0.007046912,0.007046912,0.007046912,0.007046912,0.007046912,0.007046912,0.007046912,0.007046912,0.007046912,0.007046912,0.007046912,0.007046912,0.007046912,0.007046912,0.007046912,0.007046912,0.007046912,0.007046912,0.007046912,0.007046912,0.007046912,0.007046912,0.007046912,0.007046912,0.007046912,0.007046912,0.007046912,0.007046912,0.007046912,0.007046912,0.007046912,0.007046912,0.007046912,0.007046912,0.007046912,0.007046912,0.007046912,0.007046912,0.007046912,0.007046912,0.007046912,0.007046912,0.007046912,0.007046912,0.007046912,0.007046912,0.007046912,0.007046912,0.007046912,0.007046912,0.0074080504,0.0054842453,0.0047995993,0.013535083
0.012116573,0.0030649435,0.0058528595,0.008158324,0.006675919,0.0065922947,0.006756631,0.0065786997,0.008080686,0.007992356,0.0075307717,0.0055475384,0.005420091,0.00744654,0.012338087,0.0054867994,0.005682339,0.0055694655,0.007009784,0.006471284,0.0060600457,0.0066907844,0.0073393765,0.0052668867,0.0040324414,0.003500929,0.005763579,0.0042179786,0.0052473596,0.0056750183,0.005876284,0.0061597717,0.005303786,0.005768634,0.0053052176,0.0054306043,0.007692043,0.005249466,0.0070781414,0.0051047704,0.0050676954,0.0047373017,0.0059255618,0.006362467,0.008268872,0.009100203,0.00921125,0.008678944,0.008079976,0.0076742833,0.007353574,0.007100969,0.007475201,0.007281394,0.0062007806,0.0049678045,0.0046208906,0.00435818,0.005143362,0.005959108,0.0060603186,0.0069204466,0.006908031,0.006716255,0.006925102,0.007391939,0.007398173,0.007535121,0.007386242,0.007298154,0.0065185265,0.006529245,0.006743236,0.007076962,0.0072288,0.0032831903,0.008252617,0.012029381,0.46818915,0.02090233,0.0048508393,0.0025104962,0.0026590445,0.004338918,0.0034802756,0.0041598096,0.0052340403,0.0068788407,0.005637897,0.0074130697,0.0059477305,0.0058024745,0.0078656105,0.0075164125,0.007898712,0.0072877146,0.006152082,0.006404182,0.0058953734,0.004471994,0.0043715104,0.005545516,0.00639885,0.007881511,0.010508499,0.011405992,0.0104357805,0.0076640137,0.006588105,0.0062739383,0.004609115,0.0044570738,0.008344257,0.008079777,0.005500743,0.006493186,0.0068638395,0.0069599454,0.0052389805,0.0049234075,0.0059520565,0.005455163,0.006019769,0.002845302,0.004473673,0.0029470394,0.004395407,0.0044805696,0.0078096753,0.0063277134,0.0073676906,0.0073817195,0.008465792,0.008679751,0.0090873,0.008954608,0.009303221,0.008580901,0.008023352,0.0069592563,0.006697928,0.008218014,0.010810736,0.0109496275,0.009954255,0.0079774745,0.009440814,0.009575087,0.010148061,0.00910857,0.009548354,0.007454061,0.0069361217,0.0069808876,0.0070336116,0.0069713476,0.007033675,0.007046919,0.007046919,0.007046919,0.007046919,0.007046919,0.007046919,0.007046919,0.007046919,0.007046919,0.007046919,0.007046919,0.007046919,0.007046919,0.007046919,0.007046919,0.007046919,0.007046919,0.007046919,0.007046919,0.007046919,0.007046919,0.0070469156,0.0070469156,0.0070469156,0.0070469156,0.0070469156,0.0070469156,0.007046912,0.007046912,0.0070469156,0.0070469156,0.007046912,0.007046912,0.007046912,0.007046912,0.007046912,0.007046912,0.007046912,0.007046912,0.007046912,0.007046912,0.007046912,0.007046912,0.007046912,0.007046912,0.007046912,0.007046912,0.007046912,0.007046912,0.007046912,0.007046912,0.007046912,0.007046912,0.007046912,0.007046912,0.007046912,0.007046912,0.007046912,0.007046912,0.007046912,0.007046912,0.007046912,0.007046912,0.007046912,0.007046912,0.007046912,0.007046912,0.007046912,0.007046912,0.007046912,0.007046912,0.007046912,0.007046912,0.007046912,0.007046912,0.007046912,0.007046912,0.007046912,0.007046912,0.007046912,0.007046912,0.007046912,0.007046912,0.007046912,0.007046912,0.007046912,0.007046912,0.007046912,0.007046912,0.007046912,0.007046912,0.007046912,0.007046912,0.007046912,0.007046912,0.0074080504,0.0054842453,0.0047995974,0.013535083
0.012096754,0.0039582658,0.0048909956,0.008209895,0.007331865,0.007683393,0.0059536197,0.006596749,0.005953972,0.0063894256,0.004842674,0.0040979474,0.0054242085,0.005197804,0.0053125857,0.0035846992,0.003554574,0.0050963983,0.006216627,0.006398241,0.006472872,0.0066180066,0.00710671,0.005848186,0.0051220013,0.0046164254,0.0052550733,0.0046618623,0.0052507385,0.005157795,0.0057456903,0.0073068477,0.0060526202,0.005717587,0.0047222897,0.0051440285,0.006378171,0.0060943784,0.0077506327,0.005885207,0.005138478,0.0049234475,0.00660931,0.0073443837,0.009116057,0.009760698,0.009311883,0.008545628,0.008523681,0.00862596,0.008325875,0.008316801,0.008470148,0.008106499,0.007450474,0.006003641,0.0066331024,0.0070189876,0.0073519,0.006628071,0.006523856,0.006533527,0.0070057595,0.0067864596,0.0068390733,0.007467016,0.0074574063,0.0077959835,0.007904374,0.007869856,0.0070215864,0.0062409453,0.0061144996,0.006006496,0.0071898215,0.004952787,0.00633918,0.0058805165,0.012437664,0.0067234193,0.0026186,0.0033705076,0.0041136276,0.0054844744,0.004058187,0.0050654365,0.007633016,0.0059545594,0.005081857,0.0067940336,0.008483138,0.007924052,0.006274188,0.00987364,0.010167028,0.00906987,0.006770671,0.006307307,0.0052893884,0.004779294,0.0046044313,0.0047972086,0.006063853,0.006611803,0.0081970105,0.007273422,0.008788309,0.006876994,0.010537928,0.008139936,0.005310656,0.0068680206,0.008068107,0.006127446,0.005406567,0.0062280884,0.0070098075,0.0065305782,0.0048351837,0.006541945,0.0069195223,0.0058225235,0.0049974453,0.0013717068,0.0012347125,0.0010160949,0.002303793,0.0034676394,0.0061727115,0.0052698855,0.0074445587,0.008247085,0.012515232,0.010926449,0.008848472,0.0080637075,0.0083977645,0.007926928,0.0063969432,0.00574878,0.005805135,0.007012074,0.009624248,0.008957207,0.009035099,0.009513643,0.011664143,0.010596523,0.009300575,0.0074606254,0.0074701407,0.007197191,0.0075387955,0.0073432117,0.0071572596,0.00704432,0.007046919,0.007046919,0.007046919,0.007046919,0.007046919,0.007046919,0.007046919,0.007046919,0.007046919,0.007046919,0.0070469156,0.0070469156,0.007046919,0.007046919,0.0070469156,0.0070469156,0.007046919,0.007046919,0.007046919,0.007046919,0.0070469156,0.0070469156,0.0070469156,0.0070469156,0.0070469156,0.0070469156,0.0070469156,0.0070469156,0.007046912,0.007046912,0.0070469156,0.0070469156,0.007046912,0.007046912,0.007046912,0.007046912,0.007046912,0.007046912,0.007046912,0.007046912,0.007046912,0.007046912,0.007046912,0.007046912,0.007046912,0.007046912,0.007046912,0.007046912,0.007046912,0.007046912,0.007046912,0.007046912,0.007046912,0.007046912,0.007046912,0.007046912,0.007046912,0.007046912,0.007046912,0.007046912,0.007046912,0.007046912,0.007046912,0.007046912,0.007046912,0.007046912,0.007046912,0.007046912,0.007046912,0.007046912,0.007046912,0.007046912,0.007046912,0.007046912,0.007046912,0.007046912,0.007046912,0.007046912,0.007046912,0.007046912,0.007046912,0.007046912,0.007046912,0.007046912,0.007046912,0.007046912,0.007046912,0.007046912,0.007046912,0.007046912,0.007046912,0.007046912,0.007046912,0.007046912,0.007046912,0.007046912,0.0074080504,0.0054842453,0.0047995993,0.013535083
0.0109795565,0.0028995448,0.004579378,0.008182293,0.006892901,0.008101164,0.0061173635,0.0066701253,0.0050640595,0.006557664,0.0038950597,0.0034042557,0.005746971,0.004208316,0.0032587254,0.0037671798,0.0038599756,0.005863651,0.0058721127,0.006028534,0.006235805,0.00697596,0.007031687,0.005823702,0.005172102,0.004807402,0.0052348995,0.00602097,0.005772488,0.0058751116,0.005971878,0.00784297,0.0068425136,0.007387123,0.0056499075,0.0052248077,0.006418468,0.005696398,0.006642069,0.005049598,0.00486032,0.004143012,0.0057692025,0.0068531735,0.008525607,0.008779769,0.008185684,0.007830705,0.008548189,0.008440868,0.008246887,0.0070841727,0.0065410067,0.0060458714,0.006945114,0.006314212,0.007218623,0.007203026,0.008457543,0.007022707,0.0071928855,0.0072107473,0.008044329,0.0071805897,0.006463535,0.0069315284,0.007838485,0.007825383,0.0076646125,0.008705152,0.0075971824,0.0066187275,0.0063232593,0.0066039525,0.007875101,0.005582757,0.0052007586,0.0031557803,0.004457711,0.0023471743,0.001338748,0.0013728961,0.0011646581,0.0018478218,0.0028085741,0.0035116554,0.0045492025,0.0032779207,0.0031450568,0.004997239,0.005545124,0.008133932,0.006332509,0.007132567,0.009946857,0.008632022,0.00817687,0.0075796945,0.008646389,0.0049143312,0.004293656,0.0058887647,0.0066188686,0.0069361413,0.0076468764,0.0070648757,0.0067633865,0.007480386,0.008880106,0.008768489,0.008250057,0.008074413,0.0075755273,0.0070431563,0.00839208,0.0072937477,0.0065977555,0.0049791695,0.0044749817,0.0068835267,0.007991045,0.0057750666,0.00280225,0.0019313663,0.0029024843,0.0035253074,0.0045274883,0.0038303176,0.0044497126,0.004843851,0.0070517226,0.005104519,0.008992085,0.010053688,0.0073451973,0.0072712298,0.0068804114,0.0064849257,0.0061901086,0.005857347,0.006203203,0.006633162,0.0094154,0.008086988,0.0083692465,0.009754699,0.013023493,0.010937111,0.0080216,0.006530483,0.0069608544,0.007368019,0.007259412,0.0071188463,0.0070657725,0.0070609595,0.0070469156,0.0070469156,0.007046919,0.007046919,0.0070469156,0.0070469156,0.007046912,0.007046912,0.0070469156,0.0070469156,0.0070469156,0.0070469156,0.0070469156,0.0070469156,0.0070469156,0.0070469156,0.0070469156,0.0070469156,0.0070469156,0.0070469156,0.0070469156,0.0070469156,0.0070469156,0.0070469156,0.007046912,0.007046912,0.007046912,0.007046912,0.007046912,0.007046912,0.007046912,0.007046912,0.007046912,0.007046912,0.007046912,0.007046912,0.007046912,0.007046912,0.007046912,0.007046912,0.007046912,0.007046912,0.007046912,0.007046912,0.007046912,0.007046912,0.007046912,0.007046912,0.007046912,0.007046912,0.007046912,0.007046912,0.007046912,0.007046912,0.007046912,0.007046912,0.007046912,0.007046912,0.007046912,0.007046912,0.007046912,0.007046912,0.007046912,0.007046912,0.007046912,0.007046912,0.007046912,0.007046912,0.007046912,0.007046912,0.007046912,0.007046912,0.007046912,0.007046912,0.007046912,0.007046912,0.007046912,0.007046912,0.007046912,0.007046912,0.007046912,0.007046912,0.007046912,0.007046912,0.007046912,0.007046912,0.007046912,0.007046912,0.007046912,0.007046912,0.007046912,0.007046912,0.007046912,0.007046912,0.007046912,0.007046912,0.0074080504,0.0054842453,0.0047995974,0.013535083
0.010350534,0.0026423451,0.0040076543,0.0076309354,0.0074047386,0.0080566965,0.0072130756,0.007835644,0.006626043,0.0042637093,0.003360973,0.0036902996,0.0060794787,0.0044452045,0.0030117335,0.0041770004,0.0037689875,0.006253432,0.005583901,0.006264788,0.006044734,0.0071442635,0.006753051,0.006821151,0.0061845495,0.005994338,0.0063334126,0.006907933,0.0060939332,0.0061163283,0.005939273,0.0065274606,0.006088327,0.0069219763,0.0059600435,0.0057033706,0.005203986,0.0056460593,0.006739482,0.0060788617,0.005717254,0.0058872667,0.0064379587,0.006906719,0.00847415,0.008272955,0.008037749,0.007562701,0.00817218,0.008646777,0.008710519,0.007481774,0.0062981993,0.0053347806,0.005681989,0.0061466787,0.0069340826,0.007638551,0.008741392,0.008082953,0.007956261,0.007598609,0.008512539,0.008235607,0.0072809737,0.0074972245,0.00801924,0.008137754,0.0074598594,0.008037639,0.007489862,0.006913797,0.006992784,0.007922347,0.009533826,0.006508804,0.0061053517,0.0039844043,0.0026382192,0.0023460146,0.0034394423,0.003919719,0.0036491514,0.0029603802,0.007789015,0.007023442,0.01369351,0.008124977,0.007553133,0.0056342334,0.0047308337,0.008119523,0.0058728666,0.005781948,0.008371245,0.010373697,0.009339852,0.007887569,0.009123241,0.007376331,0.0071237586,0.0072576017,0.0063301213,0.0067863795,0.0065958397,0.006665149,0.006087309,0.0056088157,0.0059568547,0.0088649215,0.009413266,0.0071562063,0.009083161,0.009552489,0.008571993,0.007951873,0.0051702224,0.0047656503,0.0046403,0.0062128017,0.0066638035,0.0043003536,0.0034135655,0.0040060463,0.015526256,0.010993935,0.005932073,0.0027724972,0.004648058,0.0060901856,0.01174262,0.0042366134,0.0042720726,0.0045185545,0.0040124725,0.005440449,0.007369037,0.008274971,0.008731453,0.006929953,0.0061998256,0.0063493312,0.008712286,0.007867456,0.00815058,0.009074393,0.010540677,0.009039074,0.0071752374,0.006981185,0.007308505,0.0073342193,0.007222749,0.0071528796,0.007093647,0.007055967,0.0070469156,0.0070469156,0.0070469156,0.0070469156,0.0070469156,0.0070469156,0.007046912,0.007046912,0.0070469156,0.0070469156,0.0070469156,0.0070469156,0.0070469156,0.0070469156,0.0070469156,0.0070469156,0.0070469156,0.0070469156,0.0070469156,0.0070469156,0.0070469156,0.0070469156,0.0070469156,0.0070469156,0.007046912,0.007046912,0.007046912,0.007046912,0.007046912,0.007046912,0.007046912,0.007046912,0.007046912,0.007046912,0.007046912,0.007046912,0.007046912,0.007046912,0.007046912,0.007046912,0.007046912,0.007046912,0.007046912,0.007046912,0.007046912,0.007046912,0.007046912,0.007046912,0.007046912,0.007046912,0.007046912,0.007046912,0.007046912,0.007046912,0.007046912,0.007046912,0.007046912,0.007046912,0.007046912,0.007046912,0.007046912,0.007046912,0.007046912,0.007046912,0.007046912,0.007046912,0.007046912,0.007046912,0.007046912,0.007046912,0.007046912,0.007046912,0.007046912,0.007046912,0.007046912,0.007046912,0.007046912,0.007046912,0.007046912,0.007046912,0.007046912,0.007046912,0.007046912,0.007046912,0.007046912,0.007046912,0.007046912,0.007046912,0.007046912,0.007046912,0.007046912,0.007046912,0.007046912,0.007046912,0.007046912,0.007046912,0.0074080504,0.0054842453,0.0047995993,0.013535083
0.00927606,0.0024949103,0.004057441,0.0072863796,0.006327477,0.006315214,0.0057177655,0.005529228,0.0064560343,0.0051773963,0.0053414395,0.0067495727,0.0072495253,0.0040059094,0.0025261971,0.0029092806,0.0035605358,0.005375048,0.005386026,0.0064645465,0.0064838077,0.007371608,0.0064840997,0.006160289,0.0059378007,0.0061646053,0.0065565826,0.007136529,0.007431186,0.007982657,0.00751526,0.007768618,0.0071983836,0.0070086056,0.006172103,0.00645854,0.0057577807,0.0059284577,0.006291109,0.0065057613,0.006515798,0.0064202226,0.0068257973,0.0068361787,0.00820807,0.008511202,0.008575365,0.008110411,0.008574068,0.009077567,0.009004233,0.0072232,0.0059422827,0.0047413595,0.0059182546,0.0070433966,0.008746864,0.0087249745,0.0107406685,0.010431713,0.009998413,0.008505197,0.008292191,0.008159725,0.008156044,0.007608134,0.0077291722,0.007962918,0.008349968,0.009226516,0.0089964755,0.008674985,0.008151867,0.0089182425,0.009191705,0.0048566386,0.005174671,0.0061396635,0.009596332,0.009401166,0.009906853,0.009237585,0.009252894,0.0064904583,0.013841111,0.018390104,0.021661537,0.01366898,0.007767263,0.0040217675,0.002761026,0.0061555263,0.0062372796,0.0051017324,0.0058936886,0.010302877,0.012639811,0.00893182,0.0063622138,0.0065184557,0.005742926,0.007399339,0.0076030446,0.007073869,0.007071619,0.008747878,0.008499578,0.006965283,0.0078558335,0.010274152,0.011698879,0.008273186,0.008652714,0.008426585,0.0073645604,0.007881791,0.004807571,0.005587503,0.005214206,0.0065932437,0.0060050073,0.0016317952,0.0032864816,0.013847967,0.37465414,0.41772205,0.013244697,0.0075642895,0.0037812858,0.012529324,0.011110826,0.005685694,0.003619991,0.003652275,0.0038343808,0.0037324117,0.0037586961,0.004761026,0.008019141,0.0063739265,0.005862559,0.008967994,0.010773291,0.0076368926,0.0071459142,0.0073515726,0.008311014,0.008013188,0.007458603,0.007190611,0.0071521685,0.007128803,0.007075531,0.0070609595,0.0070469156,0.0070469156,0.0070469156,0.0070469156,0.0070469156,0.0070469156,0.007046912,0.007046912,0.007046912,0.007046912,0.007046912,0.007046912,0.007046912,0.007046912,0.007046912,0.007046912,0.007046912,0.007046912,0.007046912,0.007046912,0.007046912,0.007046912,0.007046912,0.007046912,0.007046912,0.007046912,0.007046912,0.007046912,0.007046912,0.007046912,0.007046912,0.007046912,0.007046912,0.007046912,0.007046912,0.007046912,0.007046912,0.007046912,0.007046912,0.007046912,0.007046912,0.007046912,0.007046912,0.007046912,0.007046912,0.007046912,0.007046912,0.007046912,0.007046912,0.007046912,0.007046912,0.007046912,0.007046912,0.007046912,0.007046912,0.007046912,0.007046912,0.007046912,0.007046912,0.007046912,0.007046912,0.007046912,0.007046912,0.007046912,0.007046912,0.007046912,0.007046912,0.007046912,0.007046912,0.007046912,0.007046912,0.007046912,0.007046912,0.007046912,0.007046912,0.007046912,0.007046912,0.007046912,0.007046912,0.007046912,0.007046912,0.007046912,0.007046912,0.007046912,0.007046912,0.007046912,0.007046912,0.007046912,0.007046912,0.007046912,0.007046912,0.007046912,0.007046912,0.007046912,0.007046912,0.007046912,0.007046912,0.007046912,0.0074080504,0.0054842453,0.0047995974,0.013535083
0.010162307,0.0027857623,0.0051646186,0.0062364843,0.0051953113,0.005099683,0.0053685466,0.005343834,0.0055380054,0.00475192,0.0065574273,0.006880792,0.0073087537,0.0059715523,0.0037899357,0.0042510773,0.0037161328,0.003958435,0.004210195,0.0056977514,0.007221949,0.008481509,0.006581623,0.0046397313,0.00329284,0.0043322467,0.00507222,0.006768988,0.00688204,0.0072489353,0.006981396,0.00703716,0.0065099043,0.0063140234,0.005909206,0.0070556793,0.0064765657,0.0062598567,0.006104267,0.0072049736,0.008914412,0.008065504,0.007811308,0.0067361565,0.007755162,0.008245833,0.008672628,0.0077796644,0.007419529,0.007298016,0.008093604,0.008233216,0.0066268244,0.0054005724,0.006715813,0.006625751,0.008068004,0.007803537,0.010514377,0.010163665,0.010842626,0.008932166,0.008305278,0.008094366,0.008485464,0.008014102,0.009293864,0.00979996,0.011068141,0.011264145,0.011630275,0.011789509,0.009096175,0.0077526057,0.004727232,0.0012700629,0.0027569707,0.0058138873,0.45528924,0.05797908,0.32395285,0.3364224,0.23919514,0.35227355,0.30244848,0.31029415,0.39266896,0.2690945,0.01939685,0.004805808,0.002521477,0.0047442676,0.005104931,0.0045862123,0.006411644,0.008835687,0.0095289145,0.007990274,0.00805323,0.007698721,0.0073661255,0.006597402,0.008143798,0.008075249,0.0074140066,0.0074695745,0.0080615375,0.008335708,0.00840437,0.011254808,0.009353707,0.007730913,0.008673718,0.008975621,0.008296077,0.006263663,0.005411112,0.006065172,0.006611922,0.007345924,0.0046888003,0.0021785393,0.005370986,0.035892278,0.3302364,0.037179638,0.0065122703,0.0017134553,0.003916998,0.0061306874,0.00638022,0.005671005,0.0047211805,0.003876731,0.002436362,0.0037312503,0.0072312923,0.015264813,0.008174016,0.006389743,0.0051837857,0.010093864,0.008877239,0.008046875,0.007173128,0.007370059,0.0076343915,0.007380871,0.007159381,0.0071426337,0.0071603744,0.0071445345,0.0070936503,0.007055967,0.0070469156,0.0070469156,0.0070469156,0.0070469156,0.0070469156,0.0070469156,0.007046912,0.007046912,0.007046912,0.007046912,0.007046912,0.007046912,0.007046912,0.007046912,0.007046912,0.007046912,0.007046912,0.007046912,0.007046912,0.007046912,0.007046912,0.007046912,0.007046912,0.007046912,0.007046912,0.007046912,0.007046912,0.007046912,0.007046912,0.007046912,0.007046912,0.007046912,0.007046912,0.007046912,0.007046912,0.007046912,0.007046912,0.007046912,0.007046912,0.007046912,0.007046912,0.007046912,0.007046912,0.007046912,0.007046912,0.007046912,0.007046912,0.007046912,0.007046912,0.007046912,0.007046912,0.007046912,0.007046912,0.007046912,0.007046912,0.007046912,0.007046912,0.007046912,0.007046912,0.007046912,0.007046912,0.007046912,0.007046912,0.007046912,0.007046912,0.007046912,0.007046912,0.007046912,0.007046912,0.007046912,0.007046912,0.007046912,0.007046912,0.007046912,0.007046912,0.007046912,0.007046912,0.007046912,0.007046912,0.007046912,0.007046912,0.007046912,0.007046912,0.007046912,0.007046912,0.007046912,0.007046912,0.007046912,0.007046912,0.007046912,0.007046912,0.007046912,0.007046912,0.007046912,0.007046912,0.007046912,0.007046912,0.007046912,0.0074080504,0.0054842453,0.0047995993,0.013535083
0.009885679,0.002701138,0.0050744535,0.0061303275,0.0052255862,0.0051778555,0.0057454533,0.006189332,0.0057023726,0.0045362865,0.0043963,0.0047979984,0.005040079,0.0044626417,0.004571433,0.004273407,0.00432044,0.0042491523,0.0048303497,0.005444044,0.0061766384,0.0066479994,0.0051288893,0.0037531399,0.0031774186,0.006385343,0.006630486,0.0041362145,0.004181356,0.0056279483,0.008011478,0.008556397,0.0078832675,0.0074561676,0.006428069,0.007060903,0.0065822937,0.0061748736,0.0055029085,0.005407418,0.0071609234,0.0077216565,0.0075962553,0.0065624677,0.007108389,0.007782057,0.0076700333,0.005953724,0.005366408,0.0056814738,0.007419486,0.0070396657,0.0072570248,0.00582442,0.0072732745,0.0074567394,0.008393516,0.007331689,0.008157869,0.0096614715,0.010808069,0.009284719,0.008135145,0.0076195295,0.007726357,0.007912803,0.009953301,0.010850086,0.012549143,0.011440963,0.011895205,0.013561658,0.008945248,0.0067988164,0.0056107254,0.0031688907,0.0069353995,0.017391905,0.3335511,0.05019869,0.022191547,0.0065057855,0.011417107,0.012012426,0.2403736,0.33127162,0.3643416,0.312093,0.019562803,0.004776233,0.0023214577,0.004766189,0.0065093464,0.006932142,0.009417397,0.009385077,0.0070030824,0.006375364,0.0074112555,0.006667927,0.012910631,0.008065333,0.0076831235,0.008339177,0.0080470005,0.0072152955,0.006428002,0.0069505293,0.0073908204,0.010925788,0.00910904,0.008466773,0.008211192,0.007940447,0.007944505,0.006328109,0.009017791,0.006548174,0.005218722,0.00490548,0.003629278,0.004508012,0.019442515,0.2895744,0.42913267,0.027601775,0.004429253,0.0022015958,0.005376149,0.0071910024,0.008260547,0.007816469,0.006617596,0.005538964,0.010651189,0.011882416,0.018732069,0.023302361,0.0072886706,0.004504369,0.0051244926,0.009370565,0.00834228,0.0077145286,0.007212608,0.0072381855,0.007188093,0.0071507567,0.0070617655,0.007052894,0.0070469156,0.0070469156,0.0070469156,0.0070469156,0.007046912,0.007046912,0.007046912,0.007046912,0.007046912,0.007046912,0.007046912,0.007046912,0.007046912,0.007046912,0.007046912,0.007046912,0.007046912,0.007046912,0.007046912,0.007046912,0.007046912,0.007046912,0.007046912,0.007046912,0.007046912,0.007046912,0.007046912,0.007046912,0.007046912,0.007046912,0.007046912,0.007046912,0.007046912,0.007046912,0.007046912,0.007046912,0.007046912,0.007046912,0.007046912,0.007046912,0.007046912,0.007046912,0.007046912,0.007046912,0.007046912,0.007046912,0.007046912,0.007046912,0.007046912,0.007046912,0.007046912,0.007046912,0.007046912,0.007046912,0.007046912,0.007046912,0.007046912,0.007046912,0.007046912,0.007046912,0.007046912,0.007046912,0.007046912,0.007046912,0.007046912,0.007046912,0.007046912,0.007046912,0.007046912,0.007046912,0.007046912,0.007046912,0.007046912,0.007046912,0.007046912,0.007046912,0.007046912,0.007046912,0.007046912,0.007046912,0.007046912,0.007046912,0.007046912,0.007046912,0.007046912,0.007046912,0.007046912,0.007046912,0.007046912,0.007046912,0.007046912,0.007046912,0.007046912,0.007046912,0.007046912,0.007046912,0.007046912,0.007046912,0.007046912,0.007046912,0.007046912,0.007046912,0.0074080504,0.0054842453,0.0047995974,0.013535083
0.009752232,0.0026288007,0.0039612465,0.005629451,0.004629628,0.0059062797,0.0060582943,0.0069631888,0.006146324,0.005745393,0.0049231434,0.004998548,0.0048632757,0.004998607,0.006103139,0.0057456954,0.00572134,0.0053867265,0.005576804,0.006040035,0.006039124,0.009023132,0.0106244,0.004454423,0.0022548328,0.0021605121,0.003751149,0.0036136245,0.0046258564,0.00637579,0.0072942483,0.007798336,0.007849521,0.0076870546,0.0073446585,0.0073222136,0.0073928596,0.006850318,0.006472235,0.0064967,0.0072372095,0.008244909,0.008204407,0.007612513,0.0073686433,0.0061099804,0.0058279773,0.008116728,0.009955793,0.009219622,0.009231503,0.0061046807,0.007279136,0.0073118545,0.0076643266,0.0073579126,0.0058120964,0.0051037464,0.0056297015,0.008087496,0.009811202,0.009584067,0.008421399,0.0081236595,0.00804879,0.008163257,0.009581909,0.009386842,0.008634181,0.0059718494,0.0056726774,0.00607103,0.0028511214,0.0026948752,0.003167385,0.006642255,0.012645199,0.03147772,0.26293,0.049661096,0.02721558,0.007395393,0.0035343983,0.00453958,0.01679266,0.31127933,0.35319898,0.2827986,0.03157205,0.008765418,0.0063298126,0.006348161,0.0051129167,0.0070813787,0.008484192,0.008787242,0.0074401777,0.0062707965,0.0057332716,0.005970604,0.007208249,0.010643875,0.007953078,0.0059947837,0.007687844,0.0080129,0.005344364,0.007392863,0.006705448,0.011637079,0.009785557,0.007626354,0.007954312,0.0077913105,0.0082489615,0.0065773097,0.009125939,0.007471576,0.0053752647,0.0063010617,0.008109475,0.036435857,0.31159323,0.3947639,0.30510494,0.012307491,0.0033999714,0.0020081038,0.0063836128,0.007332945,0.0071986085,0.008558618,0.006163691,0.0065839374,0.011858115,0.034344383,0.39633936,0.41089028,0.028652417,0.0105138365,0.005670061,0.00786689,0.0072840243,0.007007182,0.0069375285,0.0070032254,0.0070643406,0.007098307,0.0070780404,0.007055967,0.0070469156,0.0070469156,0.0070469156,0.0070469156,0.007046912,0.007046912,0.007046912,0.007046912,0.007046912,0.007046912,0.007046912,0.007046912,0.007046912,0.007046912,0.007046912,0.007046912,0.007046912,0.007046912,0.007046912,0.007046912,0.007046912,0.007046912,0.007046912,0.007046912,0.007046912,0.007046912,0.007046912,0.007046912,0.007046912,0.007046912,0.007046912,0.007046912,0.007046912,0.007046912,0.007046912,0.007046912,0.007046912,0.007046912,0.007046912,0.007046912,0.007046912,0.007046912,0.007046912,0.007046912,0.007046912,0.007046912,0.007046912,0.007046912,0.007046912,0.007046912,0.007046912,0.007046912,0.007046912,0.007046912,0.007046912,0.007046912,0.007046912,0.007046912,0.007046912,0.007046912,0.007046912,0.007046912,0.007046912,0.007046912,0.007046912,0.007046912,0.007046912,0.007046912,0.007046912,0.007046912,0.007046912,0.007046912,0.007046912,0.007046912,0.007046912,0.007046912,0.007046912,0.007046912,0.007046912,0.007046912,0.007046912,0.007046912,0.007046912,0.007046912,0.007046912,0.007046912,0.007046912,0.007046912,0.007046912,0.007046912,0.007046912,0.007046912,0.007046912,0.007046912,0.007046912,0.007046912,0.007046912,0.007046912,0.007046912,0.007046912,0.007046912,0.007046912,0.0074080504,0.0054842453,0.0047995993,0.013535083
0.009650982,0.0023898238,0.0048864977,0.00613187,0.005859644,0.0074817,0.006638056,0.0072436705,0.0065956274,0.0082764495,0.008388569,0.006772422,0.0059867343,0.0054111993,0.006970856,0.006624706,0.0070048533,0.007312003,0.006457215,0.00588694,0.0041696127,0.004550432,0.0040178727,0.0065024486,0.008940883,0.004780437,0.009068195,0.005550738,0.005089126,0.006225085,0.008185223,0.009076121,0.008388874,0.008166574,0.0072143287,0.006711288,0.00673765,0.0068911714,0.0067317775,0.00605867,0.006453261,0.008334513,0.009492665,0.009477401,0.008411438,0.005919896,0.007858023,0.009226289,0.018692028,0.010550808,0.0068990565,0.005700029,0.008715586,0.007835997,0.0071134833,0.0072787334,0.0055010896,0.004962796,0.005139346,0.0077339974,0.009478986,0.010176716,0.008629687,0.008099374,0.008304748,0.008104383,0.007448588,0.0062020975,0.0047628446,0.002964824,0.00242816,0.003483929,0.0052766493,0.007275148,0.016815735,0.4143655,0.35996258,0.43436068,0.40176257,0.07301018,0.38380376,0.010327811,0.0011637793,0.0008721963,0.0031601333,0.029117314,0.012190228,0.00803269,0.0046746572,0.0058028153,0.007502144,0.009070376,0.0062182685,0.005815696,0.0066440008,0.008295265,0.008447244,0.006125994,0.005070317,0.004497771,0.006048955,0.008107757,0.0076205353,0.0061712195,0.0065920977,0.009009409,0.011513836,0.015309854,0.016962895,0.014568805,0.007791278,0.006440653,0.0073590577,0.0075066797,0.008727776,0.00763459,0.0069183293,0.005786358,0.0045955796,0.00801834,0.0214639,0.3116719,0.07118157,0.31350893,0.03519875,0.009320534,0.0032170957,0.0034511744,0.006620095,0.006962107,0.008205141,0.008451283,0.004778076,0.009366844,0.013834395,0.46279156,0.06028404,0.04442434,0.0095098205,0.00619184,0.0054837405,0.0072543975,0.007142448,0.007048894,0.0070370366,0.0070362934,0.00704211,0.007046919,0.0070469156,0.0070469156,0.0070469156,0.0070469156,0.0070469156,0.0070469156,0.007046912,0.007046912,0.007046912,0.007046912,0.007046912,0.007046912,0.007046912,0.007046912,0.007046912,0.007046912,0.007046912,0.007046912,0.007046912,0.007046912,0.007046912,0.007046912,0.007046912,0.007046912,0.007046912,0.007046912,0.007046912,0.007046912,0.007046912,0.007046912,0.007046912,0.007046912,0.007046912,0.007046912,0.007046912,0.007046912,0.007046912,0.007046912,0.007046912,0.007046912,0.007046912,0.007046912,0.007046912,0.007046912,0.007046912,0.007046912,0.007046912,0.007046912,0.007046912,0.007046912,0.007046912,0.007046912,0.007046912,0.007046912,0.007046912,0.007046912,0.007046912,0.007046912,0.007046912,0.007046912,0.007046912,0.007046912,0.007046912,0.007046912,0.007046912,0.007046912,0.007046912,0.007046912,0.007046912,0.007046912,0.007046912,0.007046912,0.007046912,0.007046912,0.007046912,0.007046912,0.007046912,0.007046912,0.007046912,0.007046912,0.007046912,0.007046912,0.007046912,0.007046912,0.007046912,0.007046912,0.007046912,0.007046912,0.007046912,0.007046912,0.007046912,0.007046912,0.007046912,0.007046912,0.007046912,0.007046912,0.007046912,0.007046912,0.007046912,0.007046912,0.007046912,0.007046912,0.007046912,0.007046912,0.0074080504,0.0054842453,0.0047995974,0.013535083
0.008910339,0.002491559,0.003723194,0.006769825,0.007599876,0.0088420585,0.0071806777,0.007325389,0.007591479,0.009719122,0.009340779,0.007806506,0.005873254,0.0057265093,0.006642761,0.0077756564,0.008429793,0.008569626,0.0075629796,0.0068853,0.004869871,0.00388251,0.0020228513,0.0026114874,0.0028646486,0.009337832,0.007014927,0.0056703924,0.0053239893,0.005519708,0.0074168183,0.0076535693,0.007585884,0.007792967,0.007126012,0.006746983,0.0065395744,0.0065934653,0.0070409826,0.0065343413,0.006275582,0.007817704,0.009064438,0.009794395,0.008357237,0.0046210224,0.010635207,0.013928525,0.5658155,0.024522169,0.018089721,0.0058326595,0.00985825,0.009682339,0.00747719,0.0066678575,0.005086686,0.005373822,0.005538003,0.0075601675,0.008772352,0.01040634,0.009139993,0.008510108,0.008334553,0.00830569,0.0068193544,0.004885438,0.0035603533,0.0024295303,0.0039015864,0.0054391795,0.010436652,0.008887885,0.007629776,0.00994951,0.009912088,0.017362602,0.012510588,0.0140881445,0.015500884,0.5570918,0.0029279038,0.00241702,0.0016900435,0.2516514,0.009586137,0.003265704,0.001379138,0.0034218063,0.0044662044,0.0064342422,0.0085436525,0.006850477,0.0058509205,0.0069897715,0.008003112,0.007156186,0.005129006,0.0045161145,0.007736248,0.004115015,0.004892135,0.005772286,0.009797745,0.006666768,0.014511154,0.023744687,0.3074952,0.020934485,0.010050571,0.0058194716,0.0065342425,0.007319012,0.008476034,0.007872501,0.0054356055,0.0041101244,0.0089820875,0.026041787,0.2991668,0.0792382,0.036570553,0.014834889,0.0050092456,0.0024343042,0.0025469833,0.005025578,0.006037267,0.0065153907,0.00711976,0.0071594664,0.004953297,0.0057980283,0.008383354,0.026784722,0.0193471,0.02555184,0.007646323,0.00686124,0.0065254974,0.0068835034,0.007043047,0.0070439507,0.0070526935,0.0070469286,0.007046922,0.007046919,0.0070469156,0.0070469156,0.0070469156,0.0070469156,0.0070469156,0.0070469156,0.007046912,0.007046912,0.007046912,0.007046912,0.007046912,0.007046912,0.007046912,0.007046912,0.007046912,0.007046912,0.007046912,0.007046912,0.007046912,0.007046912,0.007046912,0.007046912,0.007046912,0.007046912,0.007046912,0.007046912,0.007046912,0.007046912,0.007046912,0.007046912,0.007046912,0.007046912,0.007046912,0.007046912,0.007046912,0.007046912,0.007046912,0.007046912,0.007046912,0.007046912,0.007046912,0.007046912,0.007046912,0.007046912,0.007046912,0.007046912,0.007046912,0.007046912,0.007046912,0.007046912,0.007046912,0.007046912,0.007046912,0.007046912,0.007046912,0.007046912,0.007046912,0.007046912,0.007046912,0.007046912,0.007046912,0.007046912,0.007046912,0.007046912,0.007046912,0.007046912,0.007046912,0.007046912,0.007046912,0.007046912,0.007046912,0.007046912,0.007046912,0.007046912,0.007046912,0.007046912,0.007046912,0.007046912,0.007046912,0.007046912,0.007046912,0.007046912,0.007046912,0.007046912,0.007046912,0.007046912,0.007046912,0.007046912,0.007046912,0.007046912,0.007046912,0.007046912,0.007046912,0.007046912,0.007046912,0.007046912,0.007046912,0.007046912,0.007046912,0.007046912,0.007046912,0.007046912,0.007046912,0.007046912,0.0074080504,0.0054842453,0.0047995993,0.013535083
0.0099624405,0.002623555,0.0033947597,0.004756599,0.005015162,0.006352858,0.0071272403,0.0079675075,0.008205009,0.010338729,0.009823865,0.008713881,0.005450257,0.00530476,0.0057258904,0.010136161,0.006728733,0.008141576,0.007688285,0.0067131664,0.005670236,0.006844238,0.004186508,0.011299122,0.010301059,0.6160736,0.035095006,0.017116928,0.00545117,0.005390452,0.007836331,0.0078051793,0.008169104,0.009010809,0.007655634,0.0068099983,0.006563752,0.0071392185,0.00826782,0.007256977,0.0062392456,0.0067267064,0.0070381695,0.008206196,0.0063385493,0.005658918,0.0064013703,0.009098651,0.017116664,0.011008201,0.008592912,0.0075268634,0.01122256,0.011164289,0.008543793,0.007350783,0.0064827017,0.00680167,0.006054313,0.0068118568,0.007844606,0.010042916,0.008479236,0.0076748026,0.007263465,0.007315724,0.0061624115,0.004422374,0.0038286205,0.0028974132,0.008510519,0.017809143,0.3099649,0.3787708,0.029372992,0.0070610167,0.0036004898,0.0033617173,0.0037215177,0.0032709483,0.0066111013,0.014087099,0.0033376778,0.0025762366,0.0028988752,0.017976526,0.005055931,0.003325913,0.0023902534,0.0059366156,0.005363413,0.0052956394,0.008988784,0.0072933678,0.006321855,0.005671473,0.0070366203,0.0072366674,0.0060001053,0.0054789395,0.004228209,0.0028526033,0.0033062354,0.0053697685,0.009489486,0.006323466,0.011107112,0.0147172,0.01748721,0.008956868,0.005635821,0.0050207376,0.006217764,0.0074566156,0.009962238,0.008929165,0.0042254194,0.0035308162,0.010033358,0.05529284,0.3641741,0.35065028,0.35569263,0.020636845,0.0047709527,0.0025101285,0.0041220225,0.0063141882,0.007116157,0.0072156233,0.0075835474,0.0071545634,0.006158535,0.0066988897,0.0059179096,0.011093044,0.007165899,0.0062765195,0.0050181565,0.006359321,0.006915899,0.0069946847,0.007050838,0.007046955,0.0070469384,0.0070469324,0.007046922,0.007046919,0.0070469156,0.0070469156,0.0070469156,0.0070469156,0.0070469156,0.0070469156,0.0070469156,0.0070469156,0.007046912,0.007046912,0.007046912,0.007046912,0.007046912,0.007046912,0.007046912,0.007046912,0.007046912,0.007046912,0.007046912,0.007046912,0.007046912,0.007046912,0.007046912,0.007046912,0.007046912,0.007046912,0.007046912,0.007046912,0.007046912,0.007046912,0.007046912,0.007046912,0.007046912,0.007046912,0.007046912,0.007046912,0.007046912,0.007046912,0.007046912,0.007046912,0.007046912,0.007046912,0.007046912,0.007046912,0.007046912,0.007046912,0.007046912,0.007046912,0.007046912,0.007046912,0.007046912,0.007046912,0.007046912,0.007046912,0.007046912,0.007046912,0.007046912,0.007046912,0.007046912,0.007046912,0.007046912,0.007046912,0.007046912,0.007046912,0.007046912,0.007046912,0.007046912,0.007046912,0.007046912,0.007046912,0.007046912,0.007046912,0.007046912,0.007046912,0.007046912,0.007046912,0.007046912,0.007046912,0.007046912,0.007046912,0.007046912,0.007046912,0.007046912,0.007046912,0.007046912,0.007046912,0.007046912,0.007046912,0.007046912,0.007046912,0.007046912,0.007046912,0.007046912,0.007046912,0.007046912,0.007046912,0.007046912,0.007046912,0.007046912,0.007046912,0.007046912,0.007046912,0.007046912,0.007046912,0.0074080504,0.0054842453,0.0047995974,0.013535083
0.01119973,0.0025496958,0.004700951,0.0049693957,0.0060120584,0.0076627377,0.008627428,0.008358386,0.00849505,0.009158037,0.009090727,0.008513182,0.0057077147,0.006245324,0.0065032686,0.010519493,0.0064526927,0.007864412,0.008943338,0.0074762627,0.010708852,0.008991762,0.015587517,0.0077996207,0.015562864,0.023559194,0.33017847,0.0124203395,0.015642703,0.0059573064,0.008576897,0.00822979,0.009464536,0.010054352,0.007927389,0.0067791934,0.0066799456,0.0076435334,0.008378389,0.007822014,0.005906949,0.005802573,0.0052109,0.006866717,0.0057483846,0.006493432,0.006382004,0.005910119,0.009087004,0.0063451207,0.007770287,0.0075255963,0.011089462,0.011206707,0.008950352,0.0074070585,0.0068766745,0.007322615,0.0062829284,0.006617408,0.006970077,0.008812925,0.007947169,0.007727838,0.007171611,0.00802089,0.0075964234,0.00529101,0.005464266,0.0047319494,0.009448671,0.014854966,0.021695178,0.019307029,0.00711641,0.002612091,0.0016678022,0.0012400923,0.0011005695,0.0022881462,0.0035331019,0.1434767,0.007806691,0.016525906,0.009010051,0.14609243,0.010893127,0.012696077,0.00808848,0.0057001538,0.005985474,0.0031206459,0.010438218,0.006438139,0.0066506355,0.006317492,0.0069760596,0.005741007,0.004534745,0.005372912,0.004723798,0.0034857108,0.003135593,0.0050832746,0.007091344,0.005033641,0.006198333,0.006125695,0.0074841534,0.006730033,0.0048645195,0.0053012487,0.0055966508,0.0067242025,0.009203016,0.007697038,0.0040662545,0.0046354504,0.010899228,0.31490633,0.06200069,0.038629163,0.011238386,0.010561386,0.004188896,0.004056333,0.004781685,0.00558141,0.005610954,0.0059226635,0.00581764,0.0059145163,0.0054631312,0.006433803,0.0048978445,0.0055109775,0.0057771592,0.007184231,0.007208529,0.006690655,0.006900809,0.0069438703,0.0070424094,0.0070469924,0.0070469384,0.0070469324,0.007046922,0.007046919,0.0070469156,0.0070469156,0.0070469156,0.0070469156,0.0070469156,0.0070469156,0.0070469156,0.0070469156,0.007046912,0.007046912,0.007046912,0.007046912,0.007046912,0.007046912,0.007046912,0.007046912,0.007046912,0.007046912,0.007046912,0.007046912,0.007046912,0.007046912,0.007046912,0.007046912,0.007046912,0.007046912,0.007046912,0.007046912,0.007046912,0.007046912,0.007046912,0.007046912,0.007046912,0.007046912,0.007046912,0.007046912,0.007046912,0.007046912,0.007046912,0.007046912,0.007046912,0.007046912,0.007046912,0.007046912,0.007046912,0.007046912,0.007046912,0.007046912,0.007046912,0.007046912,0.007046912,0.007046912,0.007046912,0.007046912,0.007046912,0.007046912,0.007046912,0.007046912,0.007046912,0.007046912,0.007046912,0.007046912,0.007046912,0.007046912,0.007046912,0.007046912,0.007046912,0.007046912,0.007046912,0.007046912,0.007046912,0.007046912,0.007046912,0.007046912,0.007046912,0.007046912,0.007046912,0.007046912,0.007046912,0.007046912,0.007046912,0.007046912,0.007046912,0.007046912,0.007046912,0.007046912,0.007046912,0.007046912,0.007046912,0.007046912,0.007046912,0.007046912,0.007046912,0.007046912,0.007046912,0.007046912,0.007046912,0.007046912,0.007046912,0.007046912,0.007046912,0.007046912,0.007046912,0.007046912,0.0074080504,0.0054842453,0.0047995993,0.013535083
0.015327196,0.0034511758,0.005160524,0.006334508,0.007939376,0.009225874,0.009100715,0.008329623,0.008723734,0.009794035,0.00965976,0.009063337,0.006224784,0.0064352024,0.005732646,0.007226887,0.0069085998,0.0063706446,0.009203207,0.0047782324,0.0131636355,0.012559098,0.5064829,0.032504573,0.037136808,0.011485736,0.014308837,0.0063920747,0.008231876,0.006195224,0.008769272,0.008713971,0.010093216,0.010201656,0.007849232,0.0068520573,0.006679838,0.007832416,0.008145508,0.0084594665,0.0068179723,0.005826635,0.004488242,0.0047529237,0.004512161,0.0066127484,0.0052100574,0.0048145805,0.005358359,0.0074381814,0.009097697,0.009347612,0.0077396347,0.010021657,0.009395568,0.008195042,0.0073191714,0.0076371017,0.006251776,0.007120653,0.0067940145,0.00970453,0.0081039155,0.008894868,0.008373458,0.009728756,0.009880214,0.007624313,0.006526001,0.0055672317,0.0059101614,0.006950707,0.009201246,0.008897526,0.006536719,0.0042259954,0.004313936,0.003061329,0.003564297,0.009127242,0.009069074,0.014370329,0.013870286,0.23837574,0.024634553,0.018813789,0.01080529,0.1710113,0.232451,0.017123476,0.004897203,0.0015188472,0.009329247,0.0062940433,0.005796796,0.006700584,0.006598452,0.0076514184,0.004982312,0.005250813,0.0050775,0.003904805,0.003293058,0.0076395846,0.0077713174,0.0062744105,0.0066262186,0.0055884724,0.004526682,0.0048325965,0.0055846,0.005469368,0.0049407063,0.004761961,0.00797119,0.009019705,0.0031615219,0.0044020894,0.016409189,0.3203633,0.05442616,0.010002072,0.0030256046,0.0059907925,0.0064170174,0.0057379645,0.005485824,0.005912574,0.0067517944,0.007351855,0.006735378,0.0068174945,0.0067647123,0.008514817,0.0070374794,0.0067720953,0.008004819,0.0075575057,0.0073251147,0.0069985907,0.0070589706,0.007011138,0.0070474227,0.0070470287,0.0070469454,0.0070469286,0.007046919,0.007046919,0.0070469156,0.0070469156,0.0070469156,0.0070469156,0.0070469156,0.0070469156,0.0070469156,0.0070469156,0.007046912,0.007046912,0.007046912,0.007046912,0.007046912,0.007046912,0.007046912,0.007046912,0.007046912,0.007046912,0.007046912,0.007046912,0.007046912,0.007046912,0.007046912,0.007046912,0.007046912,0.007046912,0.007046912,0.007046912,0.007046912,0.007046912,0.007046912,0.007046912,0.007046912,0.007046912,0.007046912,0.007046912,0.007046912,0.007046912,0.007046912,0.007046912,0.007046912,0.007046912,0.007046912,0.007046912,0.007046912,0.007046912,0.007046912,0.007046912,0.007046912,0.007046912,0.007046912,0.007046912,0.007046912,0.007046912,0.007046912,0.007046912,0.007046912,0.007046912,0.007046912,0.007046912,0.007046912,0.007046912,0.007046912,0.007046912,0.007046912,0.007046912,0.007046912,0.007046912,0.007046912,0.007046912,0.007046912,0.007046912,0.007046912,0.007046912,0.007046912,0.007046912,0.007046912,0.007046912,0.007046912,0.007046912,0.007046912,0.007046912,0.007046912,0.007046912,0.007046912,0.007046912,0.007046912,0.007046912,0.007046912,0.007046912,0.007046912,0.007046912,0.007046912,0.007046912,0.007046912,0.007046912,0.007046912,0.007046912,0.007046912,0.007046912,0.007046912,0.007046912,0.007046912,0.007046912,0.0074080504,0.0054842453,0.0047995974,0.013535083
0.013828008,0.0033484607,0.0059895464,0.007122484,0.008755712,0.009564881,0.008367739,0.008311725,0.008211988,0.009029927,0.009898092,0.009576534,0.00805404,0.008750739,0.007424092,0.0071745417,0.005368628,0.0054461565,0.0057957224,0.0054544946,0.006585522,0.0055230777,0.024723696,0.018838316,0.50717753,0.016068762,0.01862334,0.0057930686,0.00902993,0.0065723606,0.008674452,0.00953274,0.009816754,0.009432324,0.007682531,0.0068964013,0.0070937546,0.007248061,0.006943401,0.0072103026,0.0071562873,0.0053296923,0.0040666675,0.0044537084,0.0045164917,0.006697437,0.0037941819,0.0042008753,0.0072824485,0.020515136,0.0121481195,0.005608994,0.0035924949,0.008490632,0.009786732,0.010256305,0.008044526,0.008338538,0.0069005727,0.009040446,0.009983565,0.012840051,0.010885053,0.01144051,0.010689405,0.012456608,0.011456143,0.008802996,0.007400411,0.010647965,0.006385346,0.004770391,0.0037369945,0.0032757043,0.0043461896,0.0045033987,0.0074296915,0.00337429,0.0046942374,0.011191246,0.32772943,0.050719026,0.05076745,0.2083946,0.40243763,0.035397667,0.037443995,0.034685362,0.43244773,0.020890487,0.0054043443,0.0016529615,0.0054392107,0.0074790623,0.0054969564,0.008525394,0.0063678413,0.0066629387,0.005869555,0.0053047678,0.0076750894,0.006626721,0.005305641,0.008086739,0.007927637,0.006167086,0.005997523,0.006652059,0.006908047,0.0066308784,0.006729367,0.00614688,0.005020826,0.0051912447,0.0058085816,0.008177117,0.002789759,0.0030162195,0.012829153,0.3425304,0.22091311,0.0056835813,0.0021523896,0.002367466,0.003342211,0.0022618587,0.0020418689,0.0035183125,0.005465759,0.005824801,0.0052013085,0.005300474,0.0068127792,0.006472088,0.0067211487,0.0075046155,0.0076514874,0.00741988,0.007128627,0.007010853,0.0070479866,0.007034478,0.007047553,0.007047059,0.007046949,0.0070469286,0.007046919,0.007046919,0.0070469156,0.0070469156,0.0070469156,0.0070469156,0.0070469156,0.0070469156,0.0070469156,0.0070469156,0.007046912,0.007046912,0.007046912,0.007046912,0.007046912,0.007046912,0.007046912,0.007046912,0.007046912,0.007046912,0.007046912,0.007046912,0.007046912,0.007046912,0.007046912,0.007046912,0.007046912,0.007046912,0.007046912,0.007046912,0.007046912,0.007046912,0.007046912,0.007046912,0.007046912,0.007046912,0.007046912,0.007046912,0.007046912,0.007046912,0.007046912,0.007046912,0.007046912,0.007046912,0.007046912,0.007046912,0.007046912,0.007046912,0.007046912,0.007046912,0.007046912,0.007046912,0.007046912,0.007046912,0.007046912,0.007046912,0.007046912,0.007046912,0.007046912,0.007046912,0.007046912,0.007046912,0.007046912,0.007046912,0.007046912,0.007046912,0.007046912,0.007046912,0.007046912,0.007046912,0.007046912,0.007046912,0.007046912,0.007046912,0.007046912,0.007046912,0.007046912,0.007046912,0.007046912,0.007046912,0.007046912,0.007046912,0.007046912,0.007046912,0.007046912,0.007046912,0.007046912,0.007046912,0.007046912,0.007046912,0.007046912,0.007046912,0.007046912,0.007046912,0.007046912,0.007046912,0.007046912,0.007046912,0.007046912,0.007046912,0.007046912,0.007046912,0.007046912,0.007046912,0.007046912,0.007046912,0.0074080504,0.0054842453,0.0047995993,0.013535083
0.013361364,0.0026929074,0.005749786,0.0075393305,0.007846655,0.0067589865,0.0069341417,0.007457434,0.008358165,0.008944018,0.009567136,0.010063232,0.008822289,0.007869265,0.0065764347,0.0061477777,0.005211175,0.005389537,0.0049858806,0.004472119,0.0051075295,0.005888123,0.013021213,0.0132256355,0.01923953,0.007605718,0.0058709993,0.0047585363,0.0074871364,0.006823034,0.0076166964,0.008475556,0.0078093274,0.0085859895,0.0074429945,0.0076628826,0.007334288,0.0063537764,0.0066994005,0.0063932957,0.006469703,0.005431828,0.0038167757,0.0038777662,0.0032375646,0.0050673448,0.00430449,0.01095597,0.013981074,0.31652075,0.020895544,0.00766178,0.003118819,0.007270159,0.0065464154,0.009449591,0.008541395,0.008458998,0.0055510937,0.006137749,0.007814946,0.011581483,0.011813683,0.010279142,0.008689243,0.009294303,0.0073210807,0.005500007,0.006957112,0.011409812,0.0066321786,0.0042309444,0.006559599,0.004884277,0.0066616954,0.005650156,0.006735084,0.0043351166,0.00963468,0.024492057,0.30966604,0.24387802,0.028116975,0.020567484,0.033020858,0.015900258,0.3620009,0.0711111,0.46325758,0.0379924,0.010239942,0.0034237744,0.006646888,0.00555625,0.003918645,0.007490925,0.005597943,0.009151687,0.007539795,0.005750726,0.007836832,0.0074618794,0.008276782,0.008471726,0.007338427,0.0060280226,0.00606033,0.006363537,0.008045116,0.008150469,0.006330205,0.0063452497,0.0067153573,0.006804318,0.0060052234,0.005388009,0.0025673476,0.0044684736,0.02269553,0.36866647,0.04090593,0.006166595,0.0013623422,0.0018432636,0.0034776968,0.0037073232,0.005752788,0.012075643,0.01655125,0.014633879,0.0074572233,0.008279855,0.008130732,0.007463289,0.0072603337,0.007513539,0.007641298,0.007488728,0.007242079,0.007124103,0.007060538,0.007049295,0.0070475433,0.007047059,0.007046949,0.0070469286,0.007046922,0.007046919,0.0070469156,0.0070469156,0.007046912,0.007046912,0.0070469156,0.0070469156,0.007046912,0.007046912,0.007046912,0.007046912,0.007046912,0.007046912,0.007046912,0.007046912,0.007046912,0.007046912,0.007046912,0.007046912,0.007046912,0.007046912,0.007046912,0.007046912,0.007046912,0.007046912,0.007046912,0.007046912,0.007046912,0.007046912,0.007046912,0.007046912,0.007046912,0.007046912,0.007046912,0.007046912,0.007046912,0.007046912,0.007046912,0.007046912,0.007046912,0.007046912,0.007046912,0.007046912,0.007046912,0.007046912,0.007046912,0.007046912,0.007046912,0.007046912,0.007046912,0.007046912,0.007046912,0.007046912,0.007046912,0.007046912,0.007046912,0.007046912,0.007046912,0.007046912,0.007046912,0.007046912,0.007046912,0.007046912,0.007046912,0.007046912,0.007046912,0.007046912,0.007046912,0.007046912,0.007046912,0.007046912,0.007046912,0.007046912,0.007046912,0.007046912,0.007046912,0.007046912,0.007046912,0.007046912,0.007046912,0.007046912,0.007046912,0.007046912,0.007046912,0.007046912,0.007046912,0.007046912,0.007046912,0.007046912,0.007046912,0.007046912,0.007046912,0.007046912,0.007046912,0.007046912,0.007046912,0.007046912,0.007046912,0.007046912,0.007046912,0.007046912,0.007046912,0.007046912,0.007046912,0.007046912,0.0074080504,0.0054842453,0.0047995974,0.013535083
0.012054772,0.002471178,0.005379019,0.007000917,0.008058331,0.0067100963,0.0075001135,0.008220385,0.008905136,0.008495994,0.008674641,0.009253708,0.008466557,0.0082064755,0.0077448073,0.007704132,0.006667361,0.006632317,0.006128718,0.005595438,0.0047676614,0.004459315,0.005051031,0.0068470296,0.012777953,0.009069712,0.009225687,0.0073339795,0.008080075,0.007157721,0.0076936884,0.007725677,0.00658191,0.006904803,0.0077868076,0.008391548,0.0078921225,0.0069743553,0.006586579,0.004950421,0.0044828486,0.0036250146,0.003762898,0.004514901,0.003319079,0.0064657554,0.0057539935,0.023223914,0.015735552,0.54400617,0.025591947,0.020139132,0.004379421,0.005449479,0.00486376,0.008670861,0.008303271,0.008989464,0.005649364,0.0077430485,0.014087868,0.01565748,0.010092139,0.006347334,0.0066864383,0.00710185,0.0065239365,0.0042851614,0.0050150673,0.00858114,0.0073212744,0.0045809885,0.0061635566,0.0045222472,0.006153056,0.0051825317,0.0062660263,0.004908169,0.009563684,0.02280235,0.24510166,0.31898764,0.036749806,0.01859553,0.24112244,0.032848086,0.053434715,0.21114394,0.3911987,0.36777186,0.055136777,0.027056314,0.009921901,0.0063890805,0.0030203164,0.00447103,0.004936807,0.006856712,0.0071408446,0.0054733586,0.006722311,0.007059689,0.007576423,0.0060664974,0.0056151063,0.0057136063,0.0060447594,0.007293464,0.007597459,0.007944621,0.0066048596,0.00639842,0.0064094127,0.006412957,0.0059801,0.003347468,0.0029401486,0.005594918,0.03899281,0.27532694,0.024479635,0.0042872718,0.0010958085,0.004342988,0.0052026655,0.007999013,0.0115283895,0.017871674,0.004424566,0.0024396344,0.0026929087,0.0077852127,0.008093711,0.0071607335,0.006992542,0.0071933586,0.007243084,0.007192112,0.007106522,0.007075782,0.007052744,0.007048754,0.007047403,0.0070470287,0.0070469454,0.007046926,0.007046922,0.007046919,0.0070469156,0.0070469156,0.007046912,0.007046912,0.0070469156,0.0070469156,0.007046912,0.007046912,0.007046912,0.007046912,0.007046912,0.007046912,0.007046912,0.007046912,0.007046912,0.007046912,0.007046912,0.007046912,0.007046912,0.007046912,0.007046912,0.007046912,0.007046912,0.007046912,0.007046912,0.007046912,0.007046912,0.007046912,0.007046912,0.007046912,0.007046912,0.007046912,0.007046912,0.007046912,0.007046912,0.007046912,0.007046912,0.007046912,0.007046912,0.007046912,0.007046912,0.007046912,0.007046912,0.007046912,0.007046912,0.007046912,0.007046912,0.007046912,0.007046912,0.007046912,0.007046912,0.007046912,0.007046912,0.007046912,0.007046912,0.007046912,0.007046912,0.007046912,0.007046912,0.007046912,0.007046912,0.007046912,0.007046912,0.007046912,0.007046912,0.007046912,0.007046912,0.007046912,0.007046912,0.007046912,0.007046912,0.007046912,0.007046912,0.007046912,0.007046912,0.007046912,0.007046912,0.007046912,0.007046912,0.007046912,0.007046912,0.007046912,0.007046912,0.007046912,0.007046912,0.007046912,0.007046912,0.007046912,0.007046912,0.007046912,0.007046912,0.007046912,0.007046912,0.007046912,0.007046912,0.007046912,0.007046912,0.007046912,0.007046912,0.007046912,0.007046912,0.007046912,0.007046912,0.007046912,0.0074080504,0.0054842453,0.0047995993,0.013535083
0.012945747,0.002967951,0.0069515887,0.0090360595,0.010039134,0.008751628,0.009400819,0.0095595885,0.009909234,0.009061912,0.009239899,0.010087253,0.010383364,0.010392169,0.010388854,0.010580553,0.00982998,0.009049695,0.0077493265,0.0065688654,0.0051457784,0.0055359337,0.0069357734,0.0079593435,0.0069705625,0.0067462735,0.007746137,0.0089899395,0.009933285,0.009265452,0.008713674,0.009169211,0.008413944,0.008651532,0.00929133,0.009201693,0.00849307,0.0070908666,0.0065202904,0.005286143,0.005089609,0.0041934536,0.0052257944,0.0059824,0.0034281702,0.00938337,0.012229812,0.3479884,0.014992606,0.039045427,0.011811962,0.44507754,0.0135344025,0.016198836,0.0056443163,0.008470429,0.0075408365,0.006025943,0.0059471074,0.008367406,0.0067334576,0.012933572,0.006473845,0.006185927,0.0071164267,0.008386593,0.0053856736,0.005249406,0.005572696,0.0067381407,0.0067588137,0.0045968713,0.0060725412,0.0067991354,0.0061197234,0.0062434003,0.0074185664,0.007947018,0.010586729,0.010476221,0.018417958,0.01812327,0.013972098,0.0073611937,0.013938733,0.013613764,0.019898677,0.020600352,0.041713014,0.029516593,0.33857733,0.32859728,0.040337823,0.01472622,0.005091891,0.0063209827,0.005605237,0.0065086,0.010601013,0.0070424895,0.0090186,0.008570477,0.009349166,0.005688366,0.006156116,0.006162321,0.0056933253,0.008761685,0.00935711,0.010620136,0.008575815,0.008230378,0.008242998,0.009597035,0.0068138023,0.0037863709,0.008680925,0.019303543,0.3644654,0.37284982,0.024621416,0.00528584,0.0017250634,0.011315104,0.018832773,0.40370604,0.22619578,0.44057953,0.02005987,0.0073632044,0.0030549834,0.006784355,0.0077913734,0.00778089,0.007779171,0.007996663,0.008051702,0.008042259,0.007977524,0.007922587,0.007905799,0.007903032,0.00790209,0.007901825,0.0079017645,0.007901746,0.007901742,0.007901738,0.007901742,0.007901742,0.007901738,0.007901738,0.007901738,0.007901738,0.007901738,0.007901738,0.007901738,0.007901738,0.007901742,0.007901742,0.007901738,0.007901738,0.007901738,0.007901738,0.007901738,0.007901738,0.007901738,0.007901738,0.007901738,0.007901738,0.007901738,0.007901738,0.007901738,0.007901738,0.007901738,0.007901738,0.007901738,0.007901738,0.007901738,0.007901738,0.007901738,0.007901738,0.007901738,0.007901738,0.007901738,0.007901738,0.007901738,0.007901738,0.007901738,0.007901738,0.007901738,0.007901738,0.007901738,0.007901738,0.007901738,0.007901738,0.007901738,0.007901738,0.007901738,0.007901738,0.007901738,0.007901738,0.007901738,0.007901738,0.007901738,0.007901738,0.007901738,0.007901738,0.007901738,0.007901738,0.007901738,0.007901738,0.007901738,0.007901738,0.007901738,0.007901738,0.007901738,0.007901738,0.007901738,0.007901738,0.007901738,0.007901738,0.007901738,0.007901738,0.007901738,0.007901738,0.007901738,0.007901738,0.007901738,0.007901738,0.007901738,0.007901738,0.007901738,0.007901738,0.007901738,0.007901738,0.007901738,0.007901738,0.007901738,0.007901738,0.007901738,0.007901738,0.007901738,0.007901738,0.007901738,0.007901738,0.007901738,0.007901738,0.007901738,0.007901738,0.007901738,0.007901738,0.008324674,0.006143371,0.0052544605,0.01439331
0.010542672,0.002158957,0.0046788747,0.0058338484,0.0063387263,0.005030583,0.005681194,0.0056988783,0.005692721,0.005090003,0.0048876014,0.004501084,0.0049106544,0.005464289,0.0063517443,0.006427262,0.005907321,0.005378947,0.0043710936,0.0030143072,0.002667203,0.002856359,0.00406158,0.0049578864,0.0055684117,0.005944213,0.005269146,0.0057840487,0.005891915,0.005776628,0.005756703,0.0050987466,0.004936081,0.0051479246,0.0059315725,0.006318189,0.0048562004,0.0041677877,0.0034211644,0.002881918,0.0023741585,0.0021118051,0.0025940088,0.0032669166,0.0029356189,0.0038747082,0.003765505,0.010093179,0.003959717,0.0033579427,0.0023706092,0.006297739,0.003538362,0.0029856863,0.0027262243,0.0035054567,0.0033311697,0.0024462626,0.0025482846,0.0030010683,0.005478682,0.0037884293,0.0026279446,0.0035067464,0.004967451,0.0061190366,0.004888174,0.0040953313,0.0038968653,0.003620591,0.0037670685,0.0024264108,0.0036987613,0.0044076648,0.0036311615,0.003774239,0.0043480736,0.0048497226,0.0051350584,0.0036457272,0.003257081,0.0030032306,0.0028683324,0.002627036,0.009018651,0.02022454,0.02404841,0.27053404,0.008702593,0.012126012,0.02483787,0.35728952,0.34216747,0.045316536,0.019284047,0.012116887,0.008973997,0.008649888,0.0077975956,0.004632745,0.006460875,0.0050774687,0.004160758,0.0028082978,0.005127814,0.003696462,0.0031156007,0.003841075,0.0046315026,0.005442369,0.0051707076,0.0049606957,0.0048410683,0.0052421303,0.0033370212,0.0043758317,0.005709574,0.019575182,0.013911554,0.012419181,0.0045011034,0.0024271125,0.0031627151,0.005210804,0.0056399056,0.005932354,0.007008656,0.01411344,0.0110229235,0.0037575478,0.0020331938,0.0038912243,0.005785519,0.0062885317,0.0062169395,0.00623942,0.0062391246,0.0062285666,0.0062200837,0.006214733,0.0062120124,0.006210891,0.0062105143,0.0062104086,0.006210379,0.0062103732,0.0062103732,0.0062103705,0.006210367,0.006210367,0.006210367,0.006210367,0.006210367,0.006210367,0.006210367,0.006210367,0.0062103705,0.0062103705,0.006210367,0.006210367,0.0062103644,0.0062103644,0.0062103644,0.0062103644,0.0062103644,0.0062103644,0.0062103644,0.0062103644,0.0062103644,0.0062103644,0.0062103644,0.0062103644,0.0062103644,0.0062103644,0.0062103644,0.0062103644,0.0062103644,0.0062103644,0.0062103644,0.0062103644,0.0062103644,0.0062103644,0.0062103644,0.0062103644,0.0062103644,0.0062103644,0.0062103644,0.0062103644,0.0062103644,0.0062103644,0.0062103644,0.0062103644,0.0062103644,0.0062103644,0.0062103644,0.0062103644,0.0062103644,0.0062103644,0.0062103644,0.0062103644,0.0062103644,0.0062103644,0.0062103644,0.0062103644,0.0062103644,0.0062103644,0.0062103644,0.0062103644,0.0062103644,0.0062103644,0.0062103644,0.0062103644,0.0062103644,0.0062103644,0.0062103644,0.0062103644,0.0062103644,0.0062103644,0.0062103644,0.0062103644,0.0062103644,0.0062103644,0.0062103644,0.0062103644,0.0062103644,0.0062103644,0.0062103644,0.0062103644,0.0062103644,0.0062103644,0.0062103644,0.0062103644,0.0062103644,0.0062103644,0.0062103644,0.0062103644,0.0062103644,0.0062103644,0.0062103644,0.0062103644,0.0062103644,0.0062103644,0.0062103644,0.0062103644,0.0062103644,0.0062103644,0.0062103644,0.0062103644,0.0062103644,0.0062103644,0.0062103644,0.0062103644,0.0067601106,0.004611526,0.003969124,0.010885295
0.00965411,0.0016167361,0.0033935262,0.004146003,0.004363652,0.003685499,0.004455523,0.0058198827,0.0064285896,0.0057500065,0.0051056524,0.0048350007,0.0049555865,0.005489756,0.0063255043,0.0065971147,0.0064616404,0.005414193,0.0047486466,0.0033667933,0.0036840828,0.0038917845,0.0051580495,0.0064708125,0.0060362103,0.0063212677,0.0061273733,0.0061880173,0.007731711,0.0073722117,0.0066627464,0.0056733363,0.0057350984,0.0057654376,0.006531046,0.006277495,0.005030535,0.0048992205,0.0046003615,0.004536709,0.0047405204,0.0043519214,0.004987435,0.004112887,0.0038945356,0.003632014,0.0048003104,0.005944275,0.0024199903,0.0016804377,0.0012439993,0.0034786437,0.002398638,0.0028228073,0.003486657,0.003759119,0.0035166964,0.0025004868,0.0031704064,0.0028189793,0.0031214177,0.0020595745,0.0020661808,0.0030807075,0.004092001,0.005377998,0.0037716741,0.0036884344,0.0037029968,0.0025332563,0.0026970406,0.0020720707,0.0032773395,0.0034842968,0.0031962923,0.0031390735,0.0037294764,0.0045986674,0.0030123591,0.0023632061,0.0024475895,0.0025254583,0.0038965826,0.0024805805,0.0026220258,0.0029745686,0.0044496763,0.003937365,0.0023259416,0.0014032385,0.0034094688,0.03150101,0.034794454,0.36609605,0.2990838,0.06594414,0.026929574,0.010868401,0.0046059764,0.0035456223,0.004474763,0.0038081324,0.0031897072,0.0026541788,0.003850651,0.0026877502,0.002255214,0.003200648,0.0036011913,0.00440816,0.004828292,0.004982336,0.0051173675,0.0057337903,0.0035479714,0.006319183,0.0088845,0.40831926,0.012777574,0.013115963,0.003149967,0.0041768416,0.0023863565,0.002573618,0.0032416373,0.0028613068,0.007714733,0.0107495785,0.30188763,0.009497665,0.005447267,0.003415714,0.0044095987,0.004669411,0.00462742,0.004631584,0.004628448,0.0046250154,0.0046222527,0.0046205022,0.00461961,0.0046192417,0.004619117,0.0046190796,0.004619075,0.004619073,0.0046190703,0.0046190703,0.0046190685,0.0046190685,0.0046190685,0.0046190685,0.0046190685,0.0046190685,0.0046190685,0.0046190685,0.0046190685,0.0046190685,0.0046190685,0.0046190685,0.0046190685,0.0046190685,0.0046190685,0.0046190685,0.0046190685,0.0046190685,0.0046190685,0.0046190685,0.0046190685,0.0046190685,0.0046190685,0.0046190685,0.0046190685,0.0046190685,0.0046190685,0.0046190685,0.0046190685,0.0046190685,0.0046190685,0.0046190685,0.0046190685,0.0046190685,0.0046190685,0.0046190685,0.0046190685,0.0046190685,0.0046190685,0.0046190685,0.0046190685,0.0046190685,0.0046190685,0.0046190685,0.0046190685,0.0046190685,0.0046190685,0.0046190685,0.0046190685,0.0046190685,0.0046190685,0.0046190685,0.0046190685,0.0046190685,0.0046190685,0.0046190685,0.0046190685,0.0046190685,0.0046190685,0.0046190685,0.0046190685,0.0046190685,0.0046190685,0.0046190685,0.0046190685,0.0046190685,0.0046190685,0.0046190685,0.0046190685,0.0046190685,0.0046190685,0.0046190685,0.0046190685,0.0046190685,0.0046190685,0.0046190685,0.0046190685,0.0046190685,0.0046190685,0.0046190685,0.0046190685,0.0046190685,0.0046190685,0.0046190685,0.0046190685,0.0046190685,0.0046190685,0.0046190685,0.0046190685,0.0046190685,0.0046190685,0.0046190685,0.0046190685,0.0046190685,0.0046190685,0.0046190685,0.0046190685,0.0046190685,0.0046190685,0.0046190685,0.0046190685,0.0046190685,0.0046190685,0.0046190685,0.005121406,0.0033725696,0.0036863622,0.010475015
0.02473771,0.006371517,0.009962525,0.011484035,0.011760883,0.009751273,0.0117599685,0.015115665,0.017953854,0.017088274,0.014278497,0.012576585,0.011178501,0.013384113,0.014458943,0.015117318,0.014598106,0.012060141,0.009274579,0.008615548,0.0107401265,0.012117058,0.01391315,0.013909782,0.014196711,0.0146358255,0.012156466,0.012947648,0.014694455,0.01519948,0.014734068,0.013135443,0.012853416,0.014213576,0.01427474,0.013874793,0.01237758,0.01260383,0.012626375,0.012675048,0.011982084,0.011243538,0.011756882,0.010441715,0.010031113,0.008988049,0.006219981,0.005501513,0.0062817354,0.008338155,0.006830978,0.0076861493,0.0046790037,0.0066821766,0.009511419,0.008995204,0.008412389,0.0070972014,0.011843686,0.008173954,0.008009353,0.0066868053,0.0066629793,0.0103509,0.012115129,0.011429244,0.010345255,0.010816194,0.009549562,0.0076091383,0.006765466,0.0065465984,0.007047453,0.00728146,0.007612426,0.009742345,0.00939369,0.009081364,0.008381817,0.009270636,0.009130053,0.007861707,0.0071183746,0.0065210196,0.00573207,0.006144137,0.011098731,0.021572119,0.012176197,0.007851832,0.009748617,0.024181657,0.036230076,0.08286659,0.10980468,0.25102225,0.20743176,0.036148738,0.014430304,0.009904356,0.012578746,0.008043259,0.0067975414,0.010928532,0.01119245,0.009937512,0.010348497,0.012445971,0.010293395,0.011460058,0.011817919,0.012337017,0.012421403,0.013596762,0.010495631,0.014346904,0.022559894,0.03589135,0.017327167,0.007955708,0.007714317,0.006915824,0.0068844496,0.0072226804,0.0069108675,0.004867907,0.009594873,0.014951426,0.027944073,0.015317958,0.011071049,0.009842507,0.01373416,0.014345988,0.014135027,0.014061274,0.014057519,0.014053178,0.014049557,0.014047193,0.0140459705,0.014045456,0.014045284,0.014045238,0.014045232,0.014045238,0.014045232,0.014045232,0.014045232,0.014045232,0.014045232,0.014045232,0.014045232,0.014045232,0.014045232,0.014045232,0.014045238,0.014045238,0.014045238,0.014045238,0.014045232,0.014045232,0.014045232,0.014045232,0.014045232,0.014045232,0.014045232,0.014045232,0.014045232,0.014045232,0.014045232,0.014045232,0.014045232,0.014045232,0.014045232,0.014045232,0.014045232,0.014045232,0.014045232,0.014045232,0.014045232,0.014045232,0.014045232,0.014045232,0.014045232,0.014045232,0.014045232,0.014045232,0.014045232,0.014045232,0.014045232,0.014045232,0.014045232,0.014045232,0.014045232,0.014045232,0.014045232,0.014045232,0.014045232,0.014045232,0.014045232,0.014045232,0.014045232,0.014045232,0.014045232,0.014045232,0.014045232,0.014045232,0.014045232,0.014045232,0.014045232,0.014045232,0.014045232,0.014045232,0.014045232,0.014045232,0.014045232,0.014045232,0.014045232,0.014045232,0.014045232,0.014045232,0.014045232,0.014045232,0.014045232,0.014045232,0.014045232,0.014045232,0.014045232,0.014045232,0.014045232,0.014045232,0.014045232,0.014045232,0.014045232,0.014045232,0.014045232,0.014045232,0.014045232,0.014045232,0.014045232,0.014045232,0.014045232,0.014045232,0.014045232,0.014045232,0.014045232,0.014045232,0.014045232,0.014045232,0.014045232,0.014045232,0.015394073,0.011463577,0.012403687,0.03265556
